Kinase pair (UniprotID1 - UniprotID2)	# shared KIs	PocketVec distance
O00311-O00444	0	0.1496
O00311-O14578	0	0.1954
O00311-O14757	0	0.1571
O00311-O14965	0	0.1667
O00311-O14976	0	0.1708
O00311-O60285	1	0.1773
O00311-O75116	0	0.1796
O00311-O76039	0	0.1786
O00311-O94806	0	0.1944
O00311-O95835	0	0.1692
O00311-O96013	0	0.1501
O00311-P05771	0	0.1646
O00311-P15735	0	0.1694
O00311-P17252	0	0.175
O00311-P17612	0	0.1722
O00311-P19784	0	0.1492
O00311-P22694	0	0.1799
O00311-P23443	0	0.1561
O00311-P30291	0	0.1824
O00311-P36507	0	0.1884
O00311-P36896	0	0.1732
O00311-P36897	0	0.1622
O00311-P45983	0	0.1794
O00311-P45984	0	0.1403
O00311-P48729	0	0.155
O00311-P48730	0	0.1694
O00311-P49137	0	0.1538
O00311-P49674	0	0.1839
O00311-P49759	0	0.1692
O00311-P49760	0	0.1639
O00311-P49840	0	0.1603
O00311-P49841	0	0.1617
O00311-P50613	0	0.1245
O00311-P50750	0	0.1603
O00311-P51817	0	0.1724
O00311-P54646	1	0.1878
O00311-P68400	0	0.1567
O00311-Q00536	0	0.1393
O00311-Q02750	0	0.161
O00311-Q04759	0	0.1787
O00311-Q05655	0	0.1895
O00311-Q13043	1	0.1651
O00311-Q13163	0	0.1887
O00311-Q13188	1	0.1644
O00311-Q13464	0	0.1621
O00311-Q13705	0	0.1745
O00311-Q13873	0	0.1527
O00311-Q13976	0	0.168
O00311-Q15759	0	0.1748
O00311-Q16512	0	0.1652
O00311-Q16539	0	0.1514
O00311-Q2M2I8	0	0.1576
O00311-Q5VT25	0	0.1967
O00311-Q6DT37	0	0.1732
O00311-Q6P5Z2	0	0.1543
O00311-Q6PHR2	0	0.165
O00311-Q7L7X3	0	0.1722
O00311-Q8NEV1	0	0.1573
O00311-Q8TD19	0	0.1583
O00311-Q96GD4	0	0.1705
O00311-Q9H093	1	0.1625
O00311-Q9H0K1	0	0.1763
O00311-Q9HAZ1	0	0.1717
O00311-Q9NQU5	0	0.1603
O00311-Q9NSY1	1	0.1576
O00311-Q9UBE8	0	0.2001
O00311-Q9UK32	0	0.1578
O00311-Q9UPZ9	0	0.187
O00311-Q9Y572	0	0.1705
O00311-Q9Y5S2	0	0.1795
O00311-Q9Y616	0	0.1555
O00311-Q9Y6E0	1	0.184
O00444-O14578	0	0.1779
O00444-O14757	0	0.1629
O00444-O14965	2	0.1572
O00444-O14976	0	0.1891
O00444-O60285	0	0.1634
O00444-O75116	0	0.1586
O00444-O76039	0	0.1432
O00444-O94806	0	0.2079
O00444-O95835	0	0.1798
O00444-O96013	0	0.174
O00444-P05771	0	0.1646
O00444-P15735	0	0.1678
O00444-P17252	0	0.1641
O00444-P17612	0	0.1858
O00444-P19784	1	0.158
O00444-P22694	0	0.1812
O00444-P23443	0	0.1545
O00444-P30291	1	0.1802
O00444-P36507	0	0.1997
O00444-P36896	0	0.1828
O00444-P36897	0	0.1744
O00444-P45983	0	0.1769
O00444-P45984	0	0.1652
O00444-P48729	0	0.1558
O00444-P48730	0	0.1719
O00444-P49137	0	0.1385
O00444-P49674	0	0.1733
O00444-P49759	0	0.1712
O00444-P49760	0	0.1365
O00444-P49840	0	0.1584
O00444-P49841	0	0.1431
O00444-P50613	0	0.157
O00444-P50750	0	0.1714
O00444-P51817	0	0.167
O00444-P54646	0	0.1607
O00444-P68400	0	0.134
O00444-Q00536	0	0.1567
O00444-Q02750	0	0.162
O00444-Q04759	0	0.152
O00444-Q05655	0	0.1889
O00444-Q13043	0	0.1599
O00444-Q13163	0	0.2208
O00444-Q13188	0	0.1603
O00444-Q13464	0	0.1726
O00444-Q13705	0	0.1806
O00444-Q13873	0	0.155
O00444-Q13976	0	0.1474
O00444-Q15759	0	0.1748
O00444-Q16512	0	0.147
O00444-Q16539	0	0.1421
O00444-Q2M2I8	0	0.1625
O00444-Q5VT25	0	0.1862
O00444-Q6DT37	0	0.1985
O00444-Q6P5Z2	0	0.1772
O00444-Q6PHR2	0	0.1706
O00444-Q7L7X3	0	0.181
O00444-Q8NEV1	0	0.1696
O00444-Q8TD19	0	0.1548
O00444-Q96GD4	1	0.1899
O00444-Q9H093	0	0.1889
O00444-Q9H0K1	0	0.1704
O00444-Q9HAZ1	0	0.132
O00444-Q9NQU5	0	0.1736
O00444-Q9NSY1	0	0.1505
O00444-Q9UBE8	0	0.2069
O00444-Q9UK32	0	0.166
O00444-Q9UPZ9	0	0.1743
O00444-Q9Y572	0	0.1692
O00444-Q9Y5S2	0	0.1806
O00444-Q9Y616	2	0.1535
O00444-Q9Y6E0	0	0.1848
O14578-O14757	0	0.1538
O14578-O14965	0	0.1841
O14578-O14976	0	0.1648
O14578-O60285	0	0.1902
O14578-O75116	0	0.1749
O14578-O76039	0	0.1686
O14578-O94806	0	0.2269
O14578-O95835	1	0.2096
O14578-O96013	0	0.1766
O14578-P05771	0	0.17
O14578-P15735	0	0.1541
O14578-P17252	0	0.1867
O14578-P17612	0	0.1561
O14578-P19784	0	0.1602
O14578-P22694	0	0.2048
O14578-P23443	0	0.1853
O14578-P30291	0	0.1838
O14578-P36507	0	0.1943
O14578-P36896	0	0.1621
O14578-P36897	0	0.1718
O14578-P45983	0	0.2045
O14578-P45984	0	0.1478
O14578-P48729	0	0.1461
O14578-P48730	0	0.1474
O14578-P49137	0	0.1706
O14578-P49674	0	0.1406
O14578-P49759	0	0.1645
O14578-P49760	0	0.1866
O14578-P49840	0	0.2144
O14578-P49841	0	0.1764
O14578-P50613	0	0.1922
O14578-P50750	0	0.1683
O14578-P51817	0	0.2157
O14578-P54646	0	0.1656
O14578-P68400	0	0.1589
O14578-Q00536	0	0.1812
O14578-Q02750	0	0.1981
O14578-Q04759	0	0.1912
O14578-Q05655	0	0.26
O14578-Q13043	0	0.1743
O14578-Q13163	0	0.2375
O14578-Q13188	0	0.1579
O14578-Q13464	0	0.1603
O14578-Q13705	0	0.2346
O14578-Q13873	0	0.1978
O14578-Q13976	1	0.171
O14578-Q15759	0	0.1877
O14578-Q16512	0	0.1786
O14578-Q16539	0	0.2035
O14578-Q2M2I8	0	0.1655
O14578-Q5VT25	0	0.2075
O14578-Q6DT37	0	0.1868
O14578-Q6P5Z2	1	0.1832
O14578-Q6PHR2	0	0.1862
O14578-Q7L7X3	0	0.2451
O14578-Q8NEV1	0	0.167
O14578-Q8TD19	0	0.156
O14578-Q96GD4	0	0.1734
O14578-Q9H093	0	0.2356
O14578-Q9H0K1	0	0.2205
O14578-Q9HAZ1	0	0.1705
O14578-Q9NQU5	0	0.1964
O14578-Q9NSY1	0	0.1829
O14578-Q9UBE8	0	0.2204
O14578-Q9UK32	0	0.1746
O14578-Q9UPZ9	0	0.1993
O14578-Q9Y572	0	0.1927
O14578-Q9Y5S2	0	0.1531
O14578-Q9Y616	0	0.1738
O14578-Q9Y6E0	0	0.1559
O14757-O14965	0	0.1547
O14757-O14976	0	0.1567
O14757-O60285	1	0.1788
O14757-O75116	1	0.1418
O14757-O76039	0	0.1748
O14757-O94806	0	0.209
O14757-O95835	0	0.1885
O14757-O96013	0	0.1596
O14757-P05771	0	0.1892
O14757-P15735	0	0.1431
O14757-P17252	0	0.1559
O14757-P17612	1	0.1539
O14757-P19784	0	0.1474
O14757-P22694	1	0.1873
O14757-P23443	0	0.1451
O14757-P30291	0	0.1435
O14757-P36507	0	0.1827
O14757-P36896	0	0.1883
O14757-P36897	0	0.1671
O14757-P45983	0	0.1834
O14757-P45984	0	0.1406
O14757-P48729	0	0.1756
O14757-P48730	0	0.1838
O14757-P49137	0	0.1334
O14757-P49674	0	0.184
O14757-P49759	0	0.1403
O14757-P49760	0	0.1596
O14757-P49840	0	0.1731
O14757-P49841	0	0.178
O14757-P50613	0	0.1761
O14757-P50750	0	0.1625
O14757-P51817	0	0.1688
O14757-P54646	0	0.1522
O14757-P68400	0	0.1513
O14757-Q00536	0	0.1796
O14757-Q02750	0	0.1675
O14757-Q04759	0	0.1623
O14757-Q05655	1	0.2239
O14757-Q13043	0	0.1458
O14757-Q13163	0	0.1914
O14757-Q13188	0	0.1458
O14757-Q13464	1	0.1678
O14757-Q13705	0	0.175
O14757-Q13873	0	0.1899
O14757-Q13976	1	0.1562
O14757-Q15759	0	0.1802
O14757-Q16512	0	0.1525
O14757-Q16539	0	0.1495
O14757-Q2M2I8	0	0.1386
O14757-Q5VT25	0	0.2053
O14757-Q6DT37	0	0.1561
O14757-Q6P5Z2	0	0.1751
O14757-Q6PHR2	0	0.1561
O14757-Q7L7X3	0	0.209
O14757-Q8NEV1	0	0.1305
O14757-Q8TD19	0	0.1597
O14757-Q96GD4	0	0.1501
O14757-Q9H093	0	0.1605
O14757-Q9H0K1	0	0.183
O14757-Q9HAZ1	0	0.1561
O14757-Q9NQU5	0	0.1758
O14757-Q9NSY1	0	0.1591
O14757-Q9UBE8	0	0.1723
O14757-Q9UK32	0	0.1405
O14757-Q9UPZ9	0	0.1769
O14757-Q9Y572	0	0.1684
O14757-Q9Y5S2	0	0.174
O14757-Q9Y616	0	0.1855
O14757-Q9Y6E0	0	0.1805
O14965-O14976	0	0.1786
O14965-O60285	1	0.1776
O14965-O75116	0	0.1746
O14965-O76039	0	0.1693
O14965-O94806	0	0.1713
O14965-O95835	0	0.1508
O14965-O96013	0	0.1641
O14965-P05771	0	0.1542
O14965-P15735	0	0.1754
O14965-P17252	0	0.1758
O14965-P17612	0	0.1669
O14965-P19784	2	0.1638
O14965-P22694	0	0.1884
O14965-P23443	0	0.1747
O14965-P30291	2	0.174
O14965-P36507	0	0.1918
O14965-P36896	0	0.1717
O14965-P36897	0	0.1786
O14965-P45983	0	0.1726
O14965-P45984	0	0.1745
O14965-P48729	0	0.168
O14965-P48730	0	0.1805
O14965-P49137	0	0.1649
O14965-P49674	0	0.1686
O14965-P49759	0	0.1677
O14965-P49760	0	0.1715
O14965-P49840	0	0.167
O14965-P49841	0	0.1811
O14965-P50613	0	0.1656
O14965-P50750	0	0.1743
O14965-P51817	0	0.1701
O14965-P54646	1	0.177
O14965-P68400	1	0.1566
O14965-Q00536	0	0.1846
O14965-Q02750	0	0.1707
O14965-Q04759	0	0.1806
O14965-Q05655	0	0.201
O14965-Q13043	0	0.1516
O14965-Q13163	0	0.1865
O14965-Q13188	0	0.1719
O14965-Q13464	0	0.1559
O14965-Q13705	0	0.177
O14965-Q13873	0	0.151
O14965-Q13976	0	0.1687
O14965-Q15759	0	0.1943
O14965-Q16512	0	0.1589
O14965-Q16539	0	0.1814
O14965-Q2M2I8	0	0.1805
O14965-Q5VT25	0	0.1612
O14965-Q6DT37	0	0.1656
O14965-Q6P5Z2	0	0.1769
O14965-Q6PHR2	1	0.1717
O14965-Q7L7X3	0	0.1769
O14965-Q8NEV1	1	0.1788
O14965-Q8TD19	0	0.1666
O14965-Q96GD4	2	0.1754
O14965-Q9H093	0	0.1579
O14965-Q9H0K1	1	0.1736
O14965-Q9HAZ1	0	0.1705
O14965-Q9NQU5	0	0.1785
O14965-Q9NSY1	0	0.1844
O14965-Q9UBE8	0	0.1592
O14965-Q9UK32	0	0.1611
O14965-Q9UPZ9	0	0.1744
O14965-Q9Y572	0	0.1943
O14965-Q9Y5S2	0	0.18
O14965-Q9Y616	2	0.1712
O14965-Q9Y6E0	0	0.1362
O14976-O60285	0	0.1802
O14976-O75116	1	0.1743
O14976-O76039	0	0.1484
O14976-O94806	0	0.219
O14976-O95835	0	0.2077
O14976-O96013	0	0.1491
O14976-P05771	0	0.1577
O14976-P15735	0	0.16
O14976-P17252	0	0.151
O14976-P17612	0	0.1679
O14976-P19784	0	0.1377
O14976-P22694	0	0.2097
O14976-P23443	0	0.1595
O14976-P30291	0	0.1359
O14976-P36507	0	0.1768
O14976-P36896	0	0.1832
O14976-P36897	0	0.1378
O14976-P45983	0	0.1854
O14976-P45984	0	0.1619
O14976-P48729	0	0.1669
O14976-P48730	0	0.1461
O14976-P49137	0	0.1575
O14976-P49674	0	0.1529
O14976-P49759	0	0.142
O14976-P49760	0	0.1607
O14976-P49840	0	0.1981
O14976-P49841	0	0.177
O14976-P50613	1	0.1979
O14976-P50750	0	0.1604
O14976-P51817	0	0.191
O14976-P54646	0	0.1619
O14976-P68400	0	0.1439
O14976-Q00536	0	0.1802
O14976-Q02750	0	0.1954
O14976-Q04759	0	0.1955
O14976-Q05655	0	0.229
O14976-Q13043	0	0.1678
O14976-Q13163	1	0.223
O14976-Q13188	0	0.1758
O14976-Q13464	1	0.1911
O14976-Q13705	1	0.1793
O14976-Q13873	0	0.1854
O14976-Q13976	1	0.1708
O14976-Q15759	0	0.1919
O14976-Q16512	0	0.1623
O14976-Q16539	0	0.1573
O14976-Q2M2I8	0	0.1365
O14976-Q5VT25	0	0.1929
O14976-Q6DT37	0	0.2122
O14976-Q6P5Z2	1	0.2014
O14976-Q6PHR2	0	0.1813
O14976-Q7L7X3	0	0.1784
O14976-Q8NEV1	0	0.129
O14976-Q8TD19	0	0.1433
O14976-Q96GD4	0	0.1698
O14976-Q9H093	0	0.163
O14976-Q9H0K1	0	0.2017
O14976-Q9HAZ1	0	0.1544
O14976-Q9NQU5	0	0.1517
O14976-Q9NSY1	0	0.1514
O14976-Q9UBE8	0	0.1697
O14976-Q9UK32	1	0.1585
O14976-Q9UPZ9	0	0.1897
O14976-Q9Y572	1	0.1783
O14976-Q9Y5S2	0	0.1678
O14976-Q9Y616	0	0.1704
O14976-Q9Y6E0	0	0.1613
O60285-O75116	1	0.1899
O60285-O76039	1	0.1855
O60285-O94806	0	0.184
O60285-O95835	0	0.1962
O60285-O96013	1	0.1912
O60285-P05771	1	0.1678
O60285-P15735	0	0.1769
O60285-P17252	1	0.1519
O60285-P17612	1	0.1886
O60285-P19784	1	0.2088
O60285-P22694	1	0.2033
O60285-P23443	0	0.1857
O60285-P30291	0	0.2157
O60285-P36507	0	0.1995
O60285-P36896	0	0.1926
O60285-P36897	0	0.1979
O60285-P45983	0	0.2028
O60285-P45984	0	0.2016
O60285-P48729	0	0.1856
O60285-P48730	0	0.1812
O60285-P49137	0	0.215
O60285-P49674	0	0.2002
O60285-P49759	0	0.1798
O60285-P49760	0	0.1998
O60285-P49840	0	0.1921
O60285-P49841	0	0.2097
O60285-P50613	0	0.1757
O60285-P50750	1	0.2024
O60285-P51817	0	0.1954
O60285-P54646	1	0.1841
O60285-P68400	1	0.1636
O60285-Q00536	1	0.2025
O60285-Q02750	0	0.1865
O60285-Q04759	0	0.1858
O60285-Q05655	2	0.2272
O60285-Q13043	1	0.1913
O60285-Q13163	0	0.2151
O60285-Q13188	1	0.1888
O60285-Q13464	1	0.1873
O60285-Q13705	0	0.2008
O60285-Q13873	0	0.1777
O60285-Q13976	1	0.1578
O60285-Q15759	0	0.1942
O60285-Q16512	0	0.1843
O60285-Q16539	0	0.1647
O60285-Q2M2I8	0	0.1981
O60285-Q5VT25	0	0.1981
O60285-Q6DT37	0	0.2113
O60285-Q6P5Z2	0	0.1958
O60285-Q6PHR2	0	0.1938
O60285-Q7L7X3	0	0.1408
O60285-Q8NEV1	1	0.2276
O60285-Q8TD19	0	0.1943
O60285-Q96GD4	1	0.1786
O60285-Q9H093	1	0.1419
O60285-Q9H0K1	0	0.1658
O60285-Q9HAZ1	0	0.1896
O60285-Q9NQU5	0	0.1912
O60285-Q9NSY1	1	0.1883
O60285-Q9UBE8	0	0.1949
O60285-Q9UK32	0	0.1962
O60285-Q9UPZ9	0	0.2175
O60285-Q9Y572	0	0.2014
O60285-Q9Y5S2	0	0.1992
O60285-Q9Y616	0	0.173
O60285-Q9Y6E0	1	0.2032
O75116-O76039	0	0.1543
O75116-O94806	0	0.2142
O75116-O95835	0	0.1652
O75116-O96013	0	0.1716
O75116-P05771	0	0.1218
O75116-P15735	0	0.1829
O75116-P17252	0	0.1371
O75116-P17612	4	0.1356
O75116-P19784	0	0.1835
O75116-P22694	3	0.1758
O75116-P23443	0	0.158
O75116-P30291	0	0.203
O75116-P36507	0	0.189
O75116-P36896	0	0.1935
O75116-P36897	0	0.1803
O75116-P45983	0	0.1964
O75116-P45984	0	0.178
O75116-P48729	0	0.1731
O75116-P48730	0	0.1858
O75116-P49137	0	0.1906
O75116-P49674	0	0.1846
O75116-P49759	0	0.1695
O75116-P49760	0	0.1921
O75116-P49840	0	0.1899
O75116-P49841	0	0.1846
O75116-P50613	1	0.1863
O75116-P50750	0	0.1361
O75116-P51817	2	0.1506
O75116-P54646	0	0.1817
O75116-P68400	0	0.1707
O75116-Q00536	0	0.1781
O75116-Q02750	0	0.1882
O75116-Q04759	1	0.1816
O75116-Q05655	2	0.2271
O75116-Q13043	0	0.1984
O75116-Q13163	0	0.2361
O75116-Q13188	0	0.1758
O75116-Q13464	9	0.0959
O75116-Q13705	0	0.1954
O75116-Q13873	0	0.1601
O75116-Q13976	5	0.1372
O75116-Q15759	0	0.1986
O75116-Q16512	0	0.1616
O75116-Q16539	0	0.1815
O75116-Q2M2I8	0	0.1735
O75116-Q5VT25	2	0.148
O75116-Q6DT37	3	0.1619
O75116-Q6P5Z2	0	0.174
O75116-Q6PHR2	0	0.1756
O75116-Q7L7X3	0	0.1954
O75116-Q8NEV1	0	0.1758
O75116-Q8TD19	0	0.1764
O75116-Q96GD4	0	0.1851
O75116-Q9H093	0	0.1885
O75116-Q9H0K1	0	0.1879
O75116-Q9HAZ1	0	0.1865
O75116-Q9NQU5	0	0.1774
O75116-Q9NSY1	0	0.1869
O75116-Q9UBE8	0	0.1801
O75116-Q9UK32	1	0.1799
O75116-Q9UPZ9	0	0.189
O75116-Q9Y572	0	0.2026
O75116-Q9Y5S2	3	0.1528
O75116-Q9Y616	0	0.201
O75116-Q9Y6E0	0	0.191
O76039-O94806	0	0.2076
O76039-O95835	0	0.185
O76039-O96013	0	0.1756
O76039-P05771	0	0.168
O76039-P15735	0	0.1595
O76039-P17252	0	0.1743
O76039-P17612	0	0.1634
O76039-P19784	0	0.1375
O76039-P22694	0	0.2199
O76039-P23443	0	0.1706
O76039-P30291	0	0.151
O76039-P36507	0	0.1567
O76039-P36896	0	0.1654
O76039-P36897	0	0.1312
O76039-P45983	0	0.1655
O76039-P45984	0	0.1617
O76039-P48729	0	0.1622
O76039-P48730	0	0.1746
O76039-P49137	0	0.168
O76039-P49674	0	0.1421
O76039-P49759	2	0.1485
O76039-P49760	0	0.1609
O76039-P49840	3	0.1465
O76039-P49841	3	0.1516
O76039-P50613	0	0.1689
O76039-P50750	1	0.1389
O76039-P51817	0	0.1719
O76039-P54646	0	0.1745
O76039-P68400	0	0.1427
O76039-Q00536	1	0.154
O76039-Q02750	0	0.1857
O76039-Q04759	0	0.1678
O76039-Q05655	0	0.1955
O76039-Q13043	0	0.1702
O76039-Q13163	0	0.1946
O76039-Q13188	0	0.1775
O76039-Q13464	0	0.1744
O76039-Q13705	0	0.1578
O76039-Q13873	0	0.1653
O76039-Q13976	0	0.1558
O76039-Q15759	0	0.1896
O76039-Q16512	0	0.1766
O76039-Q16539	0	0.1491
O76039-Q2M2I8	0	0.1621
O76039-Q5VT25	0	0.209
O76039-Q6DT37	0	0.1889
O76039-Q6P5Z2	0	0.1784
O76039-Q6PHR2	0	0.1805
O76039-Q7L7X3	0	0.2036
O76039-Q8NEV1	0	0.1657
O76039-Q8TD19	0	0.1558
O76039-Q96GD4	0	0.2008
O76039-Q9H093	0	0.1967
O76039-Q9H0K1	0	0.1956
O76039-Q9HAZ1	1	0.1585
O76039-Q9NQU5	0	0.1818
O76039-Q9NSY1	1	0.1743
O76039-Q9UBE8	0	0.2174
O76039-Q9UK32	0	0.1592
O76039-Q9UPZ9	1	0.1521
O76039-Q9Y572	0	0.1873
O76039-Q9Y5S2	0	0.1637
O76039-Q9Y616	0	0.1594
O76039-Q9Y6E0	0	0.1768
O94806-O95835	0	0.2247
O94806-O96013	0	0.2074
O94806-P05771	0	0.1883
O94806-P15735	0	0.1764
O94806-P17252	0	0.2101
O94806-P17612	0	0.2294
O94806-P19784	0	0.2033
O94806-P22694	0	0.1891
O94806-P23443	0	0.1852
O94806-P30291	0	0.2095
O94806-P36507	0	0.2159
O94806-P36896	2	0.1838
O94806-P36897	2	0.1967
O94806-P45983	0	0.1715
O94806-P45984	0	0.221
O94806-P48729	0	0.1563
O94806-P48730	0	0.1576
O94806-P49137	0	0.1988
O94806-P49674	0	0.1867
O94806-P49759	0	0.1644
O94806-P49760	0	0.2225
O94806-P49840	0	0.2192
O94806-P49841	0	0.199
O94806-P50613	0	0.1884
O94806-P50750	0	0.1894
O94806-P51817	0	0.2194
O94806-P54646	0	0.2399
O94806-P68400	0	0.1828
O94806-Q00536	0	0.191
O94806-Q02750	0	0.1996
O94806-Q04759	0	0.1944
O94806-Q05655	0	0.1782
O94806-Q13043	0	0.1688
O94806-Q13163	0	0.158
O94806-Q13188	0	0.1964
O94806-Q13464	0	0.1951
O94806-Q13705	0	0.1851
O94806-Q13873	0	0.1908
O94806-Q13976	0	0.1773
O94806-Q15759	0	0.2028
O94806-Q16512	0	0.2121
O94806-Q16539	0	0.2035
O94806-Q2M2I8	0	0.1676
O94806-Q5VT25	0	0.2142
O94806-Q6DT37	0	0.1972
O94806-Q6P5Z2	0	0.1996
O94806-Q6PHR2	0	0.1855
O94806-Q7L7X3	0	0.1712
O94806-Q8NEV1	0	0.2209
O94806-Q8TD19	0	0.1988
O94806-Q96GD4	0	0.2151
O94806-Q9H093	0	0.2032
O94806-Q9H0K1	0	0.1838
O94806-Q9HAZ1	0	0.1869
O94806-Q9NQU5	0	0.1779
O94806-Q9NSY1	0	0.1714
O94806-Q9UBE8	0	0.2006
O94806-Q9UK32	0	0.1666
O94806-Q9UPZ9	0	0.2304
O94806-Q9Y572	0	0.2009
O94806-Q9Y5S2	0	0.1884
O94806-Q9Y616	0	0.1753
O94806-Q9Y6E0	0	0.1957
O95835-O96013	0	0.1546
O95835-P05771	0	0.1572
O95835-P15735	0	0.2022
O95835-P17252	0	0.1565
O95835-P17612	0	0.1464
O95835-P19784	0	0.1719
O95835-P22694	0	0.1538
O95835-P23443	0	0.1256
O95835-P30291	0	0.2045
O95835-P36507	0	0.2068
O95835-P36896	0	0.2066
O95835-P36897	0	0.2021
O95835-P45983	0	0.1904
O95835-P45984	0	0.2046
O95835-P48729	0	0.1801
O95835-P48730	0	0.1845
O95835-P49137	0	0.1919
O95835-P49674	0	0.162
O95835-P49759	0	0.1669
O95835-P49760	0	0.204
O95835-P49840	0	0.1752
O95835-P49841	0	0.1716
O95835-P50613	0	0.1614
O95835-P50750	0	0.155
O95835-P51817	0	0.1727
O95835-P54646	0	0.2007
O95835-P68400	0	0.185
O95835-Q00536	0	0.1794
O95835-Q02750	0	0.1585
O95835-Q04759	0	0.162
O95835-Q05655	0	0.2359
O95835-Q13043	0	0.1702
O95835-Q13163	0	0.2175
O95835-Q13188	0	0.1803
O95835-Q13464	0	0.1644
O95835-Q13705	0	0.1958
O95835-Q13873	0	0.1906
O95835-Q13976	1	0.1374
O95835-Q15759	0	0.1788
O95835-Q16512	0	0.2009
O95835-Q16539	0	0.1861
O95835-Q2M2I8	0	0.1964
O95835-Q5VT25	0	0.1818
O95835-Q6DT37	0	0.1489
O95835-Q6P5Z2	1	0.1654
O95835-Q6PHR2	0	0.1462
O95835-Q7L7X3	0	0.1928
O95835-Q8NEV1	0	0.1976
O95835-Q8TD19	0	0.2068
O95835-Q96GD4	0	0.1826
O95835-Q9H093	0	0.1406
O95835-Q9H0K1	0	0.1852
O95835-Q9HAZ1	0	0.1972
O95835-Q9NQU5	0	0.1912
O95835-Q9NSY1	0	0.1977
O95835-Q9UBE8	0	0.1962
O95835-Q9UK32	0	0.1322
O95835-Q9UPZ9	0	0.1457
O95835-Q9Y572	0	0.1834
O95835-Q9Y5S2	0	0.1713
O95835-Q9Y616	0	0.1554
O95835-Q9Y6E0	0	0.1947
O96013-P05771	0	0.1965
O96013-P15735	0	0.1845
O96013-P17252	0	0.1775
O96013-P17612	0	0.1593
O96013-P19784	0	0.1801
O96013-P22694	0	0.1744
O96013-P23443	0	0.1725
O96013-P30291	0	0.1543
O96013-P36507	0	0.1705
O96013-P36896	0	0.195
O96013-P36897	0	0.1433
O96013-P45983	0	0.1686
O96013-P45984	0	0.1476
O96013-P48729	0	0.1632
O96013-P48730	0	0.1759
O96013-P49137	0	0.1734
O96013-P49674	0	0.1596
O96013-P49759	0	0.1636
O96013-P49760	0	0.1782
O96013-P49840	1	0.2027
O96013-P49841	0	0.1672
O96013-P50613	0	0.1774
O96013-P50750	0	0.1852
O96013-P51817	1	0.186
O96013-P54646	0	0.1534
O96013-P68400	0	0.155
O96013-Q00536	0	0.1754
O96013-Q02750	0	0.1804
O96013-Q04759	0	0.171
O96013-Q05655	0	0.2085
O96013-Q13043	0	0.1698
O96013-Q13163	0	0.2265
O96013-Q13188	0	0.1542
O96013-Q13464	0	0.1685
O96013-Q13705	0	0.1875
O96013-Q13873	0	0.1915
O96013-Q13976	1	0.1514
O96013-Q15759	0	0.1851
O96013-Q16512	1	0.166
O96013-Q16539	0	0.1556
O96013-Q2M2I8	0	0.1372
O96013-Q5VT25	0	0.2073
O96013-Q6DT37	0	0.1432
O96013-Q6P5Z2	1	0.1788
O96013-Q6PHR2	0	0.1575
O96013-Q7L7X3	0	0.2215
O96013-Q8NEV1	0	0.174
O96013-Q8TD19	0	0.1721
O96013-Q96GD4	0	0.1368
O96013-Q9H093	0	0.1959
O96013-Q9H0K1	0	0.2183
O96013-Q9HAZ1	0	0.1813
O96013-Q9NQU5	1	0.0923
O96013-Q9NSY1	0	0.1598
O96013-Q9UBE8	0	0.1899
O96013-Q9UK32	0	0.1529
O96013-Q9UPZ9	0	0.2175
O96013-Q9Y572	0	0.1838
O96013-Q9Y5S2	0	0.1599
O96013-Q9Y616	0	0.1802
O96013-Q9Y6E0	0	0.1791
P05771-P15735	0	0.1602
P05771-P17252	3	0.071
P05771-P17612	0	0.1527
P05771-P19784	0	0.1488
P05771-P22694	0	0.1276
P05771-P23443	0	0.1626
P05771-P30291	0	0.1626
P05771-P36507	0	0.1737
P05771-P36896	0	0.1611
P05771-P36897	0	0.1794
P05771-P45983	0	0.1655
P05771-P45984	0	0.177
P05771-P48729	0	0.1775
P05771-P48730	0	0.1724
P05771-P49137	0	0.1798
P05771-P49674	0	0.1614
P05771-P49759	0	0.1402
P05771-P49760	0	0.1522
P05771-P49840	0	0.2112
P05771-P49841	0	0.1722
P05771-P50613	0	0.1717
P05771-P50750	0	0.1745
P05771-P51817	0	0.1845
P05771-P54646	0	0.1732
P05771-P68400	0	0.1633
P05771-Q00536	0	0.2009
P05771-Q02750	0	0.1728
P05771-Q04759	0	0.1406
P05771-Q05655	2	0.1878
P05771-Q13043	0	0.1612
P05771-Q13163	0	0.1894
P05771-Q13188	0	0.183
P05771-Q13464	0	0.1339
P05771-Q13705	0	0.1899
P05771-Q13873	0	0.1678
P05771-Q13976	0	0.12
P05771-Q15759	0	0.1877
P05771-Q16512	0	0.1605
P05771-Q16539	0	0.1711
P05771-Q2M2I8	0	0.1308
P05771-Q5VT25	0	0.1749
P05771-Q6DT37	0	0.1864
P05771-Q6P5Z2	0	0.1763
P05771-Q6PHR2	0	0.1606
P05771-Q7L7X3	0	0.2002
P05771-Q8NEV1	0	0.1639
P05771-Q8TD19	0	0.1404
P05771-Q96GD4	0	0.1824
P05771-Q9H093	0	0.1816
P05771-Q9H0K1	0	0.174
P05771-Q9HAZ1	0	0.1444
P05771-Q9NQU5	0	0.1812
P05771-Q9NSY1	0	0.1789
P05771-Q9UBE8	0	0.2122
P05771-Q9UK32	0	0.15
P05771-Q9UPZ9	0	0.1784
P05771-Q9Y572	0	0.1845
P05771-Q9Y5S2	0	0.155
P05771-Q9Y616	0	0.1841
P05771-Q9Y6E0	0	0.1533
P15735-P17252	0	0.1702
P15735-P17612	0	0.1573
P15735-P19784	0	0.1526
P15735-P22694	0	0.2
P15735-P23443	0	0.158
P15735-P30291	0	0.1658
P15735-P36507	0	0.1514
P15735-P36896	0	0.1795
P15735-P36897	0	0.1692
P15735-P45983	0	0.1882
P15735-P45984	0	0.1573
P15735-P48729	0	0.1457
P15735-P48730	0	0.1694
P15735-P49137	0	0.1293
P15735-P49674	0	0.1627
P15735-P49759	0	0.126
P15735-P49760	0	0.1353
P15735-P49840	0	0.1826
P15735-P49841	0	0.1771
P15735-P50613	0	0.1648
P15735-P50750	0	0.1325
P15735-P51817	0	0.1446
P15735-P54646	0	0.1417
P15735-P68400	0	0.1331
P15735-Q00536	0	0.1581
P15735-Q02750	0	0.1728
P15735-Q04759	0	0.1584
P15735-Q05655	0	0.192
P15735-Q13043	0	0.1398
P15735-Q13163	0	0.1925
P15735-Q13188	0	0.1611
P15735-Q13464	0	0.1722
P15735-Q13705	0	0.1827
P15735-Q13873	0	0.1626
P15735-Q13976	0	0.1775
P15735-Q15759	0	0.1794
P15735-Q16512	0	0.1632
P15735-Q16539	0	0.1299
P15735-Q2M2I8	0	0.1286
P15735-Q5VT25	0	0.1978
P15735-Q6DT37	0	0.1796
P15735-Q6P5Z2	0	0.1603
P15735-Q6PHR2	0	0.1622
P15735-Q7L7X3	0	0.1683
P15735-Q8NEV1	0	0.114
P15735-Q8TD19	0	0.1371
P15735-Q96GD4	0	0.1882
P15735-Q9H093	0	0.1716
P15735-Q9H0K1	0	0.1876
P15735-Q9HAZ1	0	0.121
P15735-Q9NQU5	0	0.1885
P15735-Q9NSY1	0	0.1372
P15735-Q9UBE8	0	0.1902
P15735-Q9UK32	0	0.097
P15735-Q9UPZ9	0	0.1836
P15735-Q9Y572	0	0.181
P15735-Q9Y5S2	0	0.1423
P15735-Q9Y616	0	0.1571
P15735-Q9Y6E0	0	0.1551
P17252-P17612	0	0.1702
P17252-P19784	0	0.1439
P17252-P22694	0	0.1413
P17252-P23443	0	0.1258
P17252-P30291	0	0.1537
P17252-P36507	0	0.1727
P17252-P36896	0	0.1878
P17252-P36897	0	0.146
P17252-P45983	0	0.1833
P17252-P45984	0	0.1844
P17252-P48729	0	0.1816
P17252-P48730	0	0.1787
P17252-P49137	0	0.1676
P17252-P49674	0	0.151
P17252-P49759	0	0.1644
P17252-P49760	0	0.1651
P17252-P49840	0	0.1871
P17252-P49841	0	0.1711
P17252-P50613	0	0.1627
P17252-P50750	0	0.1667
P17252-P51817	0	0.1487
P17252-P54646	0	0.1641
P17252-P68400	0	0.1586
P17252-Q00536	0	0.1751
P17252-Q02750	0	0.1789
P17252-Q04759	0	0.1276
P17252-Q05655	3	0.2243
P17252-Q13043	0	0.1709
P17252-Q13163	0	0.249
P17252-Q13188	0	0.1733
P17252-Q13464	0	0.1309
P17252-Q13705	0	0.1872
P17252-Q13873	0	0.168
P17252-Q13976	0	0.0964
P17252-Q15759	0	0.1936
P17252-Q16512	0	0.1612
P17252-Q16539	0	0.1438
P17252-Q2M2I8	0	0.1571
P17252-Q5VT25	0	0.1812
P17252-Q6DT37	0	0.1851
P17252-Q6P5Z2	0	0.1674
P17252-Q6PHR2	0	0.1521
P17252-Q7L7X3	0	0.2063
P17252-Q8NEV1	0	0.1313
P17252-Q8TD19	0	0.1383
P17252-Q96GD4	0	0.1812
P17252-Q9H093	0	0.1694
P17252-Q9H0K1	0	0.1741
P17252-Q9HAZ1	0	0.1605
P17252-Q9NQU5	0	0.1597
P17252-Q9NSY1	0	0.1727
P17252-Q9UBE8	0	0.2247
P17252-Q9UK32	0	0.1484
P17252-Q9UPZ9	0	0.1464
P17252-Q9Y572	0	0.1636
P17252-Q9Y5S2	0	0.1486
P17252-Q9Y616	0	0.1744
P17252-Q9Y6E0	0	0.1542
P17612-P19784	0	0.1451
P17612-P22694	4	0.1091
P17612-P23443	0	0.1784
P17612-P30291	0	0.175
P17612-P36507	0	0.1669
P17612-P36896	0	0.1876
P17612-P36897	0	0.1774
P17612-P45983	0	0.1823
P17612-P45984	0	0.1723
P17612-P48729	0	0.1893
P17612-P48730	0	0.1874
P17612-P49137	0	0.1629
P17612-P49674	0	0.1872
P17612-P49759	0	0.1433
P17612-P49760	0	0.1724
P17612-P49840	0	0.1941
P17612-P49841	0	0.1943
P17612-P50613	0	0.174
P17612-P50750	0	0.1742
P17612-P51817	1	0.1594
P17612-P54646	0	0.1743
P17612-P68400	0	0.154
P17612-Q00536	0	0.1705
P17612-Q02750	0	0.1848
P17612-Q04759	1	0.1278
P17612-Q05655	3	0.2185
P17612-Q13043	0	0.1606
P17612-Q13163	0	0.255
P17612-Q13188	0	0.1592
P17612-Q13464	4	0.1725
P17612-Q13705	0	0.1666
P17612-Q13873	0	0.1947
P17612-Q13976	6	0.1
P17612-Q15759	0	0.2061
P17612-Q16512	0	0.1482
P17612-Q16539	0	0.1808
P17612-Q2M2I8	0	0.1801
P17612-Q5VT25	1	0.1587
P17612-Q6DT37	4	0.1631
P17612-Q6P5Z2	1	0.1537
P17612-Q6PHR2	0	0.1857
P17612-Q7L7X3	1	0.2212
P17612-Q8NEV1	0	0.1733
P17612-Q8TD19	0	0.1595
P17612-Q96GD4	0	0.1702
P17612-Q9H093	0	0.1746
P17612-Q9H0K1	0	0.2059
P17612-Q9HAZ1	0	0.1782
P17612-Q9NQU5	0	0.1709
P17612-Q9NSY1	0	0.1785
P17612-Q9UBE8	0	0.1872
P17612-Q9UK32	1	0.1466
P17612-Q9UPZ9	0	0.2015
P17612-Q9Y572	0	0.1929
P17612-Q9Y5S2	2	0.1529
P17612-Q9Y616	0	0.1708
P17612-Q9Y6E0	0	0.1806
P19784-P22694	0	0.2038
P19784-P23443	0	0.151
P19784-P30291	2	0.1498
P19784-P36507	0	0.1675
P19784-P36896	0	0.1649
P19784-P36897	0	0.1559
P19784-P45983	0	0.158
P19784-P45984	0	0.1466
P19784-P48729	0	0.1358
P19784-P48730	0	0.1447
P19784-P49137	0	0.1266
P19784-P49674	0	0.1414
P19784-P49759	0	0.1293
P19784-P49760	0	0.1242
P19784-P49840	0	0.1701
P19784-P49841	0	0.1732
P19784-P50613	0	0.1521
P19784-P50750	0	0.1462
P19784-P51817	0	0.1607
P19784-P54646	1	0.1394
P19784-P68400	4	0.0254
P19784-Q00536	0	0.1481
P19784-Q02750	0	0.1833
P19784-Q04759	0	0.1528
P19784-Q05655	0	0.1914
P19784-Q13043	0	0.1435
P19784-Q13163	0	0.2117
P19784-Q13188	0	0.1615
P19784-Q13464	0	0.1745
P19784-Q13705	0	0.1676
P19784-Q13873	0	0.1679
P19784-Q13976	0	0.1515
P19784-Q15759	0	0.2006
P19784-Q16512	0	0.1402
P19784-Q16539	0	0.1557
P19784-Q2M2I8	0	0.1365
P19784-Q5VT25	0	0.1761
P19784-Q6DT37	0	0.1825
P19784-Q6P5Z2	0	0.164
P19784-Q6PHR2	1	0.17
P19784-Q7L7X3	0	0.2032
P19784-Q8NEV1	4	0.0767
P19784-Q8TD19	0	0.115
P19784-Q96GD4	0	0.185
P19784-Q9H093	0	0.186
P19784-Q9H0K1	1	0.19
P19784-Q9HAZ1	0	0.1411
P19784-Q9NQU5	0	0.1573
P19784-Q9NSY1	0	0.1348
P19784-Q9UBE8	0	0.2033
P19784-Q9UK32	0	0.1435
P19784-Q9UPZ9	0	0.1762
P19784-Q9Y572	0	0.1482
P19784-Q9Y5S2	0	0.1517
P19784-Q9Y616	1	0.1667
P19784-Q9Y6E0	0	0.1744
P22694-P23443	0	0.1814
P22694-P30291	0	0.2171
P22694-P36507	0	0.1785
P22694-P36896	0	0.2342
P22694-P36897	0	0.2136
P22694-P45983	0	0.186
P22694-P45984	0	0.1993
P22694-P48729	0	0.1686
P22694-P48730	0	0.1981
P22694-P49137	0	0.1974
P22694-P49674	0	0.1779
P22694-P49759	0	0.1893
P22694-P49760	0	0.22
P22694-P49840	0	0.2184
P22694-P49841	0	0.1914
P22694-P50613	0	0.1838
P22694-P50750	0	0.1828
P22694-P51817	0	0.1953
P22694-P54646	0	0.1808
P22694-P68400	0	0.1885
P22694-Q00536	0	0.1753
P22694-Q02750	0	0.2023
P22694-Q04759	1	0.1723
P22694-Q05655	3	0.1856
P22694-Q13043	0	0.1732
P22694-Q13163	0	0.2074
P22694-Q13188	0	0.1597
P22694-Q13464	3	0.1976
P22694-Q13705	0	0.1867
P22694-Q13873	0	0.2167
P22694-Q13976	3	0.1393
P22694-Q15759	0	0.1848
P22694-Q16512	0	0.1962
P22694-Q16539	0	0.1979
P22694-Q2M2I8	0	0.2007
P22694-Q5VT25	0	0.1833
P22694-Q6DT37	2	0.1757
P22694-Q6P5Z2	0	0.1872
P22694-Q6PHR2	0	0.1857
P22694-Q7L7X3	1	0.2175
P22694-Q8NEV1	0	0.206
P22694-Q8TD19	0	0.2086
P22694-Q96GD4	0	0.192
P22694-Q9H093	0	0.1922
P22694-Q9H0K1	0	0.1839
P22694-Q9HAZ1	0	0.1737
P22694-Q9NQU5	0	0.1873
P22694-Q9NSY1	0	0.2143
P22694-Q9UBE8	0	0.2156
P22694-Q9UK32	1	0.1643
P22694-Q9UPZ9	0	0.2191
P22694-Q9Y572	0	0.1968
P22694-Q9Y5S2	1	0.1858
P22694-Q9Y616	0	0.1968
P22694-Q9Y6E0	0	0.2015
P23443-P30291	0	0.1551
P23443-P36507	0	0.1798
P23443-P36896	0	0.1705
P23443-P36897	0	0.1515
P23443-P45983	0	0.1747
P23443-P45984	0	0.1553
P23443-P48729	0	0.1562
P23443-P48730	0	0.1534
P23443-P49137	0	0.1582
P23443-P49674	0	0.1728
P23443-P49759	0	0.1602
P23443-P49760	0	0.1262
P23443-P49840	0	0.1653
P23443-P49841	0	0.1656
P23443-P50613	0	0.1675
P23443-P50750	0	0.1524
P23443-P51817	0	0.1708
P23443-P54646	0	0.1622
P23443-P68400	0	0.152
P23443-Q00536	0	0.1428
P23443-Q02750	0	0.1634
P23443-Q04759	0	0.157
P23443-Q05655	0	0.191
P23443-Q13043	0	0.1655
P23443-Q13163	0	0.2126
P23443-Q13188	0	0.1912
P23443-Q13464	0	0.1536
P23443-Q13705	0	0.1803
P23443-Q13873	0	0.1994
P23443-Q13976	0	0.1209
P23443-Q15759	0	0.1989
P23443-Q16512	0	0.1425
P23443-Q16539	0	0.1325
P23443-Q2M2I8	0	0.1515
P23443-Q5VT25	0	0.1804
P23443-Q6DT37	0	0.1512
P23443-Q6P5Z2	0	0.1775
P23443-Q6PHR2	0	0.1649
P23443-Q7L7X3	0	0.1635
P23443-Q8NEV1	0	0.1287
P23443-Q8TD19	0	0.1454
P23443-Q96GD4	0	0.1876
P23443-Q9H093	0	0.1703
P23443-Q9H0K1	0	0.16
P23443-Q9HAZ1	0	0.1684
P23443-Q9NQU5	0	0.1713
P23443-Q9NSY1	0	0.1635
P23443-Q9UBE8	0	0.2143
P23443-Q9UK32	0	0.1483
P23443-Q9UPZ9	0	0.1731
P23443-Q9Y572	0	0.1949
P23443-Q9Y5S2	0	0.1761
P23443-Q9Y616	0	0.1749
P23443-Q9Y6E0	0	0.1673
P30291-P36507	0	0.1809
P30291-P36896	0	0.1565
P30291-P36897	0	0.1672
P30291-P45983	0	0.1744
P30291-P45984	0	0.1469
P30291-P48729	0	0.1589
P30291-P48730	0	0.1506
P30291-P49137	0	0.1288
P30291-P49674	0	0.1747
P30291-P49759	0	0.1467
P30291-P49760	0	0.1614
P30291-P49840	0	0.19
P30291-P49841	0	0.1753
P30291-P50613	0	0.1656
P30291-P50750	0	0.1614
P30291-P51817	0	0.2086
P30291-P54646	1	0.1568
P30291-P68400	1	0.1368
P30291-Q00536	0	0.1662
P30291-Q02750	0	0.1704
P30291-Q04759	0	0.1461
P30291-Q05655	0	0.2076
P30291-Q13043	0	0.1729
P30291-Q13163	0	0.2238
P30291-Q13188	0	0.1492
P30291-Q13464	0	0.1759
P30291-Q13705	0	0.1762
P30291-Q13873	0	0.1867
P30291-Q13976	0	0.194
P30291-Q15759	0	0.1986
P30291-Q16512	0	0.1781
P30291-Q16539	0	0.1522
P30291-Q2M2I8	0	0.1419
P30291-Q5VT25	0	0.1871
P30291-Q6DT37	0	0.1886
P30291-Q6P5Z2	0	0.1793
P30291-Q6PHR2	1	0.1676
P30291-Q7L7X3	0	0.2074
P30291-Q8NEV1	1	0.121
P30291-Q8TD19	0	0.1491
P30291-Q96GD4	0	0.1596
P30291-Q9H093	0	0.2028
P30291-Q9H0K1	1	0.1922
P30291-Q9HAZ1	0	0.1601
P30291-Q9NQU5	0	0.1744
P30291-Q9NSY1	0	0.1456
P30291-Q9UBE8	0	0.2219
P30291-Q9UK32	0	0.1599
P30291-Q9UPZ9	0	0.1814
P30291-Q9Y572	0	0.1837
P30291-Q9Y5S2	0	0.1642
P30291-Q9Y616	1	0.1811
P30291-Q9Y6E0	0	0.1822
P36507-P36896	0	0.1698
P36507-P36897	0	0.1638
P36507-P45983	0	0.1702
P36507-P45984	0	0.1486
P36507-P48729	0	0.1854
P36507-P48730	0	0.1812
P36507-P49137	0	0.1843
P36507-P49674	0	0.1921
P36507-P49759	0	0.1791
P36507-P49760	0	0.1754
P36507-P49840	0	0.2125
P36507-P49841	0	0.17
P36507-P50613	0	0.1635
P36507-P50750	0	0.1713
P36507-P51817	0	0.2055
P36507-P54646	0	0.1763
P36507-P68400	0	0.1617
P36507-Q00536	0	0.1615
P36507-Q02750	2	0.0818
P36507-Q04759	0	0.2026
P36507-Q05655	0	0.2181
P36507-Q13043	0	0.1788
P36507-Q13163	0	0.1943
P36507-Q13188	0	0.1698
P36507-Q13464	0	0.1697
P36507-Q13705	0	0.1617
P36507-Q13873	0	0.1685
P36507-Q13976	0	0.1736
P36507-Q15759	0	0.1731
P36507-Q16512	0	0.1546
P36507-Q16539	0	0.1333
P36507-Q2M2I8	0	0.1663
P36507-Q5VT25	0	0.2089
P36507-Q6DT37	0	0.1813
P36507-Q6P5Z2	0	0.1871
P36507-Q6PHR2	0	0.1798
P36507-Q7L7X3	0	0.2305
P36507-Q8NEV1	0	0.1644
P36507-Q8TD19	0	0.1754
P36507-Q96GD4	0	0.1872
P36507-Q9H093	0	0.1843
P36507-Q9H0K1	0	0.195
P36507-Q9HAZ1	0	0.1754
P36507-Q9NQU5	0	0.1963
P36507-Q9NSY1	0	0.1756
P36507-Q9UBE8	0	0.2074
P36507-Q9UK32	0	0.1741
P36507-Q9UPZ9	0	0.1891
P36507-Q9Y572	0	0.1803
P36507-Q9Y5S2	0	0.1699
P36507-Q9Y616	0	0.1886
P36507-Q9Y6E0	0	0.1782
P36896-P36897	10	0.1402
P36896-P45983	0	0.1787
P36896-P45984	0	0.1809
P36896-P48729	0	0.1683
P36896-P48730	1	0.165
P36896-P49137	1	0.1732
P36896-P49674	0	0.1739
P36896-P49759	0	0.1587
P36896-P49760	0	0.161
P36896-P49840	0	0.2062
P36896-P49841	0	0.1743
P36896-P50613	0	0.1901
P36896-P50750	0	0.1817
P36896-P51817	0	0.1936
P36896-P54646	0	0.1801
P36896-P68400	0	0.172
P36896-Q00536	0	0.1753
P36896-Q02750	0	0.2024
P36896-Q04759	0	0.1639
P36896-Q05655	0	0.2106
P36896-Q13043	0	0.1575
P36896-Q13163	0	0.2052
P36896-Q13188	0	0.1755
P36896-Q13464	0	0.178
P36896-Q13705	1	0.1906
P36896-Q13873	0	0.1632
P36896-Q13976	0	0.1839
P36896-Q15759	0	0.2114
P36896-Q16512	0	0.201
P36896-Q16539	0	0.1942
P36896-Q2M2I8	0	0.1486
P36896-Q5VT25	0	0.1848
P36896-Q6DT37	0	0.1887
P36896-Q6P5Z2	0	0.1583
P36896-Q6PHR2	0	0.1602
P36896-Q7L7X3	0	0.1963
P36896-Q8NEV1	0	0.1922
P36896-Q8TD19	0	0.1529
P36896-Q96GD4	0	0.1969
P36896-Q9H093	0	0.1973
P36896-Q9H0K1	0	0.1931
P36896-Q9HAZ1	0	0.1525
P36896-Q9NQU5	0	0.194
P36896-Q9NSY1	0	0.1972
P36896-Q9UBE8	0	0.2066
P36896-Q9UK32	0	0.1844
P36896-Q9UPZ9	0	0.2125
P36896-Q9Y572	0	0.1768
P36896-Q9Y5S2	0	0.1983
P36896-Q9Y616	0	0.1755
P36896-Q9Y6E0	0	0.1837
P36897-P45983	0	0.1646
P36897-P45984	0	0.1597
P36897-P48729	0	0.1477
P36897-P48730	0	0.1458
P36897-P49137	0	0.1685
P36897-P49674	0	0.1507
P36897-P49759	0	0.167
P36897-P49760	0	0.1627
P36897-P49840	0	0.1941
P36897-P49841	0	0.1656
P36897-P50613	0	0.1754
P36897-P50750	0	0.1359
P36897-P51817	0	0.181
P36897-P54646	0	0.1623
P36897-P68400	0	0.1511
P36897-Q00536	0	0.1691
P36897-Q02750	0	0.19
P36897-Q04759	0	0.1731
P36897-Q05655	0	0.2283
P36897-Q13043	0	0.1676
P36897-Q13163	0	0.2394
P36897-Q13188	0	0.1839
P36897-Q13464	0	0.1796
P36897-Q13705	0	0.1563
P36897-Q13873	0	0.1655
P36897-Q13976	0	0.1679
P36897-Q15759	0	0.1742
P36897-Q16512	0	0.1805
P36897-Q16539	0	0.1778
P36897-Q2M2I8	0	0.1675
P36897-Q5VT25	0	0.1982
P36897-Q6DT37	0	0.1895
P36897-Q6P5Z2	0	0.1561
P36897-Q6PHR2	0	0.1777
P36897-Q7L7X3	0	0.2157
P36897-Q8NEV1	0	0.1756
P36897-Q8TD19	0	0.1446
P36897-Q96GD4	0	0.148
P36897-Q9H093	0	0.1649
P36897-Q9H0K1	0	0.2116
P36897-Q9HAZ1	0	0.1471
P36897-Q9NQU5	0	0.1688
P36897-Q9NSY1	0	0.1699
P36897-Q9UBE8	0	0.2087
P36897-Q9UK32	0	0.18
P36897-Q9UPZ9	0	0.1595
P36897-Q9Y572	0	0.169
P36897-Q9Y5S2	0	0.1494
P36897-Q9Y616	0	0.1713
P36897-Q9Y6E0	0	0.1681
P45983-P45984	1	0.1208
P45983-P48729	0	0.1624
P45983-P48730	0	0.1692
P45983-P49137	0	0.1639
P45983-P49674	0	0.1637
P45983-P49759	0	0.1654
P45983-P49760	0	0.1521
P45983-P49840	0	0.19
P45983-P49841	0	0.1835
P45983-P50613	0	0.1792
P45983-P50750	0	0.1644
P45983-P51817	0	0.2087
P45983-P54646	0	0.1804
P45983-P68400	0	0.1567
P45983-Q00536	0	0.1786
P45983-Q02750	0	0.1542
P45983-Q04759	0	0.1572
P45983-Q05655	0	0.13
P45983-Q13043	0	0.1763
P45983-Q13163	0	0.211
P45983-Q13188	0	0.1767
P45983-Q13464	0	0.1477
P45983-Q13705	0	0.1784
P45983-Q13873	0	0.175
P45983-Q13976	0	0.1845
P45983-Q15759	0	0.1873
P45983-Q16512	0	0.1928
P45983-Q16539	0	0.2004
P45983-Q2M2I8	0	0.1495
P45983-Q5VT25	0	0.176
P45983-Q6DT37	0	0.2061
P45983-Q6P5Z2	0	0.1706
P45983-Q6PHR2	0	0.1622
P45983-Q7L7X3	0	0.2055
P45983-Q8NEV1	0	0.1945
P45983-Q8TD19	0	0.1824
P45983-Q96GD4	0	0.1847
P45983-Q9H093	0	0.1674
P45983-Q9H0K1	0	0.1987
P45983-Q9HAZ1	0	0.1457
P45983-Q9NQU5	0	0.1802
P45983-Q9NSY1	0	0.1807
P45983-Q9UBE8	0	0.1806
P45983-Q9UK32	0	0.1918
P45983-Q9UPZ9	0	0.1596
P45983-Q9Y572	0	0.1849
P45983-Q9Y5S2	0	0.194
P45983-Q9Y616	0	0.144
P45983-Q9Y6E0	0	0.1559
P45984-P48729	0	0.153
P45984-P48730	1	0.1682
P45984-P49137	3	0.1407
P45984-P49674	1	0.1693
P45984-P49759	0	0.1448
P45984-P49760	0	0.1457
P45984-P49840	0	0.1707
P45984-P49841	0	0.1945
P45984-P50613	0	0.1662
P45984-P50750	0	0.1505
P45984-P51817	0	0.1747
P45984-P54646	0	0.1533
P45984-P68400	0	0.1542
P45984-Q00536	0	0.1414
P45984-Q02750	0	0.1669
P45984-Q04759	0	0.1474
P45984-Q05655	0	0.2507
P45984-Q13043	0	0.1812
P45984-Q13163	0	0.2273
P45984-Q13188	0	0.1678
P45984-Q13464	0	0.182
P45984-Q13705	0	0.1841
P45984-Q13873	0	0.1707
P45984-Q13976	0	0.1672
P45984-Q15759	2	0.2001
P45984-Q16512	0	0.1464
P45984-Q16539	4	0.1438
P45984-Q2M2I8	0	0.1369
P45984-Q5VT25	0	0.2145
P45984-Q6DT37	0	0.195
P45984-Q6P5Z2	0	0.179
P45984-Q6PHR2	0	0.1774
P45984-Q7L7X3	0	0.2184
P45984-Q8NEV1	0	0.1465
P45984-Q8TD19	0	0.1511
P45984-Q96GD4	0	0.1508
P45984-Q9H093	0	0.195
P45984-Q9H0K1	0	0.2061
P45984-Q9HAZ1	0	0.1439
P45984-Q9NQU5	0	0.1682
P45984-Q9NSY1	0	0.1708
P45984-Q9UBE8	1	0.168
P45984-Q9UK32	0	0.1524
P45984-Q9UPZ9	0	0.1654
P45984-Q9Y572	0	0.1792
P45984-Q9Y5S2	0	0.1684
P45984-Q9Y616	0	0.1781
P45984-Q9Y6E0	0	0.1641
P48729-P48730	3	0.0593
P48729-P49137	3	0.1436
P48729-P49674	3	0.0618
P48729-P49759	0	0.1356
P48729-P49760	0	0.1618
P48729-P49840	0	0.1841
P48729-P49841	0	0.148
P48729-P50613	0	0.162
P48729-P50750	0	0.1702
P48729-P51817	0	0.192
P48729-P54646	0	0.1555
P48729-P68400	0	0.1417
P48729-Q00536	0	0.1706
P48729-Q02750	0	0.167
P48729-Q04759	0	0.1728
P48729-Q05655	0	0.1826
P48729-Q13043	0	0.1664
P48729-Q13163	0	0.1746
P48729-Q13188	0	0.1502
P48729-Q13464	0	0.1443
P48729-Q13705	0	0.1941
P48729-Q13873	0	0.1681
P48729-Q13976	0	0.1652
P48729-Q15759	0	0.1516
P48729-Q16512	0	0.1567
P48729-Q16539	3	0.1568
P48729-Q2M2I8	0	0.1373
P48729-Q5VT25	0	0.1892
P48729-Q6DT37	0	0.1885
P48729-Q6P5Z2	0	0.1716
P48729-Q6PHR2	0	0.1702
P48729-Q7L7X3	0	0.176
P48729-Q8NEV1	0	0.1684
P48729-Q8TD19	0	0.1472
P48729-Q96GD4	0	0.1914
P48729-Q9H093	0	0.1624
P48729-Q9H0K1	0	0.1842
P48729-Q9HAZ1	0	0.1448
P48729-Q9NQU5	0	0.1601
P48729-Q9NSY1	0	0.1538
P48729-Q9UBE8	0	0.1785
P48729-Q9UK32	0	0.152
P48729-Q9UPZ9	0	0.1816
P48729-Q9Y572	0	0.1832
P48729-Q9Y5S2	0	0.1601
P48729-Q9Y616	0	0.1626
P48729-Q9Y6E0	0	0.164
P48730-P49137	7	0.1467
P48730-P49674	7	0.0509
P48730-P49759	1	0.1593
P48730-P49760	0	0.1552
P48730-P49840	0	0.1892
P48730-P49841	0	0.1587
P48730-P50613	0	0.1833
P48730-P50750	1	0.1848
P48730-P51817	0	0.1982
P48730-P54646	0	0.1749
P48730-P68400	0	0.1677
P48730-Q00536	0	0.1689
P48730-Q02750	0	0.169
P48730-Q04759	0	0.1676
P48730-Q05655	0	0.2176
P48730-Q13043	0	0.1647
P48730-Q13163	0	0.1714
P48730-Q13188	0	0.1607
P48730-Q13464	0	0.1621
P48730-Q13705	0	0.1755
P48730-Q13873	0	0.1988
P48730-Q13976	0	0.1848
P48730-Q15759	0	0.176
P48730-Q16512	0	0.1607
P48730-Q16539	6	0.1729
P48730-Q2M2I8	0	0.1629
P48730-Q5VT25	0	0.1942
P48730-Q6DT37	0	0.1983
P48730-Q6P5Z2	0	0.1796
P48730-Q6PHR2	0	0.1803
P48730-Q7L7X3	0	0.2047
P48730-Q8NEV1	0	0.1663
P48730-Q8TD19	0	0.1562
P48730-Q96GD4	0	0.1851
P48730-Q9H093	0	0.1869
P48730-Q9H0K1	0	0.1733
P48730-Q9HAZ1	0	0.1388
P48730-Q9NQU5	0	0.2073
P48730-Q9NSY1	0	0.1798
P48730-Q9UBE8	3	0.1927
P48730-Q9UK32	0	0.158
P48730-Q9UPZ9	0	0.1897
P48730-Q9Y572	0	0.1774
P48730-Q9Y5S2	0	0.1771
P48730-Q9Y616	0	0.185
P48730-Q9Y6E0	0	0.1715
P49137-P49674	4	0.1574
P49137-P49759	0	0.1318
P49137-P49760	0	0.1323
P49137-P49840	0	0.1863
P49137-P49841	0	0.1936
P49137-P50613	0	0.1848
P49137-P50750	0	0.1596
P49137-P51817	0	0.1729
P49137-P54646	0	0.1521
P49137-P68400	0	0.1375
P49137-Q00536	0	0.1875
P49137-Q02750	0	0.1795
P49137-Q04759	0	0.1687
P49137-Q05655	0	0.2156
P49137-Q13043	0	0.1527
P49137-Q13163	0	0.202
P49137-Q13188	0	0.165
P49137-Q13464	0	0.1722
P49137-Q13705	0	0.1836
P49137-Q13873	0	0.1624
P49137-Q13976	0	0.1647
P49137-Q15759	3	0.1963
P49137-Q16512	0	0.1301
P49137-Q16539	27	0.132
P49137-Q2M2I8	0	0.1412
P49137-Q5VT25	0	0.2046
P49137-Q6DT37	0	0.1897
P49137-Q6P5Z2	0	0.1876
P49137-Q6PHR2	0	0.1751
P49137-Q7L7X3	0	0.2121
P49137-Q8NEV1	0	0.1109
P49137-Q8TD19	0	0.1395
P49137-Q96GD4	0	0.1772
P49137-Q9H093	0	0.1782
P49137-Q9H0K1	0	0.1816
P49137-Q9HAZ1	0	0.1507
P49137-Q9NQU5	0	0.179
P49137-Q9NSY1	0	0.1485
P49137-Q9UBE8	0	0.2111
P49137-Q9UK32	0	0.1523
P49137-Q9UPZ9	0	0.1964
P49137-Q9Y572	0	0.174
P49137-Q9Y5S2	0	0.1327
P49137-Q9Y616	0	0.1793
P49137-Q9Y6E0	0	0.1813
P49674-P49759	0	0.1635
P49674-P49760	0	0.1549
P49674-P49840	0	0.209
P49674-P49841	0	0.1645
P49674-P50613	0	0.1868
P49674-P50750	0	0.1535
P49674-P51817	0	0.1713
P49674-P54646	0	0.1715
P49674-P68400	0	0.1731
P49674-Q00536	0	0.1716
P49674-Q02750	0	0.1983
P49674-Q04759	0	0.1798
P49674-Q05655	0	0.2135
P49674-Q13043	0	0.1575
P49674-Q13163	0	0.1766
P49674-Q13188	0	0.1578
P49674-Q13464	0	0.1665
P49674-Q13705	0	0.1884
P49674-Q13873	0	0.1839
P49674-Q13976	0	0.1538
P49674-Q15759	0	0.178
P49674-Q16512	0	0.1685
P49674-Q16539	5	0.1693
P49674-Q2M2I8	0	0.1487
P49674-Q5VT25	0	0.1982
P49674-Q6DT37	0	0.1913
P49674-Q6P5Z2	0	0.1822
P49674-Q6PHR2	0	0.1485
P49674-Q7L7X3	0	0.2157
P49674-Q8NEV1	0	0.1662
P49674-Q8TD19	0	0.1529
P49674-Q96GD4	0	0.1923
P49674-Q9H093	0	0.1661
P49674-Q9H0K1	0	0.2033
P49674-Q9HAZ1	0	0.1498
P49674-Q9NQU5	0	0.1923
P49674-Q9NSY1	0	0.1758
P49674-Q9UBE8	2	0.1706
P49674-Q9UK32	0	0.1561
P49674-Q9UPZ9	0	0.1711
P49674-Q9Y572	0	0.1807
P49674-Q9Y5S2	0	0.1576
P49674-Q9Y616	0	0.2012
P49674-Q9Y6E0	0	0.1614
P49759-P49760	0	0.0723
P49759-P49840	1	0.1662
P49759-P49841	1	0.1677
P49759-P50613	0	0.1773
P49759-P50750	2	0.1493
P49759-P51817	0	0.1709
P49759-P54646	0	0.1674
P49759-P68400	0	0.1196
P49759-Q00536	1	0.1575
P49759-Q02750	0	0.1643
P49759-Q04759	0	0.1622
P49759-Q05655	0	0.2164
P49759-Q13043	0	0.1486
P49759-Q13163	0	0.1995
P49759-Q13188	0	0.1655
P49759-Q13464	0	0.1727
P49759-Q13705	0	0.1699
P49759-Q13873	0	0.1703
P49759-Q13976	0	0.152
P49759-Q15759	0	0.1802
P49759-Q16512	0	0.153
P49759-Q16539	0	0.1608
P49759-Q2M2I8	0	0.121
P49759-Q5VT25	0	0.1995
P49759-Q6DT37	0	0.1769
P49759-Q6P5Z2	0	0.1846
P49759-Q6PHR2	0	0.144
P49759-Q7L7X3	0	0.1664
P49759-Q8NEV1	0	0.1429
P49759-Q8TD19	0	0.1525
P49759-Q96GD4	0	0.1656
P49759-Q9H093	0	0.155
P49759-Q9H0K1	0	0.1865
P49759-Q9HAZ1	4	0.0487
P49759-Q9NQU5	0	0.1875
P49759-Q9NSY1	0	0.1401
P49759-Q9UBE8	0	0.1832
P49759-Q9UK32	0	0.1465
P49759-Q9UPZ9	1	0.151
P49759-Q9Y572	0	0.1654
P49759-Q9Y5S2	0	0.1677
P49759-Q9Y616	0	0.1853
P49759-Q9Y6E0	0	0.1529
P49760-P49840	0	0.1771
P49760-P49841	0	0.1671
P49760-P50613	0	0.174
P49760-P50750	0	0.1262
P49760-P51817	0	0.1763
P49760-P54646	0	0.1634
P49760-P68400	0	0.121
P49760-Q00536	0	0.1718
P49760-Q02750	0	0.1979
P49760-Q04759	0	0.1378
P49760-Q05655	0	0.2145
P49760-Q13043	0	0.1484
P49760-Q13163	0	0.2295
P49760-Q13188	0	0.1772
P49760-Q13464	0	0.1722
P49760-Q13705	0	0.1944
P49760-Q13873	0	0.1763
P49760-Q13976	0	0.1721
P49760-Q15759	0	0.1851
P49760-Q16512	0	0.1388
P49760-Q16539	0	0.1397
P49760-Q2M2I8	0	0.1174
P49760-Q5VT25	0	0.1904
P49760-Q6DT37	0	0.143
P49760-Q6P5Z2	0	0.1852
P49760-Q6PHR2	0	0.1174
P49760-Q7L7X3	0	0.2214
P49760-Q8NEV1	0	0.124
P49760-Q8TD19	0	0.1252
P49760-Q96GD4	0	0.1764
P49760-Q9H093	0	0.1669
P49760-Q9H0K1	0	0.1798
P49760-Q9HAZ1	0	0.0421
P49760-Q9NQU5	0	0.1883
P49760-Q9NSY1	0	0.1431
P49760-Q9UBE8	0	0.2163
P49760-Q9UK32	0	0.1536
P49760-Q9UPZ9	0	0.152
P49760-Q9Y572	0	0.1574
P49760-Q9Y5S2	0	0.168
P49760-Q9Y616	0	0.197
P49760-Q9Y6E0	0	0.1416
P49840-P49841	13	0.0572
P49840-P50613	0	0.1846
P49840-P50750	1	0.1378
P49840-P51817	1	0.1673
P49840-P54646	0	0.2043
P49840-P68400	0	0.1768
P49840-Q00536	1	0.1727
P49840-Q02750	0	0.1947
P49840-Q04759	0	0.1687
P49840-Q05655	0	0.2263
P49840-Q13043	0	0.1752
P49840-Q13163	0	0.2428
P49840-Q13188	0	0.2
P49840-Q13464	0	0.1578
P49840-Q13705	0	0.2114
P49840-Q13873	0	0.1921
P49840-Q13976	1	0.1749
P49840-Q15759	0	0.2223
P49840-Q16512	1	0.1995
P49840-Q16539	0	0.1876
P49840-Q2M2I8	0	0.1784
P49840-Q5VT25	0	0.1964
P49840-Q6DT37	0	0.1966
P49840-Q6P5Z2	1	0.1563
P49840-Q6PHR2	0	0.2042
P49840-Q7L7X3	0	0.224
P49840-Q8NEV1	0	0.2072
P49840-Q8TD19	0	0.2029
P49840-Q96GD4	0	0.201
P49840-Q9H093	0	0.2064
P49840-Q9H0K1	0	0.1991
P49840-Q9HAZ1	1	0.1742
P49840-Q9NQU5	1	0.1704
P49840-Q9NSY1	0	0.2334
P49840-Q9UBE8	0	0.235
P49840-Q9UK32	0	0.1784
P49840-Q9UPZ9	2	0.1384
P49840-Q9Y572	0	0.1921
P49840-Q9Y5S2	0	0.1997
P49840-Q9Y616	0	0.1865
P49840-Q9Y6E0	0	0.1876
P49841-P50613	0	0.1612
P49841-P50750	1	0.1559
P49841-P51817	0	0.1901
P49841-P54646	0	0.1733
P49841-P68400	0	0.1435
P49841-Q00536	1	0.1902
P49841-Q02750	0	0.1954
P49841-Q04759	0	0.1654
P49841-Q05655	0	0.2108
P49841-Q13043	0	0.1546
P49841-Q13163	0	0.1981
P49841-Q13188	0	0.1603
P49841-Q13464	0	0.1749
P49841-Q13705	0	0.1761
P49841-Q13873	0	0.181
P49841-Q13976	0	0.1525
P49841-Q15759	0	0.1836
P49841-Q16512	0	0.1917
P49841-Q16539	0	0.1747
P49841-Q2M2I8	0	0.1699
P49841-Q5VT25	0	0.211
P49841-Q6DT37	0	0.191
P49841-Q6P5Z2	0	0.1422
P49841-Q6PHR2	0	0.1711
P49841-Q7L7X3	0	0.1928
P49841-Q8NEV1	0	0.2053
P49841-Q8TD19	0	0.1724
P49841-Q96GD4	0	0.1811
P49841-Q9H093	0	0.1953
P49841-Q9H0K1	0	0.1899
P49841-Q9HAZ1	1	0.1684
P49841-Q9NQU5	0	0.1755
P49841-Q9NSY1	0	0.1892
P49841-Q9UBE8	0	0.2198
P49841-Q9UK32	0	0.1611
P49841-Q9UPZ9	2	0.1424
P49841-Q9Y572	0	0.1824
P49841-Q9Y5S2	0	0.1746
P49841-Q9Y616	0	0.1683
P49841-Q9Y6E0	0	0.1751
P50613-P50750	0	0.1863
P50613-P51817	0	0.1648
P50613-P54646	0	0.2171
P50613-P68400	0	0.1578
P50613-Q00536	0	0.1657
P50613-Q02750	0	0.1756
P50613-Q04759	0	0.1752
P50613-Q05655	0	0.1986
P50613-Q13043	0	0.1574
P50613-Q13163	0	0.2205
P50613-Q13188	0	0.1582
P50613-Q13464	1	0.1394
P50613-Q13705	0	0.1665
P50613-Q13873	0	0.1363
P50613-Q13976	1	0.1668
P50613-Q15759	0	0.1803
P50613-Q16512	0	0.1639
P50613-Q16539	0	0.1875
P50613-Q2M2I8	0	0.1745
P50613-Q5VT25	0	0.1966
P50613-Q6DT37	0	0.1777
P50613-Q6P5Z2	0	0.1503
P50613-Q6PHR2	0	0.1433
P50613-Q7L7X3	0	0.1492
P50613-Q8NEV1	0	0.2209
P50613-Q8TD19	0	0.1979
P50613-Q96GD4	0	0.202
P50613-Q9H093	0	0.1537
P50613-Q9H0K1	0	0.1757
P50613-Q9HAZ1	0	0.183
P50613-Q9NQU5	0	0.1688
P50613-Q9NSY1	0	0.1709
P50613-Q9UBE8	0	0.1904
P50613-Q9UK32	1	0.1509
P50613-Q9UPZ9	0	0.1494
P50613-Q9Y572	0	0.1769
P50613-Q9Y5S2	0	0.1643
P50613-Q9Y616	0	0.159
P50613-Q9Y6E0	0	0.1832
P50750-P51817	0	0.1567
P50750-P54646	0	0.1404
P50750-P68400	0	0.1442
P50750-Q00536	1	0.1582
P50750-Q02750	0	0.1728
P50750-Q04759	0	0.1321
P50750-Q05655	0	0.1961
P50750-Q13043	0	0.1571
P50750-Q13163	0	0.2002
P50750-Q13188	0	0.1861
P50750-Q13464	0	0.1742
P50750-Q13705	0	0.1792
P50750-Q13873	0	0.1616
P50750-Q13976	0	0.164
P50750-Q15759	0	0.1782
P50750-Q16512	0	0.1511
P50750-Q16539	0	0.1493
P50750-Q2M2I8	0	0.1308
P50750-Q5VT25	0	0.1652
P50750-Q6DT37	0	0.1492
P50750-Q6P5Z2	0	0.1599
P50750-Q6PHR2	0	0.171
P50750-Q7L7X3	0	0.1921
P50750-Q8NEV1	0	0.1364
P50750-Q8TD19	0	0.1616
P50750-Q96GD4	0	0.2022
P50750-Q9H093	0	0.1622
P50750-Q9H0K1	0	0.187
P50750-Q9HAZ1	1	0.1257
P50750-Q9NQU5	0	0.1734
P50750-Q9NSY1	0	0.1934
P50750-Q9UBE8	0	0.1931
P50750-Q9UK32	0	0.1654
P50750-Q9UPZ9	1	0.1474
P50750-Q9Y572	0	0.1919
P50750-Q9Y5S2	0	0.1642
P50750-Q9Y616	0	0.1859
P50750-Q9Y6E0	0	0.1521
P51817-P54646	0	0.1884
P51817-P68400	0	0.1586
P51817-Q00536	0	0.1831
P51817-Q02750	0	0.2016
P51817-Q04759	0	0.1672
P51817-Q05655	0	0.2226
P51817-Q13043	0	0.1835
P51817-Q13163	0	0.2446
P51817-Q13188	0	0.1733
P51817-Q13464	2	0.166
P51817-Q13705	0	0.1888
P51817-Q13873	0	0.1902
P51817-Q13976	2	0.1419
P51817-Q15759	0	0.2223
P51817-Q16512	1	0.173
P51817-Q16539	0	0.1673
P51817-Q2M2I8	0	0.1802
P51817-Q5VT25	2	0.1867
P51817-Q6DT37	1	0.2079
P51817-Q6P5Z2	1	0.1624
P51817-Q6PHR2	0	0.1744
P51817-Q7L7X3	0	0.2049
P51817-Q8NEV1	0	0.1932
P51817-Q8TD19	0	0.182
P51817-Q96GD4	0	0.1763
P51817-Q9H093	0	0.1801
P51817-Q9H0K1	0	0.2009
P51817-Q9HAZ1	0	0.14
P51817-Q9NQU5	1	0.1737
P51817-Q9NSY1	0	0.2072
P51817-Q9UBE8	0	0.1876
P51817-Q9UK32	0	0.1729
P51817-Q9UPZ9	0	0.1836
P51817-Q9Y572	0	0.2019
P51817-Q9Y5S2	2	0.1545
P51817-Q9Y616	0	0.1868
P51817-Q9Y6E0	0	0.2011
P54646-P68400	1	0.1495
P54646-Q00536	0	0.1765
P54646-Q02750	0	0.1763
P54646-Q04759	0	0.1459
P54646-Q05655	0	0.2637
P54646-Q13043	1	0.1722
P54646-Q13163	0	0.2733
P54646-Q13188	1	0.1675
P54646-Q13464	0	0.164
P54646-Q13705	0	0.1576
P54646-Q13873	0	0.1922
P54646-Q13976	0	0.1725
P54646-Q15759	0	0.2119
P54646-Q16512	0	0.1601
P54646-Q16539	0	0.1748
P54646-Q2M2I8	0	0.1474
P54646-Q5VT25	0	0.2089
P54646-Q6DT37	0	0.1771
P54646-Q6P5Z2	0	0.1628
P54646-Q6PHR2	1	0.1728
P54646-Q7L7X3	0	0.2382
P54646-Q8NEV1	1	0.1447
P54646-Q8TD19	0	0.155
P54646-Q96GD4	0	0.1518
P54646-Q9H093	1	0.2213
P54646-Q9H0K1	1	0.2021
P54646-Q9HAZ1	0	0.1569
P54646-Q9NQU5	0	0.2018
P54646-Q9NSY1	1	0.1639
P54646-Q9UBE8	0	0.2163
P54646-Q9UK32	0	0.1687
P54646-Q9UPZ9	0	0.2106
P54646-Q9Y572	0	0.1816
P54646-Q9Y5S2	0	0.1595
P54646-Q9Y616	0	0.1855
P54646-Q9Y6E0	1	0.1744
P68400-Q00536	0	0.1598
P68400-Q02750	0	0.1587
P68400-Q04759	0	0.1557
P68400-Q05655	0	0.1771
P68400-Q13043	0	0.1537
P68400-Q13163	0	0.1983
P68400-Q13188	0	0.1672
P68400-Q13464	0	0.1632
P68400-Q13705	0	0.1655
P68400-Q13873	0	0.1583
P68400-Q13976	0	0.16
P68400-Q15759	0	0.1791
P68400-Q16512	0	0.1528
P68400-Q16539	0	0.1625
P68400-Q2M2I8	0	0.1452
P68400-Q5VT25	0	0.1885
P68400-Q6DT37	0	0.1643
P68400-Q6P5Z2	0	0.1563
P68400-Q6PHR2	1	0.1575
P68400-Q7L7X3	0	0.1646
P68400-Q8NEV1	4	0.0962
P68400-Q8TD19	0	0.1168
P68400-Q96GD4	0	0.1504
P68400-Q9H093	0	0.1625
P68400-Q9H0K1	1	0.1681
P68400-Q9HAZ1	0	0.1291
P68400-Q9NQU5	0	0.1676
P68400-Q9NSY1	0	0.1583
P68400-Q9UBE8	0	0.1863
P68400-Q9UK32	0	0.1364
P68400-Q9UPZ9	0	0.1479
P68400-Q9Y572	0	0.1408
P68400-Q9Y5S2	0	0.1377
P68400-Q9Y616	0	0.1604
P68400-Q9Y6E0	0	0.1627
Q00536-Q02750	0	0.1695
Q00536-Q04759	0	0.1562
Q00536-Q05655	0	0.2493
Q00536-Q13043	0	0.1895
Q00536-Q13163	0	0.2237
Q00536-Q13188	0	0.1496
Q00536-Q13464	0	0.1848
Q00536-Q13705	0	0.183
Q00536-Q13873	0	0.1876
Q00536-Q13976	0	0.18
Q00536-Q15759	0	0.1753
Q00536-Q16512	0	0.167
Q00536-Q16539	0	0.1493
Q00536-Q2M2I8	0	0.1607
Q00536-Q5VT25	0	0.1919
Q00536-Q6DT37	0	0.1879
Q00536-Q6P5Z2	0	0.1722
Q00536-Q6PHR2	0	0.1717
Q00536-Q7L7X3	0	0.2174
Q00536-Q8NEV1	0	0.1629
Q00536-Q8TD19	0	0.1503
Q00536-Q96GD4	0	0.1809
Q00536-Q9H093	0	0.1754
Q00536-Q9H0K1	0	0.1761
Q00536-Q9HAZ1	1	0.1439
Q00536-Q9NQU5	0	0.1686
Q00536-Q9NSY1	0	0.1664
Q00536-Q9UBE8	0	0.2063
Q00536-Q9UK32	0	0.1505
Q00536-Q9UPZ9	1	0.2046
Q00536-Q9Y572	0	0.1579
Q00536-Q9Y5S2	0	0.1523
Q00536-Q9Y616	0	0.1864
Q00536-Q9Y6E0	0	0.1917
Q02750-Q04759	0	0.1927
Q02750-Q05655	0	0.2376
Q02750-Q13043	0	0.1732
Q02750-Q13163	0	0.1836
Q02750-Q13188	0	0.1467
Q02750-Q13464	0	0.1471
Q02750-Q13705	0	0.1741
Q02750-Q13873	0	0.1811
Q02750-Q13976	0	0.1771
Q02750-Q15759	0	0.1662
Q02750-Q16512	0	0.1986
Q02750-Q16539	0	0.166
Q02750-Q2M2I8	0	0.1745
Q02750-Q5VT25	0	0.1916
Q02750-Q6DT37	0	0.1911
Q02750-Q6P5Z2	0	0.1679
Q02750-Q6PHR2	0	0.1485
Q02750-Q7L7X3	0	0.2044
Q02750-Q8NEV1	0	0.1927
Q02750-Q8TD19	0	0.1924
Q02750-Q96GD4	0	0.1751
Q02750-Q9H093	0	0.1687
Q02750-Q9H0K1	0	0.1401
Q02750-Q9HAZ1	0	0.1691
Q02750-Q9NQU5	0	0.1926
Q02750-Q9NSY1	0	0.1684
Q02750-Q9UBE8	0	0.1945
Q02750-Q9UK32	0	0.1573
Q02750-Q9UPZ9	0	0.194
Q02750-Q9Y572	0	0.1892
Q02750-Q9Y5S2	0	0.1852
Q02750-Q9Y616	0	0.1576
Q02750-Q9Y6E0	0	0.1852
Q04759-Q05655	1	0.217
Q04759-Q13043	0	0.1531
Q04759-Q13163	0	0.2028
Q04759-Q13188	0	0.1656
Q04759-Q13464	1	0.1471
Q04759-Q13705	0	0.1806
Q04759-Q13873	0	0.1847
Q04759-Q13976	1	0.1492
Q04759-Q15759	0	0.1645
Q04759-Q16512	0	0.1653
Q04759-Q16539	0	0.1469
Q04759-Q2M2I8	0	0.154
Q04759-Q5VT25	0	0.1643
Q04759-Q6DT37	1	0.1672
Q04759-Q6P5Z2	0	0.1631
Q04759-Q6PHR2	0	0.152
Q04759-Q7L7X3	0	0.2037
Q04759-Q8NEV1	0	0.1379
Q04759-Q8TD19	0	0.1674
Q04759-Q96GD4	0	0.1845
Q04759-Q9H093	0	0.1979
Q04759-Q9H0K1	0	0.1934
Q04759-Q9HAZ1	0	0.1528
Q04759-Q9NQU5	0	0.1821
Q04759-Q9NSY1	0	0.157
Q04759-Q9UBE8	0	0.1941
Q04759-Q9UK32	0	0.1502
Q04759-Q9UPZ9	0	0.1478
Q04759-Q9Y572	0	0.169
Q04759-Q9Y5S2	1	0.1676
Q04759-Q9Y616	0	0.1928
Q04759-Q9Y6E0	0	0.1597
Q05655-Q13043	0	0.1978
Q05655-Q13163	0	0.2056
Q05655-Q13188	0	0.1853
Q05655-Q13464	2	0.2027
Q05655-Q13705	0	0.2156
Q05655-Q13873	0	0.2215
Q05655-Q13976	2	0.1939
Q05655-Q15759	0	0.241
Q05655-Q16512	0	0.2489
Q05655-Q16539	0	0.2154
Q05655-Q2M2I8	0	0.2319
Q05655-Q5VT25	0	0.2128
Q05655-Q6DT37	1	0.2536
Q05655-Q6P5Z2	0	0.2255
Q05655-Q6PHR2	0	0.2277
Q05655-Q7L7X3	1	0.2308
Q05655-Q8NEV1	0	0.284
Q05655-Q8TD19	0	0.2605
Q05655-Q96GD4	0	0.1963
Q05655-Q9H093	0	0.2079
Q05655-Q9H0K1	0	0.187
Q05655-Q9HAZ1	0	0.2628
Q05655-Q9NQU5	0	0.1597
Q05655-Q9NSY1	0	0.216
Q05655-Q9UBE8	0	0.2303
Q05655-Q9UK32	1	0.2128
Q05655-Q9UPZ9	0	0.2358
Q05655-Q9Y572	0	0.2152
Q05655-Q9Y5S2	1	0.2225
Q05655-Q9Y616	0	0.2014
Q05655-Q9Y6E0	0	0.2342
Q13043-Q13163	0	0.1947
Q13043-Q13188	1	0.0658
Q13043-Q13464	0	0.1658
Q13043-Q13705	0	0.1512
Q13043-Q13873	0	0.1776
Q13043-Q13976	0	0.1501
Q13043-Q15759	0	0.1897
Q13043-Q16512	0	0.1638
Q13043-Q16539	0	0.1611
Q13043-Q2M2I8	0	0.1492
Q13043-Q5VT25	0	0.1704
Q13043-Q6DT37	0	0.1615
Q13043-Q6P5Z2	0	0.1443
Q13043-Q6PHR2	0	0.1658
Q13043-Q7L7X3	0	0.1758
Q13043-Q8NEV1	0	0.1237
Q13043-Q8TD19	0	0.1632
Q13043-Q96GD4	0	0.1762
Q13043-Q9H093	1	0.1657
Q13043-Q9H0K1	0	0.1885
Q13043-Q9HAZ1	0	0.1595
Q13043-Q9NQU5	0	0.1896
Q13043-Q9NSY1	1	0.1669
Q13043-Q9UBE8	0	0.1915
Q13043-Q9UK32	0	0.1722
Q13043-Q9UPZ9	0	0.1489
Q13043-Q9Y572	0	0.1799
Q13043-Q9Y5S2	0	0.1632
Q13043-Q9Y616	0	0.1635
Q13043-Q9Y6E0	1	0.1715
Q13163-Q13188	0	0.1878
Q13163-Q13464	0	0.2006
Q13163-Q13705	0	0.1908
Q13163-Q13873	0	0.1689
Q13163-Q13976	0	0.2146
Q13163-Q15759	0	0.1747
Q13163-Q16512	0	0.2457
Q13163-Q16539	0	0.2204
Q13163-Q2M2I8	0	0.1505
Q13163-Q5VT25	0	0.2041
Q13163-Q6DT37	0	0.2282
Q13163-Q6P5Z2	0	0.218
Q13163-Q6PHR2	0	0.1987
Q13163-Q7L7X3	0	0.2257
Q13163-Q8NEV1	0	0.2536
Q13163-Q8TD19	0	0.2814
Q13163-Q96GD4	0	0.2043
Q13163-Q9H093	0	0.2318
Q13163-Q9H0K1	0	0.213
Q13163-Q9HAZ1	0	0.2238
Q13163-Q9NQU5	0	0.2409
Q13163-Q9NSY1	0	0.1557
Q13163-Q9UBE8	0	0.2067
Q13163-Q9UK32	0	0.1777
Q13163-Q9UPZ9	0	0.2287
Q13163-Q9Y572	1	0.2193
Q13163-Q9Y5S2	0	0.2128
Q13163-Q9Y616	0	0.203
Q13163-Q9Y6E0	0	0.2119
Q13188-Q13464	0	0.1719
Q13188-Q13705	0	0.1844
Q13188-Q13873	0	0.1715
Q13188-Q13976	0	0.1787
Q13188-Q15759	0	0.1763
Q13188-Q16512	0	0.1657
Q13188-Q16539	0	0.1806
Q13188-Q2M2I8	0	0.1602
Q13188-Q5VT25	0	0.1984
Q13188-Q6DT37	0	0.2017
Q13188-Q6P5Z2	0	0.1666
Q13188-Q6PHR2	0	0.1736
Q13188-Q7L7X3	0	0.1809
Q13188-Q8NEV1	0	0.1531
Q13188-Q8TD19	0	0.1684
Q13188-Q96GD4	0	0.1757
Q13188-Q9H093	1	0.1684
Q13188-Q9H0K1	0	0.1907
Q13188-Q9HAZ1	0	0.1725
Q13188-Q9NQU5	0	0.1792
Q13188-Q9NSY1	1	0.1638
Q13188-Q9UBE8	0	0.2076
Q13188-Q9UK32	0	0.1597
Q13188-Q9UPZ9	0	0.1797
Q13188-Q9Y572	0	0.1628
Q13188-Q9Y5S2	0	0.1767
Q13188-Q9Y616	0	0.1659
Q13188-Q9Y6E0	1	0.177
Q13464-Q13705	0	0.1845
Q13464-Q13873	0	0.1596
Q13464-Q13976	5	0.1432
Q13464-Q15759	0	0.199
Q13464-Q16512	0	0.1752
Q13464-Q16539	0	0.186
Q13464-Q2M2I8	0	0.1556
Q13464-Q5VT25	2	0.178
Q13464-Q6DT37	3	0.1583
Q13464-Q6P5Z2	0	0.1596
Q13464-Q6PHR2	0	0.1611
Q13464-Q7L7X3	0	0.1814
Q13464-Q8NEV1	0	0.1791
Q13464-Q8TD19	0	0.1801
Q13464-Q96GD4	0	0.1884
Q13464-Q9H093	0	0.1537
Q13464-Q9H0K1	0	0.1646
Q13464-Q9HAZ1	0	0.1814
Q13464-Q9NQU5	0	0.1752
Q13464-Q9NSY1	0	0.1816
Q13464-Q9UBE8	0	0.1702
Q13464-Q9UK32	1	0.1199
Q13464-Q9UPZ9	0	0.1696
Q13464-Q9Y572	0	0.1999
Q13464-Q9Y5S2	3	0.1379
Q13464-Q9Y616	0	0.1761
Q13464-Q9Y6E0	0	0.1594
Q13705-Q13873	0	0.1746
Q13705-Q13976	0	0.168
Q13705-Q15759	0	0.1993
Q13705-Q16512	0	0.1829
Q13705-Q16539	0	0.1703
Q13705-Q2M2I8	0	0.1763
Q13705-Q5VT25	0	0.1877
Q13705-Q6DT37	0	0.192
Q13705-Q6P5Z2	0	0.1913
Q13705-Q6PHR2	0	0.1841
Q13705-Q7L7X3	0	0.1722
Q13705-Q8NEV1	0	0.1954
Q13705-Q8TD19	0	0.2048
Q13705-Q96GD4	0	0.1612
Q13705-Q9H093	0	0.157
Q13705-Q9H0K1	0	0.1836
Q13705-Q9HAZ1	0	0.1921
Q13705-Q9NQU5	0	0.1951
Q13705-Q9NSY1	0	0.1674
Q13705-Q9UBE8	0	0.2198
Q13705-Q9UK32	0	0.171
Q13705-Q9UPZ9	0	0.2088
Q13705-Q9Y572	1	0.1847
Q13705-Q9Y5S2	0	0.1838
Q13705-Q9Y616	0	0.1415
Q13705-Q9Y6E0	0	0.1981
Q13873-Q13976	0	0.177
Q13873-Q15759	0	0.191
Q13873-Q16512	0	0.1932
Q13873-Q16539	0	0.1764
Q13873-Q2M2I8	0	0.1782
Q13873-Q5VT25	0	0.2162
Q13873-Q6DT37	0	0.1808
Q13873-Q6P5Z2	0	0.157
Q13873-Q6PHR2	0	0.1634
Q13873-Q7L7X3	0	0.1659
Q13873-Q8NEV1	0	0.175
Q13873-Q8TD19	0	0.2012
Q13873-Q96GD4	0	0.1927
Q13873-Q9H093	0	0.1847
Q13873-Q9H0K1	0	0.1804
Q13873-Q9HAZ1	0	0.1829
Q13873-Q9NQU5	0	0.187
Q13873-Q9NSY1	0	0.1859
Q13873-Q9UBE8	0	0.2018
Q13873-Q9UK32	0	0.1539
Q13873-Q9UPZ9	0	0.1833
Q13873-Q9Y572	0	0.1478
Q13873-Q9Y5S2	0	0.1972
Q13873-Q9Y616	0	0.1343
Q13873-Q9Y6E0	0	0.1939
Q13976-Q15759	0	0.1958
Q13976-Q16512	1	0.1726
Q13976-Q16539	0	0.183
Q13976-Q2M2I8	0	0.185
Q13976-Q5VT25	1	0.1652
Q13976-Q6DT37	4	0.1531
Q13976-Q6P5Z2	2	0.1664
Q13976-Q6PHR2	0	0.1821
Q13976-Q7L7X3	0	0.1915
Q13976-Q8NEV1	0	0.1368
Q13976-Q8TD19	0	0.1743
Q13976-Q96GD4	0	0.1776
Q13976-Q9H093	0	0.1478
Q13976-Q9H0K1	0	0.1717
Q13976-Q9HAZ1	0	0.18
Q13976-Q9NQU5	1	0.1692
Q13976-Q9NSY1	0	0.1743
Q13976-Q9UBE8	0	0.1869
Q13976-Q9UK32	1	0.1437
Q13976-Q9UPZ9	0	0.1775
Q13976-Q9Y572	0	0.1832
Q13976-Q9Y5S2	2	0.1664
Q13976-Q9Y616	0	0.1693
Q13976-Q9Y6E0	0	0.1839
Q15759-Q16512	0	0.2028
Q15759-Q16539	3	0.1345
Q15759-Q2M2I8	0	0.1745
Q15759-Q5VT25	0	0.1923
Q15759-Q6DT37	0	0.1836
Q15759-Q6P5Z2	0	0.1918
Q15759-Q6PHR2	0	0.1747
Q15759-Q7L7X3	0	0.1909
Q15759-Q8NEV1	0	0.1949
Q15759-Q8TD19	0	0.2118
Q15759-Q96GD4	0	0.1578
Q15759-Q9H093	0	0.2187
Q15759-Q9H0K1	0	0.1991
Q15759-Q9HAZ1	0	0.1734
Q15759-Q9NQU5	0	0.1927
Q15759-Q9NSY1	0	0.1613
Q15759-Q9UBE8	0	0.2115
Q15759-Q9UK32	0	0.1632
Q15759-Q9UPZ9	0	0.1807
Q15759-Q9Y572	0	0.1639
Q15759-Q9Y5S2	0	0.1777
Q15759-Q9Y616	0	0.1883
Q15759-Q9Y6E0	0	0.1904
Q16512-Q16539	0	0.128
Q16512-Q2M2I8	0	0.1428
Q16512-Q5VT25	0	0.2188
Q16512-Q6DT37	0	0.1825
Q16512-Q6P5Z2	1	0.1595
Q16512-Q6PHR2	0	0.1683
Q16512-Q7L7X3	0	0.1952
Q16512-Q8NEV1	0	0.1214
Q16512-Q8TD19	0	0.1528
Q16512-Q96GD4	0	0.177
Q16512-Q9H093	0	0.1991
Q16512-Q9H0K1	0	0.2047
Q16512-Q9HAZ1	0	0.1421
Q16512-Q9NQU5	1	0.19
Q16512-Q9NSY1	0	0.1608
Q16512-Q9UBE8	0	0.1873
Q16512-Q9UK32	0	0.1553
Q16512-Q9UPZ9	0	0.1787
Q16512-Q9Y572	0	0.177
Q16512-Q9Y5S2	0	0.1643
Q16512-Q9Y616	0	0.1799
Q16512-Q9Y6E0	0	0.1645
Q16539-Q2M2I8	0	0.1379
Q16539-Q5VT25	0	0.1768
Q16539-Q6DT37	0	0.1677
Q16539-Q6P5Z2	0	0.1929
Q16539-Q6PHR2	0	0.1804
Q16539-Q7L7X3	0	0.2144
Q16539-Q8NEV1	0	0.1247
Q16539-Q8TD19	0	0.1567
Q16539-Q96GD4	0	0.1644
Q16539-Q9H093	0	0.1654
Q16539-Q9H0K1	0	0.1882
Q16539-Q9HAZ1	0	0.153
Q16539-Q9NQU5	0	0.1799
Q16539-Q9NSY1	0	0.149
Q16539-Q9UBE8	2	0.2006
Q16539-Q9UK32	0	0.1319
Q16539-Q9UPZ9	0	0.1823
Q16539-Q9Y572	0	0.1602
Q16539-Q9Y5S2	0	0.1596
Q16539-Q9Y616	0	0.1838
Q16539-Q9Y6E0	0	0.1642
Q2M2I8-Q5VT25	0	0.1953
Q2M2I8-Q6DT37	0	0.1986
Q2M2I8-Q6P5Z2	0	0.172
Q2M2I8-Q6PHR2	0	0.1416
Q2M2I8-Q7L7X3	0	0.1952
Q2M2I8-Q8NEV1	0	0.1199
Q2M2I8-Q8TD19	0	0.1377
Q2M2I8-Q96GD4	0	0.1689
Q2M2I8-Q9H093	0	0.1914
Q2M2I8-Q9H0K1	0	0.1908
Q2M2I8-Q9HAZ1	0	0.1184
Q2M2I8-Q9NQU5	0	0.196
Q2M2I8-Q9NSY1	0	0.072
Q2M2I8-Q9UBE8	0	0.2112
Q2M2I8-Q9UK32	0	0.153
Q2M2I8-Q9UPZ9	0	0.1743
Q2M2I8-Q9Y572	0	0.1741
Q2M2I8-Q9Y5S2	0	0.1411
Q2M2I8-Q9Y616	0	0.165
Q2M2I8-Q9Y6E0	0	0.1374
Q5VT25-Q6DT37	1	0.1519
Q5VT25-Q6P5Z2	0	0.1794
Q5VT25-Q6PHR2	0	0.2131
Q5VT25-Q7L7X3	0	0.2104
Q5VT25-Q8NEV1	0	0.1917
Q5VT25-Q8TD19	0	0.1953
Q5VT25-Q96GD4	0	0.186
Q5VT25-Q9H093	0	0.1914
Q5VT25-Q9H0K1	0	0.2101
Q5VT25-Q9HAZ1	0	0.1923
Q5VT25-Q9NQU5	0	0.1715
Q5VT25-Q9NSY1	0	0.2327
Q5VT25-Q9UBE8	0	0.1996
Q5VT25-Q9UK32	0	0.1821
Q5VT25-Q9UPZ9	0	0.2107
Q5VT25-Q9Y572	0	0.2037
Q5VT25-Q9Y5S2	2	0.165
Q5VT25-Q9Y616	0	0.1994
Q5VT25-Q9Y6E0	0	0.211
Q6DT37-Q6P5Z2	0	0.1852
Q6DT37-Q6PHR2	0	0.1774
Q6DT37-Q7L7X3	0	0.2138
Q6DT37-Q8NEV1	0	0.1696
Q6DT37-Q8TD19	0	0.1726
Q6DT37-Q96GD4	0	0.1765
Q6DT37-Q9H093	0	0.1984
Q6DT37-Q9H0K1	0	0.1857
Q6DT37-Q9HAZ1	0	0.1565
Q6DT37-Q9NQU5	0	0.1843
Q6DT37-Q9NSY1	0	0.2075
Q6DT37-Q9UBE8	0	0.2176
Q6DT37-Q9UK32	0	0.173
Q6DT37-Q9UPZ9	0	0.2149
Q6DT37-Q9Y572	0	0.2118
Q6DT37-Q9Y5S2	2	0.1397
Q6DT37-Q9Y616	0	0.2082
Q6DT37-Q9Y6E0	0	0.1768
Q6P5Z2-Q6PHR2	0	0.1636
Q6P5Z2-Q7L7X3	0	0.2072
Q6P5Z2-Q8NEV1	0	0.1854
Q6P5Z2-Q8TD19	0	0.1637
Q6P5Z2-Q96GD4	0	0.1923
Q6P5Z2-Q9H093	0	0.1805
Q6P5Z2-Q9H0K1	0	0.1831
Q6P5Z2-Q9HAZ1	0	0.1725
Q6P5Z2-Q9NQU5	1	0.1875
Q6P5Z2-Q9NSY1	0	0.1927
Q6P5Z2-Q9UBE8	1	0.207
Q6P5Z2-Q9UK32	0	0.171
Q6P5Z2-Q9UPZ9	0	0.1652
Q6P5Z2-Q9Y572	0	0.1651
Q6P5Z2-Q9Y5S2	0	0.1371
Q6P5Z2-Q9Y616	0	0.1526
Q6P5Z2-Q9Y6E0	0	0.1919
Q6PHR2-Q7L7X3	0	0.1845
Q6PHR2-Q8NEV1	1	0.1462
Q6PHR2-Q8TD19	0	0.1291
Q6PHR2-Q96GD4	0	0.1737
Q6PHR2-Q9H093	0	0.1991
Q6PHR2-Q9H0K1	1	0.1692
Q6PHR2-Q9HAZ1	0	0.1374
Q6PHR2-Q9NQU5	0	0.1916
Q6PHR2-Q9NSY1	0	0.1719
Q6PHR2-Q9UBE8	0	0.1937
Q6PHR2-Q9UK32	0	0.0967
Q6PHR2-Q9UPZ9	0	0.1762
Q6PHR2-Q9Y572	0	0.1631
Q6PHR2-Q9Y5S2	0	0.1469
Q6PHR2-Q9Y616	0	0.156
Q6PHR2-Q9Y6E0	0	0.1468
Q7L7X3-Q8NEV1	0	0.25
Q7L7X3-Q8TD19	0	0.2142
Q7L7X3-Q96GD4	0	0.2153
Q7L7X3-Q9H093	0	0.1787
Q7L7X3-Q9H0K1	0	0.1422
Q7L7X3-Q9HAZ1	0	0.1845
Q7L7X3-Q9NQU5	0	0.1942
Q7L7X3-Q9NSY1	0	0.2187
Q7L7X3-Q9UBE8	0	0.1992
Q7L7X3-Q9UK32	1	0.1676
Q7L7X3-Q9UPZ9	0	0.1921
Q7L7X3-Q9Y572	0	0.1575
Q7L7X3-Q9Y5S2	0	0.1757
Q7L7X3-Q9Y616	0	0.1537
Q7L7X3-Q9Y6E0	0	0.2031
Q8NEV1-Q8TD19	0	0.1184
Q8NEV1-Q96GD4	0	0.1642
Q8NEV1-Q9H093	0	0.2283
Q8NEV1-Q9H0K1	1	0.2216
Q8NEV1-Q9HAZ1	0	0.1416
Q8NEV1-Q9NQU5	0	0.1871
Q8NEV1-Q9NSY1	0	0.1415
Q8NEV1-Q9UBE8	0	0.2198
Q8NEV1-Q9UK32	0	0.1506
Q8NEV1-Q9UPZ9	0	0.1841
Q8NEV1-Q9Y572	0	0.1677
Q8NEV1-Q9Y5S2	0	0.1444
Q8NEV1-Q9Y616	0	0.1846
Q8NEV1-Q9Y6E0	0	0.1765
Q8TD19-Q96GD4	0	0.1705
Q8TD19-Q9H093	0	0.2212
Q8TD19-Q9H0K1	0	0.2051
Q8TD19-Q9HAZ1	0	0.1287
Q8TD19-Q9NQU5	0	0.1873
Q8TD19-Q9NSY1	0	0.149
Q8TD19-Q9UBE8	0	0.2231
Q8TD19-Q9UK32	0	0.1635
Q8TD19-Q9UPZ9	0	0.1618
Q8TD19-Q9Y572	0	0.1524
Q8TD19-Q9Y5S2	0	0.163
Q8TD19-Q9Y616	0	0.1853
Q8TD19-Q9Y6E0	0	0.1575
Q96GD4-Q9H093	0	0.1883
Q96GD4-Q9H0K1	0	0.1821
Q96GD4-Q9HAZ1	0	0.1839
Q96GD4-Q9NQU5	0	0.1994
Q96GD4-Q9NSY1	0	0.1615
Q96GD4-Q9UBE8	0	0.1952
Q96GD4-Q9UK32	0	0.1833
Q96GD4-Q9UPZ9	0	0.231
Q96GD4-Q9Y572	0	0.1742
Q96GD4-Q9Y5S2	0	0.2056
Q96GD4-Q9Y616	1	0.2014
Q96GD4-Q9Y6E0	0	0.1709
Q9H093-Q9H0K1	0	0.1617
Q9H093-Q9HAZ1	0	0.1925
Q9H093-Q9NQU5	0	0.185
Q9H093-Q9NSY1	1	0.1901
Q9H093-Q9UBE8	0	0.1891
Q9H093-Q9UK32	0	0.1737
Q9H093-Q9UPZ9	0	0.1969
Q9H093-Q9Y572	0	0.2241
Q9H093-Q9Y5S2	0	0.1848
Q9H093-Q9Y616	0	0.1547
Q9H093-Q9Y6E0	1	0.2055
Q9H0K1-Q9HAZ1	0	0.1804
Q9H0K1-Q9NQU5	0	0.1881
Q9H0K1-Q9NSY1	0	0.2011
Q9H0K1-Q9UBE8	0	0.1923
Q9H0K1-Q9UK32	0	0.1575
Q9H0K1-Q9UPZ9	0	0.2267
Q9H0K1-Q9Y572	0	0.1978
Q9H0K1-Q9Y5S2	0	0.1906
Q9H0K1-Q9Y616	0	0.1689
Q9H0K1-Q9Y6E0	0	0.2073
Q9HAZ1-Q9NQU5	0	0.1952
Q9HAZ1-Q9NSY1	0	0.1521
Q9HAZ1-Q9UBE8	0	0.192
Q9HAZ1-Q9UK32	0	0.156
Q9HAZ1-Q9UPZ9	1	0.1547
Q9HAZ1-Q9Y572	0	0.1558
Q9HAZ1-Q9Y5S2	0	0.1791
Q9HAZ1-Q9Y616	0	0.1816
Q9HAZ1-Q9Y6E0	0	0.1504
Q9NQU5-Q9NSY1	0	0.1858
Q9NQU5-Q9UBE8	0	0.1909
Q9NQU5-Q9UK32	0	0.175
Q9NQU5-Q9UPZ9	0	0.1991
Q9NQU5-Q9Y572	0	0.184
Q9NQU5-Q9Y5S2	0	0.1836
Q9NQU5-Q9Y616	0	0.1746
Q9NQU5-Q9Y6E0	0	0.2162
Q9NSY1-Q9UBE8	0	0.2028
Q9NSY1-Q9UK32	0	0.1577
Q9NSY1-Q9UPZ9	0	0.1976
Q9NSY1-Q9Y572	0	0.1787
Q9NSY1-Q9Y5S2	0	0.1548
Q9NSY1-Q9Y616	0	0.1479
Q9NSY1-Q9Y6E0	1	0.1702
Q9UBE8-Q9UK32	0	0.1942
Q9UBE8-Q9UPZ9	0	0.2031
Q9UBE8-Q9Y572	0	0.2367
Q9UBE8-Q9Y5S2	0	0.1887
Q9UBE8-Q9Y616	0	0.2245
Q9UBE8-Q9Y6E0	0	0.2061
Q9UK32-Q9UPZ9	0	0.1743
Q9UK32-Q9Y572	0	0.1641
Q9UK32-Q9Y5S2	0	0.1534
Q9UK32-Q9Y616	0	0.1532
Q9UK32-Q9Y6E0	0	0.1687
Q9UPZ9-Q9Y572	0	0.1813
Q9UPZ9-Q9Y5S2	0	0.175
Q9UPZ9-Q9Y616	0	0.1815
Q9UPZ9-Q9Y6E0	0	0.164
Q9Y572-Q9Y5S2	0	0.1774
Q9Y572-Q9Y616	0	0.1688
Q9Y572-Q9Y6E0	0	0.2
Q9Y5S2-Q9Y616	0	0.1544
Q9Y5S2-Q9Y6E0	0	0.1814
Q9Y616-Q9Y6E0	0	0.1795
