	domain	ctr	buriedness	min pLDDT
0	A0FGR8_PF17047_191_370	CTR_0	15	83.23
1	A0FGR8_PF17047_191_370	CTR_1	14	74.38
2	A1Z1Q3_PF01661_88_201	CTR_0	17	95.09
3	A6NHR9_PF13589_139_295	CTR_0	22	76.95
4	A8MW92_PF02820_17_69	CTR_0	7	83.35
5	B2RXH2_PF02373_176_292	CTR_0	18	95.84
6	O00141_PF00069_98_355	CTR_0	17	86.36
7	O00159_PF00063_48_718	CTR_0	20	74.98
8	O00167_PF00702_268_514	CTR_0	21	98.41
9	O00194_PF00071_11_183	CTR_0	18	83.97
10	O00204_PF00685_60_305	CTR_0	19	96.48
11	O00204_PF00685_60_305	CTR_1	10	92.91
12	O00204_PF00685_60_305	CTR_2	17	96.16
13	O00212_PF00071_19_192	CTR_0	18	86.07
14	O00214_PF00337_18_151	CTR_0	9	96.55
15	O00238_PF07714_204_491	CTR_0	21	86.7
16	O00311_PF00069_58_221	CTR_0	20	92.07
17	O00338_PF00685_39_289	CTR_0	18	97.43
18	O00408_PF00233_655_888	CTR_0	12	89.99
19	O00429_PF00350_28_217	CTR_0	11	78.69
20	O00444_PF00069_12_265	CTR_0	19	80.17
21	O00506_PF00069_20_270	CTR_0	19	83.29
22	O00560_PF00595_198_270	CTR_0	13	94.72
23	O00757_PF00316_12_199	CTR_0	21	81.18
24	O14522_PF00102_912_1142	CTR_0	9	91.34
25	O14607_PF02373_1080_1188	CTR_0	11	97.6
26	O14717_PF00145_4_391	CTR_0	17	87.14
27	O14727_PF00931_129_374	CTR_0	16	76.09
28	O14733_PF00069_120_380	CTR_0	21	71.01
29	O14744_PF05185_295_464	CTR_0	21	87.93
30	O14744_PF05185_295_464	CTR_1	14	86.1
31	O14744_PF17285_37_290	CTR_0	10	91.63
32	O14744_PF17286_467_635	CTR_0	14	95.51
33	O14757_PF00069_9_265	CTR_0	20	72.13
34	O14757_PF00069_9_265	CTR_1	13	85.17
35	O14757_PF00069_9_265	CTR_2	11	88.23
36	O14757_PF00069_9_265	CTR_3	12	84.46
37	O14782_PF00225_16_265	CTR_0	11	88.31
38	O14786_PF00754_290_421	CTR_0	10	94.83
39	O14792_PF00685_54_298	CTR_0	22	90.11
40	O14920_PF00069_15_297	CTR_0	19	75.02
41	O14931_PF07686_22_128	CTR_0	16	79.12
42	O14936_PF00069_12_276	CTR_0	17	73.22
43	O14965_PF00069_133_383	CTR_0	22	82.49
44	O14965_PF00069_133_383	CTR_1	13	85.72
45	O14966_PF00071_9_175	CTR_0	20	82.72
46	O14976_PF00069_40_313	CTR_0	18	84.03
47	O14976_PF00069_40_313	CTR_1	17	83.14
48	O14994_PF02750_193_395	CTR_0	17	84.89
49	O15054_PF02373_1377_1485	CTR_0	14	97.85
50	O15066_PF00225_15_340	CTR_0	13	84.9
51	O15075_PF00069_390_647	CTR_0	13	87.4
52	O15111_PF00069_15_298	CTR_0	19	76.75
53	O15118_PF16414_22_267	CTR_0	18	72.28
54	O15151_PF02201_25_95	CTR_0	15	83.48
55	O15164_PF00439_908_992	CTR_0	13	86.6
56	O15178_PF00907_44_219	CTR_1	11	72.27
57	O15178_PF00907_44_219	CTR_2	13	93.19
58	O15247_PF13410_74_218	CTR_0	14	94.75
59	O15264_PF00069_25_308	CTR_0	14	79.37
60	O15270_PF00155_168_528	CTR_0	18	92.25
61	O15296_PF00305_175_661	CTR_0	17	86.37
62	O15382_PF01063_100_350	CTR_0	16	84.98
63	O15496_PF00068_44_150	CTR_0	20	83.34
64	O15530_PF00069_82_342	CTR_0	20	82.97
65	O15530_PF00069_82_342	CTR_1	13	93.23
66	O15530_PF00069_82_342	CTR_2	11	82.4
67	O15540_PF00061_7_132	CTR_0	21	85.91
68	O15550_PF02373_1133_1241	CTR_0	16	97.42
69	O43175_PF00389_9_317	CTR_0	19	92.53
70	O43175_PF02826_111_285	CTR_0	18	92.53
71	O43252_PF01583_51_209	CTR_0	15	80.6
72	O43252_PF01583_51_209	CTR_1	14	90.75
73	O43252_PF01747_394_617	CTR_0	17	93.21
74	O43293_PF00069_13_275	CTR_0	18	83.16
75	O43353_PF07714_18_290	CTR_0	20	84.59
76	O43488_PF00248_41_348	CTR_0	21	93.25
77	O43570_PF00194_38_289	CTR_0	18	95.9
78	O43683_PF00069_787_1032	CTR_0	19	74.88
79	O43704_PF00685_38_289	CTR_0	17	97.44
80	O43704_PF00685_38_289	CTR_1	18	89.78
81	O43781_PF00069_209_522	CTR_0	20	83.63
82	O43809_PF13869_35_222	CTR_0	18	88.56
83	O43809_PF13869_35_222	CTR_1	12	95.47
84	O43865_PF00670_289_450	CTR_0	20	77.05
85	O43865_PF05221_237_529	CTR_0	21	77.05
86	O43913_PF13191_7_156	CTR_0	9	87.61
87	O43929_PF13191_36_190	CTR_0	9	82.87
88	O60218_PF00248_15_294	CTR_0	21	91.79
89	O60218_PF00248_15_294	CTR_1	11	92.93
90	O60313_PF00350_291_469	CTR_0	12	78.66
91	O60341_PF01593_288_826	CTR_0	26	97.02
92	O60341_PF01593_288_826	CTR_1	13	90.98
93	O60493_PF00787_57_148	CTR_0	10	81.5
94	O60507_PF13469_70_263	CTR_0	12	96.76
95	O60547_PF16363_27_358	CTR_0	22	95.68
96	O60547_PF16363_27_358	CTR_1	20	91.68
97	O60551_PF01233_139_296	CTR_0	14	84.48
98	O60658_PF00233_555_806	CTR_0	16	82.42
99	O60674_PF07714_545_805	CTR_0	17	88.06
100	O60674_PF07714_849_1123	CTR_0	19	87.2
101	O60701_PF03721_5_195	CTR_0	17	89.15
102	O60704_PF13469_69_262	CTR_0	12	96.16
103	O60741_PF00027_493_576	CTR_0	17	89.86
104	O60760_PF02798_4_73	CTR_0	11	96.85
105	O60825_PF01591_26_249	CTR_0	14	79.57
106	O60882_PF00413_116_271	CTR_0	18	91.52
107	O60885_PF00439_357_445	CTR_0	14	89.79
108	O60885_PF00439_67_152	CTR_0	13	92.46
109	O60911_PF00112_114_333	CTR_0	16	94.28
110	O75116_PF00069_92_354	CTR_0	19	84.99
111	O75164_PF02373_175_291	CTR_0	13	94.04
112	O75173_PF01421_218_428	CTR_0	21	72.38
113	O75191_PF02782_295_481	CTR_0	15	84.02
114	O75208_PF08511_210_286	CTR_0	13	96.79
115	O75385_PF00069_16_278	CTR_0	20	86.61
116	O75460_PF00069_571_832	CTR_1	20	73.2
117	O75469_PF00104_238_415	CTR_0	14	93.45
118	O75608_PF02230_8_226	CTR_0	24	85.02
119	O75628_PF00071_82_245	CTR_0	14	92.72
120	O75689_PF00169_130_229	CTR_0	12	89.83
121	O75716_PF00069_20_290	CTR_0	18	88.82
122	O75828_PF00106_6_152	CTR_0	15	92.97
123	O75844_PF01435_228_473	CTR_0	15	90.93
124	O75844_PF16491_41_225	CTR_0	16	96.46
125	O75844_PF16491_41_225	CTR_1	17	95.53
126	O75874_PF00180_9_401	CTR_0	11	82.19
127	O75874_PF00180_9_401	CTR_1	20	87.74
128	O75874_PF00180_9_401	CTR_2	14	90.56
129	O75891_PF00551_1_180	CTR_0	19	84.34
130	O75897_PF00685_45_295	CTR_0	17	96.64
131	O75899_PF00003_475_743	CTR_0	14	86.59
132	O75914_PF00069_283_534	CTR_0	17	77.23
133	O75936_PF02668_107_366	CTR_0	20	72.61
134	O75936_PF02668_107_366	CTR_1	20	73.7
135	O76039_PF00069_13_297	CTR_0	19	83.25
136	O76054_PF00650_81_243	CTR_0	17	96.48
137	O76074_PF00233_612_846	CTR_0	16	87.54
138	O76074_PF00233_612_846	CTR_1	16	95.19
139	O76083_PF00233_311_542	CTR_0	13	85.39
140	O94768_PF00069_33_293	CTR_0	19	91.8
141	O94804_PF00069_36_294	CTR_0	19	78.8
142	O94953_PF02373_176_292	CTR_0	18	94.87
143	O95045_PF01048_60_310	CTR_0	16	96.63
144	O95057_PF00071_9_169	CTR_0	19	86.03
145	O95140_PF00350_99_259	CTR_0	14	77.58
146	O95154_PF00248_12_320	CTR_0	19	93.7
147	O95340_PF01583_41_199	CTR_0	15	82.37
148	O95340_PF01747_384_607	CTR_0	16	75.92
149	O95372_PF02230_11_228	CTR_0	24	88.63
150	O95372_PF02230_11_228	CTR_1	18	92.17
151	O95398_PF00027_265_349	CTR_0	18	87.02
152	O95445_PF11032_1_187	CTR_0	20	92.32
153	O95486_PF08033_744_828	CTR_0	10	94.15
154	O95568_PF13489_171_338	CTR_0	15	91.28
155	O95619_PF03366_42_122	CTR_0	13	90.85
156	O95696_PF00439_571_654	CTR_0	11	92.61
157	O95696_PF00855_930_1044	CTR_0	10	85.02
158	O95716_PF00071_24_185	CTR_0	20	78.86
159	O95718_PF00104_237_416	CTR_0	17	96.31
160	O95749_PF00348_9_251	CTR_0	17	74.13
161	O95819_PF00069_25_289	CTR_0	18	75.57
162	O96013_PF00069_321_572	CTR_0	22	77.3
163	O96017_PF00069_220_486	CTR_0	19	81.65
164	O96028_PF00855_223_334	CTR_0	13	72.72
165	P00325_PF00107_203_339	CTR_0	12	94.72
166	P00325_PF08240_34_161	CTR_0	12	89.28
167	P00326_PF00107_203_339	CTR_0	12	96.23
168	P00326_PF08240_34_161	CTR_0	13	90.76
169	P00338_PF00056_21_160	CTR_0	18	83.15
170	P00338_PF00056_21_160	CTR_1	12	89.23
171	P00338_PF02866_163_331	CTR_0	16	84.56
172	P00374_PF00186_4_185	CTR_0	17	96.23
173	P00374_PF00186_4_185	CTR_1	18	95.08
174	P00387_PF00970_44_151	CTR_0	11	95.31
175	P00439_PF00351_119_449	CTR_0	20	73.94
176	P00439_PF00351_119_449	CTR_1	16	88.19
177	P00441_PF00080_15_150	CTR_0	11	97.03
178	P00441_PF00080_15_150	CTR_1	10	98.56
179	P00441_PF00080_15_150	CTR_2	15	87.13
180	P00480_PF00185_187_341	CTR_0	12	78.23
181	P00491_PF01048_26_280	CTR_0	23	88.47
182	P00492_PF00156_37_196	CTR_0	12	88.91
183	P00519_PF07714_242_493	CTR_1	19	95.05
184	P00533_PF07714_712_968	CTR_0	17	73.46
185	P00558_PF00162_9_406	CTR_0	18	83.06
186	P00558_PF00162_9_406	CTR_1	16	90.46
187	P00568_PF00406_13_169	CTR_0	22	90.28
188	P00747_PF00051_103_181	CTR_0	10	93.29
189	P00747_PF00051_185_262	CTR_0	10	82.94
190	P00749_PF00089_179_419	CTR_1	14	81.41
191	P00751_PF00089_481_752	CTR_0	19	81.9
192	P00813_PF00962_10_350	CTR_0	26	97.14
193	P00915_PF00194_12_261	CTR_0	17	96.06
194	P00918_PF00194_11_259	CTR_0	18	96.77
195	P00918_PF00194_11_259	CTR_1	14	97.7
196	P00918_PF00194_11_259	CTR_2	18	97.69
197	P01009_PF00079_52_415	CTR_0	19	81.08
198	P01111_PF00071_5_165	CTR_0	20	78.13
199	P01111_PF00071_5_165	CTR_1	14	86.08
200	P01112_PF00071_5_165	CTR_0	18	79.9
201	P01112_PF00071_5_165	CTR_1	16	92.32
202	P01112_PF00071_5_165	CTR_2	11	86.62
203	P01112_PF00071_5_165	CTR_3	23	83.81
204	P01116_PF00071_5_165	CTR_0	19	79.81
205	P01116_PF00071_5_165	CTR_1	20	80.94
206	P01116_PF00071_5_165	CTR_2	16	87.32
207	P01116_PF00071_5_165	CTR_3	12	79.81
208	P01889_PF00129_25_203	CTR_0	20	97.57
209	P02689_PF00061_6_132	CTR_0	22	84.68
210	P02743_PF00354_26_219	CTR_0	11	97.43
211	P02753_PF00061_39_188	CTR_0	17	83.32
212	P02766_PF00576_32_139	CTR_0	11	97.95
213	P02768_PF00273_222_394	CTR_0	16	95.58
214	P02768_PF00273_222_394	CTR_1	16	94.3
215	P02768_PF00273_222_394	CTR_2	11	94.64
216	P02768_PF00273_30_202	CTR_0	11	92.42
217	P02768_PF00273_30_202	CTR_1	10	86.81
218	P02768_PF00273_30_202	CTR_2	18	91.88
219	P02768_PF00273_30_202	CTR_3	19	93.07
220	P02768_PF00273_414_592	CTR_0	15	95.65
221	P02768_PF00273_414_592	CTR_1	21	75.03
222	P02768_PF00273_414_592	CTR_2	21	72.85
223	P02768_PF00273_414_592	CTR_3	14	86.76
224	P02768_PF00273_414_592	CTR_4	16	72.85
225	P02768_PF00273_414_592	CTR_5	19	91.06
226	P02768_PF00273_414_592	CTR_6	14	86.76
227	P02768_PF00273_414_592	CTR_7	11	94.15
228	P02774_PF00273_27_199	CTR_0	11	91.56
229	P03372_PF00104_332_531	CTR_0	18	92.56
230	P03372_PF00104_332_531	CTR_1	14	88.86
231	P03952_PF00089_391_621	CTR_0	20	71.38
232	P03952_PF00089_391_621	CTR_1	12	78.23
233	P03956_PF00413_108_261	CTR_0	14	95.79
234	P04040_PF00199_28_411	CTR_0	11	98.57
235	P04049_PF07714_349_606	CTR_0	18	81.82
236	P04150_PF00104_549_741	CTR_0	20	93.6
237	P04150_PF00104_549_741	CTR_1	11	86.32
238	P04181_PF00202_50_436	CTR_0	14	95.75
239	P04278_PF00054_75_205	CTR_0	22	74.96
240	P04626_PF07714_720_976	CTR_0	20	73.67
241	P04637_PF00870_99_289	CTR_0	16	93.35
242	P04637_PF00870_99_289	CTR_1	15	96.28
243	P04637_PF00870_99_289	CTR_2	14	88.03
244	P04746_PF00128_46_348	CTR_0	17	86.43
245	P04746_PF00128_46_348	CTR_1	14	97.27
246	P04818_PF00303_31_313	CTR_0	20	81.0
247	P05089_PF00491_6_305	CTR_0	22	96.5
248	P05090_PF00061_43_184	CTR_0	19	90.06
249	P05093_PF00067_28_493	CTR_0	20	86.79
250	P05108_PF00067_52_511	CTR_0	15	98.23
251	P05121_PF00079_33_402	CTR_0	17	87.88
252	P05164_PF03098_173_718	CTR_0	13	72.88
253	P05177_PF00067_42_505	CTR_0	24	94.09
254	P05181_PF00067_33_489	CTR_0	19	96.84
255	P05230_PF00167_25_148	CTR_0	15	93.43
256	P05413_PF00061_6_132	CTR_0	21	83.76
257	P05543_PF00079_44_412	CTR_0	17	84.15
258	P05771_PF00069_342_600	CTR_0	18	84.12
259	P05981_PF00089_163_400	CTR_0	17	80.01
260	P06126_PF16497_1_197	CTR_0	14	90.78
261	P06132_PF01208_14_360	CTR_0	16	88.33
262	P06239_PF07714_245_494	CTR_0	22	83.77
263	P06241_PF07714_271_520	CTR_0	20	86.09
264	P06276_PF00135_30_550	CTR_0	17	91.36
265	P06276_PF00135_30_550	CTR_1	15	97.28
266	P06401_PF00104_704_891	CTR_0	17	92.27
267	P06493_PF00069_4_287	CTR_0	20	81.7
268	P06730_PF01652_38_197	CTR_0	11	93.28
269	P06730_PF01652_38_197	CTR_1	13	97.4
270	P06744_PF00342_54_546	CTR_0	21	89.23
271	P06746_PF14792_149_262	CTR_0	15	95.47
272	P06858_PF00151_17_338	CTR_0	9	85.51
273	P07101_PF00351_195_525	CTR_0	17	84.13
274	P07108_PF00887_3_78	CTR_0	13	95.12
275	P07148_PF14651_1_127	CTR_0	19	83.75
276	P07148_PF14651_1_127	CTR_1	21	83.75
277	P07195_PF00056_22_161	CTR_0	18	83.87
278	P07306_PF00059_171_279	CTR_0	14	96.72
279	P07327_PF00107_203_339	CTR_0	13	95.21
280	P07327_PF08240_34_161	CTR_0	10	94.55
281	P07332_PF07714_561_814	CTR_0	20	84.77
282	P07360_PF00061_48_186	CTR_0	12	94.59
283	P07437_PF00091_3_212	CTR_0	18	88.19
284	P07477_PF00089_24_239	CTR_0	13	86.88
285	P07686_PF00728_200_517	CTR_0	16	96.02
286	P07711_PF00112_114_332	CTR_0	15	96.07
287	P07741_PF00156_28_173	CTR_0	13	83.12
288	P07814_PF00587_1108_1287	CTR_1	13	84.22
289	P07858_PF00112_80_329	CTR_0	13	94.48
290	P07858_PF00112_80_329	CTR_1	15	97.13
291	P07900_PF02518_40_194	CTR_0	22	82.06
292	P07902_PF01087_22_196	CTR_0	14	85.7
293	P07948_PF07714_247_497	CTR_0	22	84.76
294	P07949_PF07714_724_1005	CTR_0	22	74.69
295	P08134_PF00071_7_180	CTR_0	18	83.86
296	P08185_PF00079_41_404	CTR_0	14	86.23
297	P08235_PF00104_758_946	CTR_0	17	94.53
298	P08240_PF00448_418_637	CTR_0	17	88.19
299	P08246_PF00089_30_242	CTR_0	13	93.05
300	P08254_PF00413_108_264	CTR_0	17	85.73
301	P08254_PF00413_108_264	CTR_1	10	82.89
302	P08263_PF02798_5_77	CTR_0	10	98.0
303	P08311_PF00089_21_238	CTR_0	11	88.62
304	P08319_PF00107_208_340	CTR_0	12	91.65
305	P08631_PF07714_262_511	CTR_0	20	86.26
306	P08684_PF00067_38_493	CTR_0	14	71.55
307	P08686_PF00067_27_480	CTR_0	17	86.3
308	P08709_PF00089_213_447	CTR_1	12	84.12
309	P08754_PF00503_13_343	CTR_0	22	94.09
310	P09211_PF02798_4_75	CTR_0	9	97.89
311	P09237_PF00413_103_259	CTR_0	13	80.56
312	P09238_PF00413_107_263	CTR_0	16	87.39
313	P09382_PF00337_5_134	CTR_0	9	95.06
314	P09417_PF00106_11_198	CTR_0	21	92.83
315	P09455_PF00061_6_134	CTR_0	18	89.36
316	P09467_PF00316_12_199	CTR_0	17	81.87
317	P09601_PF01126_11_216	CTR_0	21	85.28
318	P09601_PF01126_11_216	CTR_1	14	85.28
319	P09622_PF07992_42_370	CTR_0	24	96.72
320	P09622_PF07992_42_370	CTR_1	17	96.14
321	P09622_PF07992_42_370	CTR_2	13	97.76
322	P09917_PF00305_216_662	CTR_0	17	97.12
323	P09958_PF00082_144_427	CTR_0	15	90.43
324	P09960_PF01433_233_448	CTR_0	14	86.11
325	P09960_PF17900_18_202	CTR_0	15	94.23
326	P0C024_PF00293_38_166	CTR_0	19	84.95
327	P0C024_PF00293_38_166	CTR_1	14	87.63
328	P0C1S8_PF00069_212_486	CTR_0	16	90.71
329	P0CG30_PF02798_5_75	CTR_0	12	98.22
330	P0DMM9_PF00685_38_288	CTR_0	18	96.54
331	P0DMM9_PF00685_38_288	CTR_1	18	93.67
332	P0DP23_PF13499_10_74	CTR_0	12	74.34
333	P0DPD7_PF08241_63_173	CTR_0	18	96.62
334	P0DUB6_PF00128_52_348	CTR_0	19	96.38
335	P10114_PF00071_5_166	CTR_0	19	82.91
336	P10153_PF00074_33_158	CTR_0	12	96.39
337	P10275_PF00104_690_881	CTR_0	19	93.67
338	P10275_PF00104_690_881	CTR_1	11	89.49
339	P10275_PF00104_690_881	CTR_2	11	90.55
340	P10276_PF00104_224_401	CTR_0	18	93.88
341	P10599_PF00085_2_103	CTR_0	18	95.09
342	P10599_PF00085_2_103	CTR_1	21	95.58
343	P10619_PF00450_39_477	CTR_0	26	90.67
344	P10632_PF00067_30_487	CTR_0	17	71.58
345	P10632_PF00067_30_487	CTR_1	19	78.83
346	P10635_PF00067_34_494	CTR_0	18	85.18
347	P10635_PF00067_34_494	CTR_1	16	79.2
348	P10644_PF00027_273_360	CTR_0	17	82.79
349	P10826_PF00104_224_401	CTR_0	18	94.1
350	P10827_PF00104_204_379	CTR_0	15	82.15
351	P10828_PF00104_265_445	CTR_0	18	93.94
352	P11172_PF00156_42_167	CTR_0	9	87.87
353	P11172_PF00215_252_466	CTR_0	20	90.28
354	P11233_PF00071_16_177	CTR_0	20	73.03
355	P11234_PF00071_16_178	CTR_0	18	70.56
356	P11309_PF00069_38_290	CTR_0	20	74.84
357	P11309_PF00069_38_290	CTR_1	13	95.73
358	P11362_PF07714_478_754	CTR_0	20	72.92
359	P11388_PF02518_76_225	CTR_0	20	75.1
360	P11413_PF00479_35_210	CTR_0	16	91.49
361	P11413_PF02781_212_509	CTR_0	13	95.67
362	P11473_PF00104_216_406	CTR_0	18	92.85
363	P11474_PF00104_224_404	CTR_0	19	89.66
364	P11509_PF00067_34_491	CTR_0	17	97.95
365	P11511_PF00067_46_488	CTR_0	17	93.41
366	P11586_PF02882_128_295	CTR_0	16	88.28
367	P11597_PF02886_243_480	CTR_0	18	96.95
368	P11597_PF02886_243_480	CTR_1	11	97.13
369	P11712_PF00067_30_487	CTR_0	20	85.64
370	P11712_PF00067_30_487	CTR_1	17	79.46
371	P11766_PF00107_202_334	CTR_0	12	94.42
372	P12104_PF00061_4_132	CTR_0	21	78.05
373	P12268_PF00478_29_504	CTR_0	13	77.74
374	P12268_PF00478_29_504	CTR_1	28	78.56
375	P12268_PF00478_29_504	CTR_2	20	73.94
376	P12268_PF00478_29_504	CTR_3	13	89.57
377	P12268_PF00478_29_504	CTR_4	10	77.27
378	P12268_PF00571_107_166	CTR_0	9	77.74
379	P12271_PF00650_141_291	CTR_0	20	87.2
380	P12544_PF00089_29_254	CTR_0	15	90.92
381	P12883_PF00063_87_766	CTR_0	14	75.36
382	P12931_PF00017_151_233	CTR_0	13	89.06
383	P12931_PF07714_270_519	CTR_0	23	85.94
384	P13051_PF03167_140_302	CTR_0	14	89.08
385	P13497_PF01400_128_321	CTR_0	11	87.28
386	P13497_PF01400_128_321	CTR_1	16	86.96
387	P13591_PF00041_508_598	CTR_0	13	86.66
388	P13631_PF00104_226_403	CTR_0	16	95.17
389	P13716_PF00490_5_326	CTR_0	22	80.37
390	P13804_PF00766_211_291	CTR_0	15	95.99
391	P13995_PF02882_158_332	CTR_0	19	93.48
392	P13995_PF02882_158_332	CTR_1	14	96.69
393	P14061_PF00106_4_201	CTR_0	20	78.7
394	P14061_PF00106_4_201	CTR_1	16	78.0
395	P14174_PF01187_2_115	CTR_0	15	97.78
396	P14207_PF03024_30_205	CTR_0	13	85.63
397	P14210_PF00051_128_206	CTR_0	9	91.99
398	P14324_PF00348_108_374	CTR_0	19	87.6
399	P14324_PF00348_108_374	CTR_1	10	92.75
400	P14324_PF00348_108_374	CTR_2	11	87.6
401	P14555_PF00068_22_130	CTR_0	18	81.06
402	P14618_PF00224_42_395	CTR_0	10	98.73
403	P14618_PF00224_42_395	CTR_1	13	90.03
404	P14625_PF02518_96_255	CTR_0	20	81.82
405	P14920_PF01266_2_329	CTR_0	24	97.58
406	P14920_PF01266_2_329	CTR_1	18	92.25
407	P15085_PF00246_128_406	CTR_0	20	91.91
408	P15090_PF00061_6_132	CTR_0	19	92.03
409	P15104_PF00120_110_361	CTR_0	17	98.26
410	P15121_PF00248_15_294	CTR_0	12	96.1
411	P15121_PF00248_15_294	CTR_1	21	96.84
412	P15144_PF01433_316_543	CTR_0	14	75.8
413	P15153_PF00071_5_178	CTR_0	17	79.95
414	P15291_PF13733_130_263	CTR_0	10	96.08
415	P15328_PF03024_36_211	CTR_0	15	84.86
416	P15428_PF00106_6_199	CTR_0	21	94.61
417	P15531_PF00334_5_139	CTR_0	12	92.95
418	P15538_PF00067_42_498	CTR_0	15	89.46
419	P15538_PF00067_42_498	CTR_1	16	84.8
420	P15559_PF02525_4_212	CTR_0	14	97.74
421	P15735_PF00069_24_291	CTR_0	17	85.8
422	P15813_PF16497_1_198	CTR_0	20	94.65
423	P15813_PF16497_1_198	CTR_1	18	96.67
424	P16083_PF02525_4_212	CTR_0	16	98.1
425	P16083_PF02525_4_212	CTR_1	16	98.24
426	P16118_PF01591_30_251	CTR_0	19	75.98
427	P16152_PF00106_6_152	CTR_0	16	96.91
428	P16233_PF00151_17_352	CTR_0	23	74.9
429	P16233_PF00151_17_352	CTR_1	22	80.49
430	P16278_PF01301_40_357	CTR_0	18	95.66
431	P16435_PF00175_530_641	CTR_0	14	92.13
432	P16435_PF00258_82_219	CTR_0	15	83.56
433	P16444_PF01244_25_352	CTR_0	17	97.7
434	P16871_PF00041_130_218	CTR_0	15	91.25
435	P17081_PF00071_11_184	CTR_0	18	80.2
436	P17174_PF00155_31_405	CTR_0	17	87.63
437	P17213_PF02886_249_486	CTR_0	17	96.3
438	P17252_PF00069_339_597	CTR_0	18	82.15
439	P17516_PF00248_18_301	CTR_0	17	92.9
440	P17612_PF00069_44_298	CTR_0	15	91.74
441	P17643_PF00264_182_417	CTR_0	22	96.68
442	P17752_PF00351_106_436	CTR_0	13	75.23
443	P17752_PF00351_106_436	CTR_1	18	87.28
444	P17812_PF06418_2_272	CTR_0	11	83.62
445	P17812_PF06418_2_272	CTR_1	11	89.0
446	P17858_PF00365_17_324	CTR_0	15	87.63
447	P17900_PF02221_33_190	CTR_0	9	96.56
448	P17900_PF02221_33_190	CTR_1	19	76.05
449	P17900_PF02221_33_190	CTR_2	11	76.18
450	P17931_PF00337_117_247	CTR_0	10	98.55
451	P17980_PF00004_223_356	CTR_0	10	84.85
452	P18031_PF00102_40_276	CTR_0	14	80.51
453	P18031_PF00102_40_276	CTR_1	15	95.24
454	P18031_PF00102_40_276	CTR_2	16	97.45
455	P18031_PF00102_40_276	CTR_3	13	88.35
456	P18031_PF00102_40_276	CTR_4	11	97.47
457	P18031_PF00102_40_276	CTR_5	13	93.3
458	P18031_PF00102_40_276	CTR_6	14	95.36
459	P18031_PF00102_40_276	CTR_7	11	98.37
460	P18031_PF00102_40_276	CTR_8	12	97.52
461	P18085_PF00025_5_177	CTR_0	16	74.72
462	P18669_PF00300_6_138	CTR_0	15	79.21
463	P19099_PF00067_42_499	CTR_0	16	86.49
464	P19113_PF00282_36_414	CTR_0	12	97.36
465	P19367_PF03727_673_907	CTR_0	17	89.29
466	P19525_PF00069_267_537	CTR_0	16	83.02
467	P19652_PF00061_40_180	CTR_0	19	87.84
468	P19784_PF00069_40_325	CTR_0	17	92.27
469	P19784_PF00069_40_325	CTR_1	21	88.49
470	P19793_PF00104_257_442	CTR_0	19	87.25
471	P19793_PF00104_257_442	CTR_1	9	79.16
472	P19801_PF01179_300_708	CTR_0	11	89.19
473	P20151_PF00089_25_253	CTR_0	19	87.13
474	P20231_PF00089_31_267	CTR_0	20	92.94
475	P20231_PF00089_31_267	CTR_1	14	93.15
476	P20337_PF00071_24_185	CTR_0	21	81.52
477	P20339_PF00071_22_183	CTR_0	19	93.0
478	P20340_PF00071_15_175	CTR_0	19	87.07
479	P20591_PF00350_73_249	CTR_0	13	73.96
480	P20701_PF00092_156_326	CTR_0	14	71.81
481	P20813_PF00067_31_488	CTR_0	19	90.97
482	P20813_PF00067_31_488	CTR_1	15	83.7
483	P20813_PF00067_31_488	CTR_2	13	90.51
484	P20813_PF00067_31_488	CTR_3	27	85.65
485	P20813_PF00067_31_488	CTR_4	18	90.51
486	P20815_PF00067_38_492	CTR_0	15	79.89
487	P20839_PF00478_29_504	CTR_0	27	83.65
488	P20839_PF00478_29_504	CTR_1	11	79.93
489	P20839_PF00478_29_504	CTR_2	17	79.24
490	P20839_PF00478_29_504	CTR_3	21	76.72
491	P20839_PF00478_29_504	CTR_4	7	79.24
492	P20839_PF00478_29_504	CTR_5	13	90.74
493	P20839_PF00478_29_504	CTR_6	10	87.07
494	P20839_PF00571_107_166	CTR_0	9	79.24
495	P21397_PF01593_23_460	CTR_0	28	98.22
496	P21397_PF01593_23_460	CTR_1	18	97.59
497	P21549_PF00266_24_376	CTR_0	11	97.46
498	P21549_PF00266_24_376	CTR_1	19	94.1
499	P21589_PF02872_338_513	CTR_0	14	94.3
500	P21675_PF00439_1389_1472	CTR_0	12	84.01
501	P21675_PF00439_1511_1595	CTR_0	13	84.82
502	P21860_PF07714_709_965	CTR_0	16	71.78
503	P21964_PF01596_67_228	CTR_0	19	92.54
504	P21964_PF01596_67_228	CTR_1	12	91.19
505	P22087_PF01269_88_315	CTR_0	17	86.89
506	P22102_PF00551_808_988	CTR_0	13	84.04
507	P22102_PF00551_808_988	CTR_1	17	89.09
508	P22102_PF01071_105_298	CTR_0	15	83.82
509	P22234_PF00731_267_409	CTR_0	20	95.73
510	P22303_PF00135_37_563	CTR_0	17	97.9
511	P22392_PF00334_5_139	CTR_0	12	92.08
512	P22455_PF07714_467_743	CTR_0	19	71.43
513	P22680_PF00067_32_497	CTR_0	13	94.63
514	P22736_PF00104_394_579	CTR_0	21	88.78
515	P22736_PF00104_394_579	CTR_1	12	89.68
516	P22748_PF00194_37_285	CTR_0	18	97.19
517	P22830_PF00762_68_389	CTR_0	16	82.51
518	P22830_PF00762_68_389	CTR_1	13	79.18
519	P22894_PF00413_107_262	CTR_0	16	95.6
520	P22894_PF00413_107_262	CTR_1	21	92.26
521	P23141_PF00135_22_547	CTR_0	24	72.71
522	P23141_PF00135_22_547	CTR_2	14	98.13
523	P23141_PF00135_22_547	CTR_3	17	90.4
524	P23258_PF00091_4_215	CTR_0	18	89.91
525	P23368_PF03949_280_535	CTR_0	14	87.88
526	P23443_PF00069_91_352	CTR_0	17	74.65
527	P23458_PF07714_875_1149	CTR_0	20	80.68
528	P23467_PF00102_1727_1962	CTR_0	13	76.02
529	P23526_PF00670_191_352	CTR_0	18	92.11
530	P23526_PF05221_140_431	CTR_0	20	92.11
531	P23526_PF05221_140_431	CTR_1	16	92.11
532	P23919_PF02223_11_191	CTR_0	15	84.42
533	P23919_PF02223_11_191	CTR_1	19	87.29
534	P23921_PF03477_1_89	CTR_0	15	82.44
535	P23946_PF00089_22_240	CTR_0	16	90.89
536	P24666_PF01451_9_154	CTR_0	15	94.62
537	P24666_PF01451_9_154	CTR_1	13	95.53
538	P24723_PF00069_355_614	CTR_0	18	78.73
539	P24752_PF00108_42_299	CTR_0	14	97.88
540	P24821_PF00147_1980_2189	CTR_0	14	89.82
541	P24941_PF00069_4_286	CTR_0	21	80.2
542	P24941_PF00069_4_286	CTR_2	16	94.35
543	P24941_PF00069_4_286	CTR_3	12	77.79
544	P24941_PF00069_4_286	CTR_4	10	91.2
545	P25098_PF00069_191_453	CTR_0	18	78.03
546	P25205_PF00493_280_505	CTR_0	12	78.64
547	P25311_PF00129_26_201	CTR_0	14	97.7
548	P25440_PF00439_353_441	CTR_0	15	93.62
549	P25440_PF00439_83_168	CTR_0	13	92.51
550	P25774_PF00112_115_330	CTR_0	15	95.44
551	P25774_PF00112_115_330	CTR_1	10	96.6
552	P26196_PF00271_320_429	CTR_0	10	94.09
553	P26358_PF00145_1139_1594	CTR_0	16	83.71
554	P26639_PF00587_397_608	CTR_0	13	87.58
555	P26639_PF00587_397_608	CTR_1	21	85.81
556	P27037_PF00069_196_481	CTR_0	20	85.39
557	P27144_PF00406_10_190	CTR_0	15	84.44
558	P27338_PF01593_14_451	CTR_0	29	97.6
559	P27338_PF01593_14_451	CTR_1	21	92.81
560	P27348_PF00244_9_229	CTR_0	10	95.59
561	P27361_PF00069_42_330	CTR_0	19	71.75
562	P27361_PF00069_42_330	CTR_1	20	84.87
563	P27448_PF00069_56_307	CTR_0	16	80.44
564	P27487_PF00326_559_765	CTR_0	12	98.56
565	P27694_PF04057_5_104	CTR_0	13	85.07
566	P27707_PF01712_24_258	CTR_0	14	76.26
567	P27707_PF01712_24_258	CTR_1	16	90.08
568	P27815_PF00233_432_672	CTR_0	16	91.4
569	P28161_PF02798_3_82	CTR_0	11	98.5
570	P28347_PF17725_214_423	CTR_0	20	92.12
571	P28702_PF00104_331_513	CTR_0	19	84.12
572	P28845_PF00106_35_230	CTR_0	21	95.69
573	P28845_PF00106_35_230	CTR_1	16	94.9
574	P28907_PF02267_56_296	CTR_0	13	94.59
575	P29016_PF16497_1_198	CTR_0	15	95.16
576	P29016_PF16497_1_198	CTR_1	14	94.15
577	P29017_PF16497_1_199	CTR_0	20	90.83
578	P29017_PF16497_1_199	CTR_1	12	91.94
579	P29017_PF16497_1_199	CTR_2	21	94.36
580	P29017_PF16497_1_199	CTR_3	16	93.21
581	P29317_PF07714_613_871	CTR_0	18	80.0
582	P29373_PF00061_5_138	CTR_0	19	90.12
583	P29373_PF00061_5_138	CTR_1	10	94.74
584	P29401_PF00456_14_283	CTR_0	15	92.84
585	P29474_PF02898_119_481	CTR_0	16	83.35
586	P29475_PF02898_355_717	CTR_0	16	83.82
587	P29475_PF02898_355_717	CTR_1	10	92.84
588	P29597_PF07714_589_866	CTR_0	21	92.36
589	P29597_PF07714_897_1169	CTR_0	24	79.2
590	P29973_PF00027_497_588	CTR_0	14	81.35
591	P29992_PF00503_16_348	CTR_0	22	94.95
592	P30043_PF13460_10_192	CTR_0	17	93.74
593	P30043_PF13460_10_192	CTR_1	14	96.26
594	P30044_PF08534_57_211	CTR_0	16	95.65
595	P30046_PF01187_2_116	CTR_0	13	95.15
596	P30086_PF01161_25_169	CTR_0	17	94.83
597	P30291_PF00069_299_569	CTR_0	17	89.85
598	P30405_PF00160_49_205	CTR_0	16	96.14
599	P30405_PF00160_49_205	CTR_1	9	97.72
600	P30405_PF00160_49_205	CTR_2	13	96.24
601	P30419_PF01233_137_294	CTR_0	12	89.76
602	P30519_PF01126_31_236	CTR_0	17	91.05
603	P30520_PF00709_32_453	CTR_0	19	80.05
604	P30711_PF13417_5_82	CTR_0	11	97.41
605	P30793_PF01227_71_249	CTR_0	12	93.97
606	P31327_PF02142_1373_1465	CTR_0	16	83.38
607	P31327_PF02786_546_750	CTR_0	18	89.84
608	P31749_PF00069_150_408	CTR_0	16	72.16
609	P31751_PF00069_152_409	CTR_0	18	71.66
610	P31937_PF03446_41_200	CTR_0	17	89.73
611	P31939_PF02142_16_130	CTR_0	19	88.74
612	P31947_PF00244_9_231	CTR_0	11	94.91
613	P31947_PF00244_9_231	CTR_1	10	96.2
614	P31947_PF00244_9_231	CTR_2	10	88.68
615	P31947_PF00244_9_231	CTR_3	11	93.36
616	P32298_PF00069_187_449	CTR_0	19	82.61
617	P32320_PF00383_12_118	CTR_0	19	97.48
618	P32455_PF02841_284_580	CTR_0	14	92.09
619	P32929_PF01053_19_395	CTR_0	22	82.11
620	P33176_PF00225_14_325	CTR_0	13	89.07
621	P33261_PF00067_30_487	CTR_0	16	89.92
622	P33981_PF00069_525_791	CTR_0	18	86.17
623	P33991_PF00493_445_670	CTR_0	12	82.5
624	P33993_PF00493_320_541	CTR_0	11	79.02
625	P34096_PF00074_31_146	CTR_0	10	98.05
626	P34897_PF00464_49_448	CTR_0	13	76.03
627	P34913_PF00561_259_531	CTR_0	15	89.19
628	P34913_PF00702_3_197	CTR_0	15	73.57
629	P34913_PF00702_3_197	CTR_1	19	73.57
630	P34947_PF00069_186_448	CTR_0	17	82.58
631	P35030_PF00089_81_296	CTR_0	22	87.68
632	P35228_PF02898_135_497	CTR_0	19	92.48
633	P35270_PF00106_8_214	CTR_0	21	96.63
634	P35270_PF00106_8_214	CTR_1	14	97.32
635	P35270_PF00106_8_214	CTR_2	22	83.52
636	P35354_PF03098_198_560	CTR_0	12	95.37
637	P35354_PF03098_198_560	CTR_1	22	94.82
638	P35398_PF00104_308_494	CTR_0	15	92.68
639	P35557_PF00349_15_215	CTR_0	11	76.94
640	P35557_PF03727_221_455	CTR_0	14	91.11
641	P35558_PF00821_260_618	CTR_0	19	86.33
642	P35558_PF00821_260_618	CTR_1	14	94.44
643	P35914_PF00682_32_306	CTR_0	13	85.22
644	P36404_PF00025_3_176	CTR_0	17	95.84
645	P36507_PF00069_72_369	CTR_0	21	73.33
646	P36639_PF00293_45_168	CTR_0	20	92.58
647	P36873_PF00149_57_252	CTR_0	13	95.3
648	P36897_PF00069_205_492	CTR_0	19	83.06
649	P36959_PF00478_9_342	CTR_0	28	90.03
650	P37023_PF07714_202_489	CTR_0	21	88.61
651	P37173_PF07714_244_538	CTR_0	24	80.98
652	P37173_PF08917_49_159	CTR_0	11	78.7
653	P37231_PF00104_300_486	CTR_0	17	84.99
654	P37268_PF00494_47_320	CTR_0	15	79.45
655	P38117_PF01012_26_214	CTR_0	20	95.07
656	P38606_PF00006_230_455	CTR_0	12	81.1
657	P39900_PF00413_108_263	CTR_0	17	93.57
658	P40306_PF00227_36_217	CTR_0	20	77.11
659	P40337_PF01847_63_144	CTR_0	8	96.61
660	P40394_PF00107_214_350	CTR_0	13	91.77
661	P40616_PF00025_5_177	CTR_0	17	88.99
662	P40926_PF00056_25_168	CTR_0	20	82.81
663	P41180_PF00003_606_856	CTR_0	14	87.68
664	P41222_PF00061_40_184	CTR_0	14	81.07
665	P41235_PF00104_172_361	CTR_0	25	86.81
666	P41240_PF07714_195_440	CTR_0	18	81.71
667	P41250_PF00587_291_592	CTR_0	20	87.87
668	P41743_PF00069_254_522	CTR_0	18	72.53
669	P42126_PF00378_52_301	CTR_0	16	78.0
670	P42330_PF00248_18_301	CTR_0	18	91.27
671	P42330_PF00248_18_301	CTR_1	10	87.92
672	P42574_PF00656_44_274	CTR_0	9	87.13
673	P42684_PF07714_288_539	CTR_0	21	77.23
674	P42684_PF07714_288_539	CTR_2	15	91.99
675	P42898_PF02219_48_337	CTR_0	18	79.32
676	P43166_PF00194_13_262	CTR_0	16	97.54
677	P43235_PF00112_115_328	CTR_0	16	97.32
678	P43235_PF00112_115_328	CTR_1	11	95.39
679	P43235_PF00112_115_328	CTR_2	12	96.08
680	P43246_PF00488_665_852	CTR_0	10	73.63
681	P43250_PF00069_186_448	CTR_0	19	79.05
682	P43354_PF00104_393_579	CTR_0	12	88.63
683	P43403_PF07714_338_593	CTR_0	18	70.2
684	P43405_PF07714_371_626	CTR_0	22	86.74
685	P43652_PF00273_222_394	CTR_0	11	90.41
686	P43652_PF00273_30_202	CTR_0	11	87.61
687	P45452_PF00413_112_267	CTR_0	18	92.19
688	P45983_PF00069_26_321	CTR_0	19	78.91
689	P45984_PF00069_26_321	CTR_1	21	80.05
690	P45985_PF00069_102_367	CTR_0	19	73.82
691	P46597_PF00891_117_327	CTR_0	18	89.31
692	P46597_PF00891_117_327	CTR_1	14	93.19
693	P46934_PF00632_1013_1318	CTR_0	12	76.41
694	P48443_PF00104_255_443	CTR_0	18	84.6
695	P48728_PF01571_38_291	CTR_0	18	98.25
696	P48729_PF00069_17_260	CTR_0	19	74.29
697	P48729_PF00069_17_260	CTR_1	10	93.93
698	P48730_PF00069_9_271	CTR_0	20	77.64
699	P48735_PF00180_45_441	CTR_0	13	88.13
700	P48735_PF00180_45_441	CTR_1	12	90.86
701	P49327_PF00698_493_810	CTR_0	12	77.36
702	P49336_PF00069_22_335	CTR_0	19	72.36
703	P49366_PF01916_44_354	CTR_0	11	98.42
704	P49366_PF01916_44_354	CTR_1	10	98.04
705	P49366_PF01916_44_354	CTR_2	24	96.6
706	P49427_PF00179_12_166	CTR_0	15	90.35
707	P49591_PF00587_248_444	CTR_0	14	91.81
708	P49638_PF00650_97_247	CTR_0	15	94.52
709	P49638_PF00650_97_247	CTR_1	18	93.2
710	P49674_PF00069_9_270	CTR_0	22	73.67
711	P49736_PF00493_460_683	CTR_0	10	84.46
712	P49759_PF00069_161_477	CTR_0	20	85.48
713	P49759_PF00069_161_477	CTR_1	16	90.6
714	P49760_PF00069_163_479	CTR_0	19	89.01
715	P49761_PF00069_304_620	CTR_0	20	87.0
716	P49773_PF01230_24_121	CTR_0	12	94.61
717	P49789_PF01230_9_105	CTR_0	12	91.77
718	P49789_PF01230_9_105	CTR_1	17	91.77
719	P49841_PF00069_56_340	CTR_0	18	89.12
720	P49862_PF00089_30_245	CTR_0	11	93.81
721	P49888_PF00685_37_287	CTR_0	17	97.61
722	P49888_PF00685_37_287	CTR_1	16	88.64
723	P49916_PF01068_483_677	CTR_0	21	82.17
724	P49917_PF01068_248_451	CTR_0	14	87.07
725	P50053_PF00294_3_294	CTR_0	19	93.72
726	P50120_PF00061_6_134	CTR_0	20	86.27
727	P50135_PF13489_27_217	CTR_0	11	86.76
728	P50135_PF13489_27_217	CTR_1	17	94.09
729	P50135_PF13489_27_217	CTR_2	16	76.25
730	P50213_PF00180_33_358	CTR_0	11	89.91
731	P50225_PF00685_38_288	CTR_0	18	96.5
732	P50225_PF00685_38_288	CTR_1	17	93.88
733	P50225_PF00685_38_288	CTR_2	17	91.21
734	P50226_PF00685_38_288	CTR_0	18	96.23
735	P50579_PF00557_167_466	CTR_0	18	97.59
736	P50583_PF00293_12_137	CTR_0	13	85.65
737	P50750_PF00069_19_315	CTR_0	20	82.41
738	P51148_PF00071_23_184	CTR_0	18	89.34
739	P51149_PF00071_10_175	CTR_0	19	80.76
740	P51151_PF00071_9_174	CTR_0	19	82.56
741	P51157_PF00071_14_179	CTR_0	19	75.48
742	P51159_PF00071_11_183	CTR_0	18	83.31
743	P51161_PF14651_1_128	CTR_0	18	73.63
744	P51161_PF14651_1_128	CTR_1	22	72.85
745	P51161_PF14651_1_128	CTR_2	24	73.63
746	P51449_PF00104_309_488	CTR_0	18	91.69
747	P51449_PF00104_309_488	CTR_1	10	94.53
748	P51449_PF00104_309_488	CTR_2	13	82.63
749	P51452_PF00782_37_176	CTR_0	10	93.49
750	P51512_PF00413_126_291	CTR_0	13	78.2
751	P51531_PF00439_1411_1493	CTR_0	11	83.42
752	P51532_PF00439_1462_1551	CTR_0	11	84.49
753	P51553_PF00180_56_381	CTR_0	11	89.18
754	P51617_PF00069_212_517	CTR_0	18	86.26
755	P51659_PF00106_10_212	CTR_0	21	80.6
756	P51812_PF00069_422_679	CTR_0	20	73.0
757	P51812_PF00069_68_327	CTR_0	16	84.84
758	P51813_PF07714_417_666	CTR_0	20	79.47
759	P51857_PF00248_20_304	CTR_0	18	88.23
760	P51857_PF00248_20_304	CTR_1	9	87.9
761	P51955_PF00069_8_271	CTR_0	18	72.63
762	P52333_PF07714_822_1095	CTR_0	21	89.97
763	P52333_PF07714_822_1095	CTR_1	19	87.28
764	P52564_PF00069_53_314	CTR_0	20	70.47
765	P52565_PF02115_12_201	CTR_0	20	92.54
766	P52732_PF00225_24_359	CTR_0	14	83.39
767	P52732_PF00225_24_359	CTR_1	17	75.13
768	P52788_PF01564_174_366	CTR_0	18	78.32
769	P52848_PF00685_604_869	CTR_0	19	83.3
770	P52895_PF00248_18_301	CTR_0	17	92.59
771	P52895_PF00248_18_301	CTR_1	10	89.82
772	P53041_PF00149_235_431	CTR_0	14	89.7
773	P53350_PF00069_53_305	CTR_0	17	82.25
774	P53355_PF00069_13_275	CTR_0	17	72.71
775	P53396_PF00285_883_1086	CTR_0	10	93.28
776	P53396_PF16114_244_421	CTR_0	28	93.17
777	P53582_PF00557_137_365	CTR_0	16	96.86
778	P53597_PF02629_53_146	CTR_0	17	98.17
779	P53634_PF00112_231_458	CTR_0	15	78.19
780	P53667_PF07714_339_604	CTR_0	18	78.08
781	P53667_PF07714_339_604	CTR_1	18	77.38
782	P53778_PF00069_27_311	CTR_0	17	77.86
783	P53779_PF00069_64_359	CTR_0	19	83.74
784	P54646_PF00069_16_268	CTR_0	19	80.63
785	P54687_PF01063_93_343	CTR_0	17	73.44
786	P54760_PF07714_615_874	CTR_0	18	76.25
787	P54762_PF07714_619_878	CTR_0	19	82.41
788	P54829_PF00102_323_553	CTR_1	14	88.97
789	P54829_PF00102_323_553	CTR_2	18	91.16
790	P55040_PF00071_77_241	CTR_0	13	94.2
791	P55042_PF00071_93_253	CTR_0	13	94.09
792	P55055_PF00104_256_444	CTR_0	18	94.8
793	P55072_PF00004_241_371	CTR_0	12	82.19
794	P55072_PF00004_514_647	CTR_0	19	86.95
795	P55157_PF19444_592_889	CTR_0	19	80.72
796	P55157_PF19444_592_889	CTR_1	24	76.36
797	P55196_PF00595_1008_1090	CTR_0	16	70.57
798	P55201_PF00439_637_720	CTR_0	15	88.52
799	P55201_PF00855_1086_1200	CTR_0	11	86.75
800	P55210_PF00656_67_300	CTR_0	16	84.28
801	P55210_PF00656_67_300	CTR_1	13	79.89
802	P55263_PF00294_42_360	CTR_0	18	75.55
803	P55263_PF00294_42_360	CTR_1	20	76.75
804	P55263_PF00294_42_360	CTR_2	17	91.22
805	P55899_PF00129_26_197	CTR_0	20	96.31
806	P56524_PF00850_675_992	CTR_0	21	87.68
807	P56545_PF00389_36_358	CTR_0	20	96.73
808	P56545_PF02826_139_323	CTR_0	18	97.76
809	P57729_PF00071_11_179	CTR_0	21	86.75
810	P57735_PF00071_14_175	CTR_0	19	81.14
811	P57772_PF00009_5_315	CTR_0	16	70.39
812	P60568_PF00715_7_150	CTR_0	10	74.61
813	P60763_PF00071_5_178	CTR_0	17	78.85
814	P60953_PF00071_5_178	CTR_0	17	79.39
815	P60953_PF00071_5_178	CTR_1	14	95.7
816	P61006_PF00071_10_171	CTR_0	18	75.0
817	P61011_PF00448_101_296	CTR_0	17	84.56
818	P61018_PF00071_10_171	CTR_0	17	72.9
819	P61019_PF00071_8_169	CTR_0	20	72.49
820	P61020_PF00071_22_183	CTR_0	18	89.1
821	P61026_PF00071_11_172	CTR_0	19	72.26
822	P61088_PF00179_7_144	CTR_0	17	90.73
823	P61224_PF00071_5_167	CTR_0	19	78.31
824	P61586_PF00071_7_180	CTR_0	19	84.0
825	P61586_PF00071_7_180	CTR_1	20	95.15
826	P61587_PF00071_25_199	CTR_0	17	92.84
827	P61916_PF02221_21_147	CTR_0	21	95.33
828	P61981_PF00244_10_234	CTR_0	9	94.66
829	P62070_PF00071_16_177	CTR_0	18	70.91
830	P62136_PF00149_57_252	CTR_0	15	91.49
831	P62136_PF00149_57_252	CTR_1	12	94.38
832	P62136_PF00149_57_252	CTR_2	13	91.49
833	P62166_PF13499_98_174	CTR_0	8	80.4
834	P62330_PF00025_1_173	CTR_0	16	89.18
835	P62491_PF00071_13_174	CTR_0	18	80.9
836	P62508_PF00104_255_441	CTR_0	21	96.29
837	P62745_PF00071_7_180	CTR_0	18	85.71
838	P62820_PF00071_13_174	CTR_0	19	71.5
839	P62826_PF00071_12_170	CTR_0	19	82.42
840	P62834_PF00071_5_167	CTR_0	19	79.42
841	P62937_PF00160_7_163	CTR_0	14	96.7
842	P62942_PF00254_13_105	CTR_0	13	93.06
843	P62993_PF00017_60_135	CTR_0	9	91.33
844	P63000_PF00071_5_178	CTR_0	17	78.39
845	P63096_PF00503_13_343	CTR_0	21	94.52
846	P63104_PF00244_9_229	CTR_0	9	92.06
847	P63104_PF00244_9_229	CTR_1	11	94.73
848	P63104_PF00244_9_229	CTR_2	14	96.74
849	P63104_PF00244_9_229	CTR_3	13	97.74
850	P63104_PF00244_9_229	CTR_4	11	98.29
851	P63104_PF00244_9_229	CTR_5	8	97.68
852	P63279_PF00179_8_152	CTR_0	12	98.39
853	P63316_PF13499_94_158	CTR_0	13	70.3
854	P68363_PF00091_3_214	CTR_0	19	78.31
855	P68400_PF00069_39_324	CTR_0	21	93.94
856	P68400_PF00069_39_324	CTR_1	18	91.84
857	P68400_PF00069_39_324	CTR_2	12	90.76
858	P68400_PF00069_39_324	CTR_3	11	90.88
859	P68400_PF00069_39_324	CTR_4	11	94.76
860	P68400_PF00069_39_324	CTR_5	12	90.21
861	P68400_PF00069_39_324	CTR_6	10	91.06
862	P68400_PF00069_39_324	CTR_7	14	86.87
863	P68871_PF00042_26_142	CTR_0	14	96.23
864	P68871_PF00042_26_142	CTR_1	20	97.23
865	P68871_PF00042_26_142	CTR_2	20	96.23
866	P68871_PF00042_26_142	CTR_3	13	97.32
867	P69905_PF00042_27_137	CTR_0	14	97.43
868	P69905_PF00042_27_137	CTR_1	14	97.64
869	P69905_PF00042_27_137	CTR_2	12	98.0
870	P78325_PF01421_200_400	CTR_0	14	71.09
871	P78362_PF00069_81_230	CTR_0	16	88.67
872	P78368_PF00069_46_299	CTR_0	19	75.58
873	P78540_PF00491_24_324	CTR_0	18	97.45
874	P80188_PF00061_48_193	CTR_0	9	96.19
875	P80192_PF00069_144_403	CTR_0	19	83.18
876	P82980_PF00061_6_134	CTR_0	17	87.81
877	P84085_PF00025_5_177	CTR_0	14	70.53
878	P84095_PF00071_5_178	CTR_0	17	79.27
879	P98170_PF00653_268_331	CTR_0	11	85.42
880	P99999_PF00034_4_103	CTR_0	19	96.71
881	Q00532_PF00069_5_288	CTR_0	21	82.61
882	Q00534_PF00069_13_300	CTR_0	16	76.64
883	Q00535_PF00069_4_286	CTR_0	20	82.36
884	Q00536_PF00069_165_446	CTR_1	19	74.17
885	Q00796_PF00107_183_313	CTR_0	13	96.44
886	Q00987_PF02201_26_101	CTR_0	14	91.71
887	Q01064_PF00233_222_450	CTR_0	13	89.5
888	Q01469_PF00061_8_134	CTR_0	18	88.05
889	Q01813_PF00365_26_333	CTR_0	17	83.6
890	Q02083_PF02275_126_312	CTR_0	9	80.55
891	Q02127_PF01180_77_377	CTR_0	22	97.4
892	Q02127_PF01180_77_377	CTR_1	13	95.62
893	Q02127_PF01180_77_377	CTR_2	11	96.01
894	Q02127_PF01180_77_377	CTR_3	20	73.48
895	Q02127_PF01180_77_377	CTR_4	12	89.49
896	Q02153_PF07700_2_166	CTR_0	15	82.9
897	Q02153_PF07700_2_166	CTR_1	13	81.31
898	Q02750_PF00069_68_361	CTR_0	20	78.08
899	Q02750_PF00069_68_361	CTR_1	19	74.38
900	Q02790_PF00254_43_135	CTR_0	12	94.83
901	Q03111_PF03366_27_108	CTR_0	15	96.18
902	Q03111_PF03366_27_108	CTR_1	12	96.0
903	Q03181_PF00104_236_422	CTR_0	19	92.86
904	Q04759_PF00069_380_634	CTR_0	19	79.0
905	Q04771_PF07714_208_495	CTR_0	21	87.63
906	Q04828_PF00248_18_301	CTR_0	18	96.72
907	Q04828_PF00248_18_301	CTR_1	9	96.03
908	Q05193_PF00350_34_207	CTR_0	13	82.95
909	Q05397_PF07714_422_676	CTR_0	20	76.13
910	Q05823_PF00069_368_524	CTR_0	17	95.42
911	Q06124_PF00102_273_520	CTR_0	22	91.16
912	Q06187_PF00169_4_133	CTR_0	15	70.92
913	Q06187_PF07714_402_651	CTR_0	22	75.6
914	Q06520_PF00685_34_278	CTR_0	18	89.46
915	Q06520_PF00685_34_278	CTR_1	13	80.8
916	Q06609_PF08423_84_337	CTR_0	12	93.24
917	Q07075_PF01433_321_538	CTR_0	14	91.44
918	Q07343_PF00233_405_645	CTR_0	14	94.56
919	Q07869_PF00104_263_449	CTR_0	17	91.14
920	Q08499_PF00233_461_701	CTR_0	15	84.64
921	Q08881_PF07714_363_612	CTR_0	18	81.33
922	Q09013_PF00069_71_339	CTR_0	19	88.86
923	Q09472_PF00439_1058_1144	CTR_0	13	90.69
924	Q09472_PF08214_1306_1612	CTR_0	17	81.81
925	Q09472_PF08214_1306_1612	CTR_1	23	88.52
926	Q10471_PF00652_446_563	CTR_0	11	84.23
927	Q10588_PF02267_40_280	CTR_0	12	98.08
928	Q12797_PF05118_591_745	CTR_0	21	74.29
929	Q12852_PF07714_126_364	CTR_0	15	76.26
930	Q12866_PF07714_587_854	CTR_0	17	71.69
931	Q12888_PF09038_1483_1604	CTR_0	9	84.52
932	Q12931_PF02518_108_260	CTR_0	23	81.7
933	Q13043_PF00069_30_281	CTR_0	19	83.27
934	Q13093_PF03403_48_416	CTR_0	17	91.69
935	Q13093_PF03403_48_416	CTR_1	9	92.99
936	Q13131_PF00069_27_279	CTR_0	19	85.63
937	Q13131_PF00069_27_279	CTR_1	13	87.51
938	Q13133_PF00104_244_431	CTR_0	21	91.35
939	Q13153_PF00069_270_521	CTR_0	22	80.64
940	Q13153_PF00069_270_521	CTR_1	23	75.84
941	Q13164_PF00069_55_347	CTR_0	19	72.26
942	Q13188_PF00069_27_278	CTR_0	19	73.01
943	Q13231_PF00704_23_363	CTR_0	18	90.82
944	Q13231_PF00704_23_363	CTR_1	16	92.29
945	Q13232_PF00334_22_156	CTR_0	12	94.46
946	Q13237_PF00027_186_269	CTR_0	16	72.03
947	Q13257_PF02301_16_196	CTR_0	13	88.79
948	Q13285_PF00104_250_442	CTR_0	18	80.12
949	Q13303_PF00248_51_355	CTR_0	20	95.91
950	Q13363_PF00389_30_352	CTR_0	18	96.19
951	Q13363_PF00389_30_352	CTR_1	18	96.18
952	Q13363_PF02826_133_317	CTR_0	18	96.19
953	Q13370_PF00233_736_1007	CTR_0	18	95.27
954	Q13418_PF07714_193_446	CTR_0	16	86.7
955	Q13451_PF00254_43_135	CTR_0	13	92.36
956	Q13464_PF00069_76_338	CTR_0	18	74.33
957	Q13467_PF01392_33_140	CTR_0	12	87.97
958	Q13490_PF00653_272_337	CTR_0	9	87.14
959	Q13509_PF00091_3_212	CTR_0	20	80.21
960	Q13510_PF02275_143_388	CTR_0	17	76.0
961	Q13523_PF00069_687_1003	CTR_1	18	83.25
962	Q13526_PF00639_59_163	CTR_0	16	97.84
963	Q13554_PF00069_14_272	CTR_0	18	78.69
964	Q13555_PF00069_14_272	CTR_0	15	76.3
965	Q13557_PF00069_14_272	CTR_0	15	79.7
966	Q13572_PF05770_119_318	CTR_0	18	94.0
967	Q13614_PF06602_192_529	CTR_0	17	96.81
968	Q13627_PF00069_159_479	CTR_0	22	91.17
969	Q13627_PF00069_159_479	CTR_1	8	81.36
970	Q13636_PF00071_7_168	CTR_0	17	93.32
971	Q13637_PF00071_27_194	CTR_0	20	83.76
972	Q13873_PF00069_203_501	CTR_0	20	74.33
973	Q13882_PF07714_191_441	CTR_0	20	86.66
974	Q13882_PF07714_191_441	CTR_1	22	84.19
975	Q13946_PF00233_211_443	CTR_0	15	95.34
976	Q13976_PF00027_239_326	CTR_0	17	73.47
977	Q13976_PF00069_360_619	CTR_0	16	75.44
978	Q14004_PF00069_705_998	CTR_0	18	76.73
979	Q14004_PF00069_705_998	CTR_1	17	87.85
980	Q14028_PF00027_980_1069	CTR_0	15	79.15
981	Q14141_PF00735_39_312	CTR_0	12	75.6
982	Q14145_PF00651_67_179	CTR_0	9	86.44
983	Q14149_PF13589_26_164	CTR_0	24	78.66
984	Q14332_PF01392_39_145	CTR_0	14	90.53
985	Q14376_PF16363_6_333	CTR_0	22	93.79
986	Q14376_PF16363_6_333	CTR_1	12	86.62
987	Q14432_PF00233_751_1020	CTR_0	15	95.64
988	Q14541_PF00104_124_312	CTR_0	20	83.76
989	Q14565_PF08423_83_338	CTR_0	10	92.0
990	Q14680_PF00069_11_263	CTR_0	18	77.45
991	Q14807_PF00225_49_368	CTR_0	13	85.07
992	Q14914_PF00107_153_293	CTR_0	12	95.57
993	Q14994_PF00104_157_338	CTR_0	17	84.84
994	Q15019_PF00735_34_313	CTR_0	11	85.41
995	Q15029_PF00009_127_440	CTR_0	17	85.23
996	Q15046_PF00152_222_574	CTR_0	17	90.91
997	Q15047_PF18358_348_397	CTR_0	10	82.92
998	Q15059_PF00439_315_403	CTR_0	15	91.56
999	Q15059_PF00439_42_128	CTR_0	13	93.03
1000	Q15109_PF00047_21_112	CTR_0	12	91.12
1001	Q15109_PF00047_21_112	CTR_1	14	88.49
1002	Q15109_PF00047_21_112	CTR_2	12	75.58
1003	Q15208_PF00069_89_382	CTR_0	17	74.69
1004	Q15274_PF01729_114_284	CTR_0	18	95.49
1005	Q15286_PF00071_10_170	CTR_0	19	76.5
1006	Q15303_PF07714_718_974	CTR_0	23	75.06
1007	Q15382_PF00071_8_169	CTR_0	19	70.15
1008	Q15382_PF00071_8_169	CTR_1	19	86.92
1009	Q15418_PF00069_62_321	CTR_0	17	77.62
1010	Q15562_PF17725_226_444	CTR_0	22	90.61
1011	Q15562_PF17725_226_444	CTR_1	16	90.68
1012	Q15652_PF02373_2381_2481	CTR_0	11	89.97
1013	Q15661_PF00089_31_267	CTR_0	15	92.78
1014	Q15759_PF00069_24_308	CTR_0	18	81.13
1015	Q15771_PF00071_11_172	CTR_0	18	80.62
1016	Q15831_PF00069_49_309	CTR_0	19	79.95
1017	Q15907_PF00071_13_174	CTR_0	18	83.81
1018	Q16512_PF00069_615_874	CTR_0	20	82.82
1019	Q16539_PF00069_24_308	CTR_0	19	71.12
1020	Q16555_PF01979_64_453	CTR_0	17	84.12
1021	Q16566_PF00069_46_300	CTR_0	16	83.45
1022	Q16644_PF00069_44_304	CTR_0	20	75.16
1023	Q16651_PF00089_45_281	CTR_0	19	72.02
1024	Q16658_PF06268_20_134	CTR_0	10	82.72
1025	Q16678_PF00067_51_520	CTR_0	23	86.48
1026	Q16696_PF00067_34_491	CTR_0	17	94.57
1027	Q16696_PF00067_34_491	CTR_1	19	94.48
1028	Q16698_PF13561_65_304	CTR_0	15	90.74
1029	Q16773_PF00155_28_415	CTR_0	18	96.74
1030	Q16790_PF00194_136_390	CTR_0	17	93.68
1031	Q16820_PF01400_69_257	CTR_0	12	94.44
1032	Q16831_PF01048_54_304	CTR_0	17	96.25
1033	Q16836_PF02737_29_214	CTR_0	15	95.2
1034	Q16850_PF00067_61_496	CTR_0	13	75.58
1035	Q16850_PF00067_61_496	CTR_1	17	75.12
1036	Q16854_PF01712_41_275	CTR_0	20	88.57
1037	Q16875_PF01591_24_246	CTR_0	19	83.89
1038	Q16875_PF01591_24_246	CTR_1	19	87.51
1039	Q16875_PF01591_24_246	CTR_2	18	92.68
1040	Q2M1P5_PF00225_21_349	CTR_0	12	88.39
1041	Q2M2I8_PF00069_46_312	CTR_0	17	89.45
1042	Q460N3_PF01661_322_424	CTR_0	18	70.2
1043	Q460N5_PF01661_1032_1148	CTR_0	15	87.19
1044	Q460N5_PF01661_1032_1148	CTR_1	19	92.23
1045	Q460N5_PF01661_1245_1347	CTR_0	18	78.33
1046	Q460N5_PF01661_820_937	CTR_0	16	83.17
1047	Q49A26_PF03446_269_430	CTR_0	16	95.7
1048	Q58F21_PF00439_276_364	CTR_0	11	91.75
1049	Q58F21_PF00439_35_121	CTR_0	10	87.81
1050	Q59H18_PF07714_463_719	CTR_0	20	84.87
1051	Q5FWF5_PF13880_763_831	CTR_0	15	89.48
1052	Q5TA50_PF08718_27_177	CTR_0	14	85.67
1053	Q5TCY1_PF00069_34_305	CTR_0	22	90.76
1054	Q5VTE6_PF03372_170_533	CTR_0	19	92.67
1055	Q5VWZ2_PF02230_9_229	CTR_0	18	97.09
1056	Q6B0I6_PF02373_179_295	CTR_0	15	93.98
1057	Q6B0I6_PF02373_179_295	CTR_1	17	92.99
1058	Q6DD88_PF02263_36_310	CTR_0	17	72.98
1059	Q6IA69_PF02540_337_651	CTR_0	16	80.52
1060	Q6IMI6_PF00685_46_297	CTR_0	18	93.45
1061	Q6IQ55_PF00069_21_272	CTR_0	21	89.71
1062	Q6L8Q7_PF03372_298_599	CTR_0	16	94.73
1063	Q6NVY1_PF16113_46_376	CTR_0	18	91.08
1064	Q6NYC1_PF02373_174_288	CTR_0	10	94.54
1065	Q6P179_PF01433_298_541	CTR_0	15	93.58
1066	Q6P179_PF01433_298_541	CTR_1	11	93.58
1067	Q6P6C2_PF13532_92_293	CTR_0	20	86.63
1068	Q6PHR2_PF00069_14_270	CTR_0	18	86.71
1069	Q6PHW0_PF00881_97_267	CTR_0	17	85.37
1070	Q6PL18_PF00439_993_1074	CTR_0	11	76.98
1071	Q6UWP2_PF00106_12_214	CTR_0	21	94.76
1072	Q6UWY2_PF00089_34_258	CTR_0	13	94.1
1073	Q6V1X1_PF00326_683_891	CTR_0	13	80.11
1074	Q6V1X1_PF00326_683_891	CTR_1	13	96.78
1075	Q6VVX0_PF00067_40_498	CTR_0	16	95.33
1076	Q6YN16_PF00106_11_209	CTR_0	19	86.21
1077	Q712K3_PF00179_12_169	CTR_0	16	91.29
1078	Q71U36_PF00091_3_214	CTR_0	19	79.4
1079	Q7KZF4_PF00565_220_328	CTR_0	11	89.93
1080	Q7KZI7_PF00069_53_304	CTR_0	17	81.53
1081	Q7L0Q8_PF00071_51_223	CTR_0	16	75.51
1082	Q7L1T6_PF00175_395_503	CTR_0	14	93.75
1083	Q7L523_PF04670_9_235	CTR_0	16	93.3
1084	Q7L8A9_PF14822_58_302	CTR_0	16	95.62
1085	Q7LBC6_PF02373_1594_1704	CTR_0	9	82.94
1086	Q7LBC6_PF02373_1594_1704	CTR_1	8	95.96
1087	Q7RTN6_PF00069_69_379	CTR_0	17	92.76
1088	Q7Z4W1_PF13561_14_242	CTR_0	20	87.81
1089	Q86TI2_PF00326_658_863	CTR_0	13	96.99
1090	Q86TM3_PF00270_246_417	CTR_0	12	72.07
1091	Q86U86_PF00439_186_275	CTR_0	12	88.59
1092	Q86U86_PF00439_667_751	CTR_0	14	85.9
1093	Q86UE8_PF00069_462_741	CTR_0	18	80.39
1094	Q86UW9_PF18102_480_614	CTR_0	12	79.41
1095	Q86V25_PF14822_47_291	CTR_0	16	80.35
1096	Q86VU5_PF01596_59_262	CTR_0	17	94.55
1097	Q86WA6_PF00561_61_195	CTR_0	13	97.05
1098	Q86WJ1_PF00176_49_328	CTR_0	14	75.61
1099	Q86Y01_PF18102_479_613	CTR_0	12	80.77
1100	Q86Y07_PF00069_29_311	CTR_0	19	87.25
1101	Q86YS6_PF00071_20_182	CTR_0	19	75.46
1102	Q86YV6_PF00069_106_361	CTR_0	19	83.69
1103	Q8IU60_PF00293_95_221	CTR_0	15	71.6
1104	Q8IU60_PF00293_95_221	CTR_1	13	89.85
1105	Q8IU85_PF00069_23_279	CTR_0	18	76.69
1106	Q8IUN9_PF00059_198_306	CTR_0	13	94.47
1107	Q8IVH4_PF03308_101_384	CTR_0	11	82.51
1108	Q8IVH8_PF00069_16_273	CTR_0	20	77.63
1109	Q8IVS2_PF00698_64_346	CTR_0	12	97.75
1110	Q8IVW4_PF00069_4_286	CTR_0	21	78.68
1111	Q8IWA4_PF00350_78_238	CTR_0	15	72.62
1112	Q8IXI2_PF00071_6_168	CTR_0	17	91.08
1113	Q8IYK8_PF00071_116_279	CTR_0	14	92.27
1114	Q8IYT8_PF00069_9_271	CTR_0	20	83.97
1115	Q8IZ41_PF00071_543_710	CTR_0	19	80.63
1116	Q8IZT8_PF00685_90_339	CTR_0	20	82.54
1117	Q8IZX4_PF00439_1530_1614	CTR_0	13	84.86
1118	Q8N1Q1_PF00194_12_261	CTR_0	16	96.18
1119	Q8N371_PF13621_192_416	CTR_0	16	80.35
1120	Q8N371_PF13621_192_416	CTR_1	23	80.35
1121	Q8N423_PF13895_28_118	CTR_0	13	80.23
1122	Q8N465_PF01565_100_239	CTR_0	21	93.27
1123	Q8N4Q0_PF00107_184_322	CTR_0	11	98.4
1124	Q8N4T8_PF13561_8_234	CTR_0	20	88.43
1125	Q8N543_PF13661_141_238	CTR_0	20	96.0
1126	Q8N5S9_PF00069_128_409	CTR_0	20	82.64
1127	Q8N5Z0_PF00155_43_417	CTR_0	16	94.97
1128	Q8N5Z0_PF00155_43_417	CTR_1	13	91.98
1129	Q8N6N7_PF00887_4_79	CTR_0	14	89.82
1130	Q8N8N7_PF00107_166_305	CTR_0	12	92.23
1131	Q8NB16_PF07714_209_466	CTR_0	19	84.35
1132	Q8NB78_PF01593_392_820	CTR_0	25	98.19
1133	Q8NBP7_PF00082_177_437	CTR_0	13	98.01
1134	Q8NBZ7_PF16363_92_387	CTR_0	22	92.39
1135	Q8NBZ7_PF16363_92_387	CTR_1	18	80.16
1136	Q8NBZ7_PF16363_92_387	CTR_2	13	97.62
1137	Q8NC06_PF00887_13_92	CTR_0	12	85.22
1138	Q8NC06_PF00887_13_92	CTR_1	15	75.95
1139	Q8NHV1_PF04548_9_221	CTR_0	18	87.85
1140	Q8NI60_PF03109_299_541	CTR_0	18	75.01
1141	Q8NI77_PF00225_17_355	CTR_0	11	88.24
1142	Q8NI77_PF00225_17_355	CTR_1	21	85.45
1143	Q8TAI7_PF00071_8_169	CTR_0	18	73.85
1144	Q8TBC4_PF00899_56_366	CTR_0	16	92.72
1145	Q8TBG4_PF00202_26_433	CTR_0	17	92.55
1146	Q8TCB7_PF08242_84_183	CTR_0	20	97.57
1147	Q8TDQ0_PF07686_21_130	CTR_0	12	85.9
1148	Q8TDQ0_PF07686_21_130	CTR_1	9	79.43
1149	Q8TDX5_PF04909_3_330	CTR_0	17	90.55
1150	Q8TDX7_PF00069_34_292	CTR_0	12	85.21
1151	Q8TDX7_PF00069_34_292	CTR_1	16	74.12
1152	Q8WU08_PF00069_23_281	CTR_0	18	81.88
1153	Q8WUD1_PF00071_8_169	CTR_0	20	71.37
1154	Q8WUI4_PF00850_541_859	CTR_0	18	87.99
1155	Q8WWP7_PF04548_28_238	CTR_0	17	72.54
1156	Q8WWQ0_PF00439_1325_1409	CTR_0	13	81.06
1157	Q8WXF7_PF02263_43_314	CTR_0	18	84.42
1158	Q92506_PF13561_18_260	CTR_0	20	80.99
1159	Q92599_PF00735_41_314	CTR_0	12	80.73
1160	Q92630_PF00069_222_535	CTR_0	22	87.58
1161	Q92730_PF00071_15_188	CTR_0	18	93.52
1162	Q92731_PF00104_283_482	CTR_0	19	92.29
1163	Q92769_PF00850_29_320	CTR_0	15	92.6
1164	Q92769_PF00850_29_320	CTR_1	11	96.71
1165	Q92772_PF00069_4_287	CTR_0	20	71.19
1166	Q92793_PF00439_1094_1180	CTR_0	12	90.76
1167	Q92830_PF00439_737_820	CTR_0	11	89.39
1168	Q92831_PF00439_732_815	CTR_0	14	85.45
1169	Q92835_PF03372_409_701	CTR_0	12	82.44
1170	Q92835_PF03372_409_701	CTR_1	16	84.22
1171	Q92835_PF03372_409_701	CTR_2	9	97.73
1172	Q92835_PF03372_409_701	CTR_3	11	94.9
1173	Q92835_PF03372_409_701	CTR_4	13	97.24
1174	Q92876_PF00089_22_237	CTR_0	16	92.37
1175	Q92963_PF00071_23_184	CTR_0	17	76.35
1176	Q92997_PF00595_249_334	CTR_0	12	83.75
1177	Q93091_PF00074_29_147	CTR_0	12	97.07
1178	Q95460_PF00129_23_198	CTR_0	16	97.54
1179	Q95460_PF00129_23_198	CTR_1	9	95.89
1180	Q969R5_PF02820_540_608	CTR_0	8	83.23
1181	Q96A58_PF00071_8_169	CTR_0	17	75.33
1182	Q96AT9_PF00834_6_201	CTR_0	15	97.43
1183	Q96AT9_PF00834_6_201	CTR_1	10	97.73
1184	Q96BM9_PF00025_8_181	CTR_0	18	76.92
1185	Q96C45_PF00069_4_280	CTR_0	20	82.7
1186	Q96CA5_PF00653_90_155	CTR_0	10	93.79
1187	Q96DA2_PF00071_10_173	CTR_0	17	71.18
1188	Q96E17_PF00071_32_193	CTR_0	21	82.17
1189	Q96EP1_PF10283_632_661	CTR_0	9	88.13
1190	Q96F15_PF04548_28_239	CTR_0	16	87.01
1191	Q96GD4_PF00069_77_327	CTR_0	20	84.89
1192	Q96HN2_PF00670_370_531	CTR_0	17	79.09
1193	Q96HN2_PF05221_319_610	CTR_0	20	79.09
1194	Q96HU8_PF00071_9_171	CTR_0	20	85.92
1195	Q96I15_PF00266_32_430	CTR_0	18	96.64
1196	Q96JA3_PF08718_330_472	CTR_0	19	75.52
1197	Q96KC2_PF00025_1_176	CTR_0	17	81.21
1198	Q96KS0_PF13640_282_375	CTR_0	21	85.74
1199	Q96L34_PF00069_59_310	CTR_0	19	82.18
1200	Q96LA8_PF13649_86_182	CTR_0	16	93.26
1201	Q96LI5_PF03372_192_529	CTR_0	16	93.4
1202	Q96MU7_PF04146_355_432	CTR_0	14	87.92
1203	Q96NX5_PF00069_23_277	CTR_0	18	76.71
1204	Q96PN6_PF00211_37_218	CTR_0	13	78.68
1205	Q96PY6_PF00069_4_258	CTR_0	20	79.45
1206	Q96R05_PF00061_6_134	CTR_0	20	86.75
1207	Q96RI1_PF00104_289_471	CTR_0	19	82.8
1208	Q96RR4_PF00069_165_446	CTR_0	21	83.76
1209	Q96SB4_PF00069_80_231	CTR_0	13	86.95
1210	Q96SW2_PF03226_319_437	CTR_0	13	90.33
1211	Q96T66_PF01467_10_208	CTR_0	19	89.15
1212	Q96T66_PF01467_10_208	CTR_1	19	89.15
1213	Q96T66_PF01467_10_208	CTR_2	15	93.21
1214	Q96T88_PF12148_132_284	CTR_0	10	90.75
1215	Q96T88_PF12148_132_284	CTR_1	11	75.4
1216	Q99259_PF00282_144_518	CTR_0	13	98.24
1217	Q99418_PF01369_61_243	CTR_0	12	72.05
1218	Q99447_PF01467_217_333	CTR_0	15	93.3
1219	Q99447_PF01467_26_152	CTR_0	14	81.73
1220	Q99489_PF01266_5_324	CTR_0	24	95.94
1221	Q99497_PF01965_4_171	CTR_0	15	98.42
1222	Q99497_PF01965_4_171	CTR_1	20	98.43
1223	Q99536_PF13602_232_385	CTR_0	12	84.27
1224	Q99558_PF00069_401_649	CTR_0	25	83.48
1225	Q99594_PF17725_223_432	CTR_0	21	85.25
1226	Q99640_PF00069_110_359	CTR_0	17	90.69
1227	Q99683_PF00069_682_938	CTR_0	21	84.01
1228	Q99707_PF00809_375_613	CTR_0	17	75.65
1229	Q99714_PF00106_11_213	CTR_0	19	81.22
1230	Q99814_PF08447_254_341	CTR_0	22	95.27
1231	Q99873_PF13649_92_189	CTR_0	17	92.55
1232	Q99986_PF00069_37_324	CTR_0	16	83.82
1233	Q9BPX1_PF13561_14_250	CTR_0	20	96.48
1234	Q9BPX1_PF13561_14_250	CTR_1	15	96.48
1235	Q9BQ69_PF01661_170_283	CTR_0	18	89.96
1236	Q9BTZ2_PF13561_38_275	CTR_0	20	89.17
1237	Q9BUB5_PF00069_50_172	CTR_0	17	85.09
1238	Q9BUT1_PF13561_13_244	CTR_0	18	94.07
1239	Q9BVA1_PF00091_3_212	CTR_0	20	77.12
1240	Q9BVG8_PF00225_451_768	CTR_0	15	78.05
1241	Q9BWT3_PF04928_20_363	CTR_0	13	93.64
1242	Q9BX68_PF01230_61_158	CTR_0	11	93.84
1243	Q9BXF3_PF00439_443_526	CTR_0	11	89.9
1244	Q9BY32_PF01725_10_188	CTR_0	17	89.01
1245	Q9BY41_PF00850_31_322	CTR_0	10	88.27
1246	Q9BY76_PF00147_184_400	CTR_0	20	80.71
1247	Q9BZ11_PF01421_210_409	CTR_0	14	73.56
1248	Q9BZ95_PF00855_271_380	CTR_0	11	72.55
1249	Q9BZ95_PF00855_271_380	CTR_1	12	72.55
1250	Q9BZP6_PF00704_23_365	CTR_0	18	89.82
1251	Q9BZX2_PF00485_22_217	CTR_0	17	94.27
1252	Q9BZX2_PF00485_22_217	CTR_1	15	93.83
1253	Q9C0B1_PF12933_36_325	CTR_0	20	89.62
1254	Q9GZT9_PF13640_298_391	CTR_0	14	94.57
1255	Q9GZZ9_PF00899_53_309	CTR_0	17	80.17
1256	Q9H082_PF00071_35_201	CTR_0	17	87.59
1257	Q9H0F7_PF00025_4_181	CTR_0	17	95.55
1258	Q9H0U4_PF00071_10_171	CTR_0	19	73.1
1259	Q9H227_PF00232_1_465	CTR_0	11	93.72
1260	Q9H227_PF00232_1_465	CTR_1	13	90.4
1261	Q9H2G2_PF00069_34_292	CTR_0	20	72.39
1262	Q9H2X6_PF00069_199_527	CTR_0	19	87.83
1263	Q9H3R0_PF02373_177_293	CTR_0	17	94.08
1264	Q9H422_PF00069_197_525	CTR_0	18	88.32
1265	Q9H477_PF00294_15_314	CTR_0	21	91.0
1266	Q9H492_PF02991_15_120	CTR_0	11	94.52
1267	Q9H492_PF02991_15_120	CTR_1	10	95.48
1268	Q9H4B4_PF00069_62_314	CTR_0	20	78.13
1269	Q9H8M2_PF00439_142_228	CTR_0	14	95.24
1270	Q9HA47_PF00485_25_219	CTR_0	19	93.16
1271	Q9HAN9_PF01467_12_229	CTR_0	19	91.28
1272	Q9HAN9_PF01467_12_229	CTR_1	16	95.92
1273	Q9HAQ2_PF00225_12_340	CTR_0	11	88.5
1274	Q9HAZ1_PF00069_159_475	CTR_0	22	87.41
1275	Q9HBH1_PF01327_64_234	CTR_0	15	96.13
1276	Q9HBH9_PF00069_84_368	CTR_0	18	79.94
1277	Q9HCP0_PF00069_44_304	CTR_0	18	81.94
1278	Q9HCP0_PF00069_44_304	CTR_1	16	94.04
1279	Q9HD40_PF05889_61_459	CTR_0	17	98.19
1280	Q9HD67_PF00063_65_727	CTR_0	15	84.57
1281	Q9NP72_PF00071_10_171	CTR_0	18	90.57
1282	Q9NP87_PF14792_290_387	CTR_0	12	94.2
1283	Q9NP90_PF00071_9_174	CTR_0	19	86.04
1284	Q9NPD8_PF00179_6_147	CTR_0	14	96.84
1285	Q9NPI1_PF00439_140_223	CTR_0	14	94.61
1286	Q9NQ11_PF00702_507_788	CTR_0	15	70.35
1287	Q9NQH7_PF00557_253_482	CTR_0	17	96.25
1288	Q9NQU5_PF00069_407_658	CTR_0	19	85.22
1289	Q9NQW7_PF00557_328_544	CTR_0	17	81.81
1290	Q9NQX4_PF00063_69_741	CTR_0	18	81.77
1291	Q9NR30_PF00270_210_385	CTR_0	14	73.77
1292	Q9NR31_PF00025_12_197	CTR_0	14	88.82
1293	Q9NRD5_PF00595_22_102	CTR_0	10	91.45
1294	Q9NRD9_PF08030_1380_1534	CTR_0	14	87.77
1295	Q9NRF8_PF06418_2_272	CTR_0	13	86.41
1296	Q9NRF8_PF06418_2_272	CTR_1	10	87.74
1297	Q9NRN9_PF05175_35_170	CTR_0	16	93.72
1298	Q9NRW1_PF00071_15_175	CTR_0	21	87.9
1299	Q9NSY1_PF00069_51_314	CTR_0	19	90.77
1300	Q9NUI1_PF13561_33_271	CTR_0	19	91.13
1301	Q9NUI1_PF13561_33_271	CTR_1	15	89.12
1302	Q9NV35_PF00293_11_144	CTR_0	17	81.99
1303	Q9NVA2_PF00735_38_311	CTR_0	13	88.83
1304	Q9NVJ2_PF00025_8_181	CTR_0	20	70.41
1305	Q9NWT6_PF13621_48_302	CTR_0	19	96.62
1306	Q9NWW6_PF13238_6_149	CTR_0	15	94.63
1307	Q9NWW6_PF13238_6_149	CTR_1	12	96.34
1308	Q9NWX6_PF04446_35_164	CTR_0	14	94.6
1309	Q9NWZ3_PF07714_187_454	CTR_0	23	83.68
1310	Q9NYL2_PF07714_16_260	CTR_0	22	73.47
1311	Q9NYN1_PF00071_22_185	CTR_0	17	87.97
1312	Q9NYV4_PF00069_727_1020	CTR_0	16	88.03
1313	Q9NYY3_PF00069_82_334	CTR_0	20	78.53
1314	Q9NZ08_PF01433_281_524	CTR_0	16	94.26
1315	Q9NZ08_PF11838_597_917	CTR_0	14	95.87
1316	Q9NZD2_PF08718_18_167	CTR_0	19	82.18
1317	Q9NZK5_PF00962_185_499	CTR_0	19	98.3
1318	Q9NZK7_PF00068_21_128	CTR_0	17	86.74
1319	Q9NZL9_PF04321_29_324	CTR_0	17	88.63
1320	Q9NZL9_PF04321_29_324	CTR_1	15	83.48
1321	Q9P1W9_PF00069_32_286	CTR_0	19	90.32
1322	Q9P286_PF00069_449_700	CTR_0	20	87.93
1323	Q9P289_PF00069_24_274	CTR_0	23	70.75
1324	Q9P2T1_PF00478_9_341	CTR_0	28	90.09
1325	Q9P2T1_PF00478_9_341	CTR_1	10	85.99
1326	Q9UBC3_PF00145_575_725	CTR_0	15	91.12
1327	Q9UBC3_PF00855_226_313	CTR_0	10	83.43
1328	Q9UBK8_PF00175_542_662	CTR_0	14	87.63
1329	Q9UBN7_PF02148_1133_1195	CTR_0	13	89.57
1330	Q9UBQ7_PF00389_9_327	CTR_0	17	94.6
1331	Q9UBQ7_PF02826_116_295	CTR_0	16	95.04
1332	Q9UBS5_PF00003_586_856	CTR_0	16	90.78
1333	Q9UBT2_PF00899_2_443	CTR_0	16	86.64
1334	Q9UBT2_PF00899_2_443	CTR_1	19	91.06
1335	Q9UBV7_PF13733_80_177	CTR_0	9	98.19
1336	Q9UDX3_PF00650_83_243	CTR_0	18	95.38
1337	Q9UDY8_PF00656_342_574	CTR_0	14	87.17
1338	Q9UH03_PF00735_58_335	CTR_0	14	78.5
1339	Q9UHB4_PF00258_8_145	CTR_0	18	80.05
1340	Q9UHD2_PF00069_9_299	CTR_0	19	85.52
1341	Q9UHD8_PF00735_295_574	CTR_0	14	80.15
1342	Q9UHI8_PF01421_258_467	CTR_0	16	80.29
1343	Q9UHL4_PF05577_38_465	CTR_0	20	98.02
1344	Q9UI17_PF01266_51_414	CTR_0	23	97.22
1345	Q9UIF8_PF00439_2069_2151	CTR_0	14	85.48
1346	Q9UIF8_PF00628_1933_1981	CTR_0	13	81.18
1347	Q9UIF9_PF00439_1802_1885	CTR_0	13	82.3
1348	Q9UIF9_PF00628_1678_1726	CTR_0	12	79.26
1349	Q9UIJ7_PF00406_12_192	CTR_0	23	90.62
1350	Q9UIJ7_PF00406_12_192	CTR_1	20	90.7
1351	Q9UIK4_PF00069_23_285	CTR_0	18	86.11
1352	Q9UIQ6_PF01433_392_610	CTR_0	13	90.92
1353	Q9UJM8_PF01070_15_362	CTR_0	22	93.6
1354	Q9UK32_PF00069_73_330	CTR_0	16	76.99
1355	Q9UK39_PF03372_146_414	CTR_0	17	92.68
1356	Q9UKE5_PF00069_25_289	CTR_0	21	74.7
1357	Q9UKF6_PF00753_20_262	CTR_0	11	78.47
1358	Q9UKL6_PF01852_10_213	CTR_0	16	93.76
1359	Q9UL25_PF00071_21_182	CTR_0	18	75.25
1360	Q9UL51_PF00027_562_645	CTR_0	17	88.87
1361	Q9UL52_PF00089_192_417	CTR_0	22	75.99
1362	Q9ULI0_PF00439_967_1049	CTR_0	11	76.88
1363	Q9ULX7_PF00194_28_278	CTR_0	16	96.03
1364	Q9UM73_PF07714_1116_1383	CTR_0	20	71.65
1365	Q9UNA0_PF01421_267_476	CTR_0	16	85.12
1366	Q9UNN8_PF16497_1_199	CTR_0	17	96.1
1367	Q9UNQ2_PF00398_27_274	CTR_0	20	81.59
1368	Q9UQB9_PF00069_43_293	CTR_0	17	74.19
1369	Q9UQB9_PF00069_43_293	CTR_1	20	83.77
1370	Q9UQM7_PF00069_13_271	CTR_0	14	82.64
1371	Q9Y230_PF06068_21_365	CTR_0	17	73.0
1372	Q9Y233_PF00233_514_745	CTR_0	14	93.08
1373	Q9Y233_PF01590_266_412	CTR_0	20	72.45
1374	Q9Y251_PF03662_146_370	CTR_0	16	89.39
1375	Q9Y2J2_PF00373_191_301	CTR_0	14	89.52
1376	Q9Y2N7_PF08447_251_338	CTR_0	15	93.49
1377	Q9Y2Q3_PF01323_7_211	CTR_0	18	88.0
1378	Q9Y2S2_PF02737_8_190	CTR_0	17	95.58
1379	Q9Y2T3_PF01979_73_447	CTR_0	18	77.1
1380	Q9Y337_PF00089_67_285	CTR_0	14	76.66
1381	Q9Y3Q4_PF00027_613_696	CTR_0	17	88.15
1382	Q9Y468_PF02820_417_485	CTR_0	9	90.67
1383	Q9Y4U1_PF16690_20_234	CTR_0	13	96.1
1384	Q9Y4U1_PF16690_20_234	CTR_1	12	94.71
1385	Q9Y530_PF01661_31_136	CTR_0	16	90.0
1386	Q9Y572_PF00069_21_283	CTR_0	19	85.45
1387	Q9Y5A9_PF04146_410_545	CTR_0	15	74.91
1388	Q9Y5K2_PF00089_31_247	CTR_0	21	91.91
1389	Q9Y5N5_PF05175_16_141	CTR_0	19	88.42
1390	Q9Y5P4_PF01852_400_619	CTR_0	15	94.16
1391	Q9Y5S2_PF00069_76_342	CTR_0	19	83.07
1392	Q9Y5X0_PF00787_40_124	CTR_0	13	77.31
1393	Q9Y616_PF00069_165_443	CTR_0	19	78.5
1394	Q9Y663_PF00685_152_399	CTR_0	20	89.22
1395	Q9Y689_PF00025_5_176	CTR_0	15	81.76
1396	Q9Y697_PF00266_59_422	CTR_0	10	88.05
1397	Q9Y6A2_PF00067_34_484	CTR_0	16	91.76
1398	Q9Y6E0_PF00069_36_286	CTR_0	23	74.03
1399	Q9Y6K1_PF00145_634_776	CTR_0	15	93.84
1400	Q9Y6K1_PF00855_293_377	CTR_0	11	85.19
1401	Q9Y6M4_PF00069_43_296	CTR_0	17	82.39
1402	Q9Y6N5_PF07992_44_192	CTR_0	13	98.41
1403	Q9Y6W6_PF00782_329_461	CTR_0	14	75.99
1404	Q9Y6X9_PF13589_26_169	CTR_0	22	81.97
