domain	ctr	buriedness	min pLDDT	Centroid (x)	Centroid (y)	Centroid (z)
A0FGR8_PF17047_191_370	CTR_0	15	83.23	-7.084	-4.567	-13.852
A0FGR8_PF17047_191_370	CTR_1	14	74.38	-5.432	6.07	-15.85
A1Z1Q3_PF01661_88_201	CTR_0	17	95.09	-3.87	8.022	-12.135
A6NHR9_PF13589_139_295	CTR_0	22	76.95	16.433	0.743	-47.763
A8MW92_PF02820_17_69	CTR_0	7	83.35	-16.929	22.387	-2.945
B2RXH2_PF02373_176_292	CTR_0	18	95.84	3.993	2.831	-0.348
O00141_PF00069_98_355	CTR_0	17	86.36	2.135	1.753	-8.678
O00159_PF00063_48_718	CTR_0	20	74.98	7.312	7.062	-7.41
O00167_PF00702_268_514	CTR_0	21	98.41	-17.485	-3.317	3.904
O00194_PF00071_11_183	CTR_0	18	83.97	5.335	5.246	-10.86
O00204_PF00685_60_305	CTR_0	19	96.48	-4.835	11.363	-3.258
O00204_PF00685_60_305	CTR_1	10	92.91	5.252	2.63	0.977
O00204_PF00685_60_305	CTR_2	17	96.16	0.871	13.271	-19.282
O00212_PF00071_19_192	CTR_0	18	86.07	8.546	-6.498	-4.743
O00214_PF00337_18_151	CTR_0	9	96.55	16.549	12.364	-13.828
O00238_PF07714_204_491	CTR_0	21	86.7	-14.831	9.569	-3.766
O00311_PF00069_58_221	CTR_0	20	92.07	-11.062	-0.508	8.369
O00338_PF00685_39_289	CTR_0	18	97.43	8.701	3.48	4.157
O00408_PF00233_655_888	CTR_0	12	89.99	30.145	-1.176	-5.726
O00429_PF00350_28_217	CTR_0	11	78.69	32.278	-5.229	-29.436
O00444_PF00069_12_265	CTR_0	19	80.17	-7.781	10.044	17.364
O00506_PF00069_20_270	CTR_0	19	83.29	-6.141	-10.637	2.665
O00560_PF00595_198_270	CTR_0	13	94.72	1.225	5.484	-17.43
O00757_PF00316_12_199	CTR_0	21	81.18	16.597	2.234	-3.518
O14522_PF00102_912_1142	CTR_0	9	91.34	17.65	-0.076	11.291
O14607_PF02373_1080_1188	CTR_0	11	97.6	-7.986	19.497	-2.245
O14717_PF00145_4_391	CTR_0	17	87.14	-1.297	0.088	7.969
O14727_PF00931_129_374	CTR_0	16	76.09	6.12	28.938	19.967
O14733_PF00069_120_380	CTR_0	21	71.01	-6.583	10.961	-7.613
O14744_PF05185_295_464	CTR_0	21	87.93	9.492	11.756	-21.194
O14744_PF05185_295_464	CTR_1	14	86.1	4.783	9.956	-10.871
O14744_PF17285_37_290	CTR_0	10	91.63	-2.782	14.835	31.879
O14744_PF17286_467_635	CTR_0	14	95.51	10.145	-0.647	-12.26
O14757_PF00069_9_265	CTR_0	20	72.13	-8.513	0.639	6.595
O14757_PF00069_9_265	CTR_1	13	85.17	-3.909	10.416	-5.771
O14757_PF00069_9_265	CTR_2	11	88.23	-10.472	-4.897	21.029
O14757_PF00069_9_265	CTR_3	12	84.46	-1.379	4.953	-12.472
O14782_PF00225_16_265	CTR_0	11	88.31	14.961	-9.028	-6.161
O14786_PF00754_290_421	CTR_0	10	94.83	-41.822	-5.884	15.325
O14792_PF00685_54_298	CTR_0	22	90.11	-13.436	-1.932	-4.385
O14920_PF00069_15_297	CTR_0	19	75.02	21.041	8.106	-14.586
O14931_PF07686_22_128	CTR_0	16	79.12	7.087	-3.614	-20.448
O14936_PF00069_12_276	CTR_0	17	73.22	0.748	9.447	-15.178
O14965_PF00069_133_383	CTR_0	22	82.49	-6.975	-0.889	8.303
O14965_PF00069_133_383	CTR_1	13	85.72	-22.564	12.502	9.924
O14966_PF00071_9_175	CTR_0	20	82.72	14.145	-2.124	-1.794
O14976_PF00069_40_313	CTR_0	18	84.03	-0.079	-21.237	-0.831
O14976_PF00069_40_313	CTR_1	17	83.14	-1.993	-6.111	-16.14
O14994_PF02750_193_395	CTR_0	17	84.89	2.008	-0.634	-12.342
O15054_PF02373_1377_1485	CTR_0	14	97.85	2.475	-1.149	-10.558
O15066_PF00225_15_340	CTR_0	13	84.9	12.028	7.134	1.649
O15075_PF00069_390_647	CTR_0	13	87.4	-5.568	-10.287	0.177
O15111_PF00069_15_298	CTR_0	19	76.75	15.473	-8.679	-23.644
O15118_PF16414_22_267	CTR_0	18	72.28	30.393	24.43	-24.985
O15151_PF02201_25_95	CTR_0	15	83.48	-13.006	5.401	6.623
O15164_PF00439_908_992	CTR_0	13	86.6	5.076	-7.273	5.126
O15178_PF00907_44_219	CTR_1	11	72.27	-21.135	-4.9	10.411
O15178_PF00907_44_219	CTR_2	13	93.19	-9.473	14.776	-7.844
O15247_PF13410_74_218	CTR_0	14	94.75	4.494	5.899	3.97
O15264_PF00069_25_308	CTR_0	14	79.37	1.978	3.967	-6.376
O15270_PF00155_168_528	CTR_0	18	92.25	1.633	-0.959	4.511
O15296_PF00305_175_661	CTR_0	17	86.37	2.76	11.154	-3.222
O15382_PF01063_100_350	CTR_0	16	84.98	-5.264	5.966	-0.084
O15496_PF00068_44_150	CTR_0	20	83.34	-4.354	1.14	-0.725
O15530_PF00069_82_342	CTR_0	20	82.97	-15.339	-4.656	2.61
O15530_PF00069_82_342	CTR_1	13	93.23	-20.621	-6.607	20.749
O15530_PF00069_82_342	CTR_2	11	82.4	1.083	-5.483	-7.331
O15540_PF00061_7_132	CTR_0	21	85.91	3.499	-0.698	-3.708
O15550_PF02373_1133_1241	CTR_0	16	97.42	-8.783	17.057	0.178
O43175_PF00389_9_317	CTR_0	19	92.53	-9.166	4.714	7.715
O43175_PF02826_111_285	CTR_0	18	92.53	-8.976	5.998	8.521
O43252_PF01583_51_209	CTR_0	15	80.6	-43.175	10.251	25.134
O43252_PF01583_51_209	CTR_1	14	90.75	-33.712	16.095	15.494
O43252_PF01747_394_617	CTR_0	17	93.21	0.485	7.506	-24.661
O43293_PF00069_13_275	CTR_0	18	83.16	1.036	-7.454	-8.34
O43353_PF07714_18_290	CTR_0	20	84.59	3.992	9.801	-6.734
O43488_PF00248_41_348	CTR_0	21	93.25	2.968	-1.366	-4.337
O43570_PF00194_38_289	CTR_0	18	95.9	2.883	6.089	-6.33
O43683_PF00069_787_1032	CTR_0	19	74.88	-2.457	9.038	-1.73
O43704_PF00685_38_289	CTR_0	17	97.44	-2.191	10.065	-4.884
O43704_PF00685_38_289	CTR_1	18	89.78	9.598	7.715	1.189
O43781_PF00069_209_522	CTR_0	20	83.63	-7.979	1.265	6.992
O43809_PF13869_35_222	CTR_0	18	88.56	2.529	-3.125	0.305
O43809_PF13869_35_222	CTR_1	12	95.47	3.312	10.283	-5.322
O43865_PF00670_289_450	CTR_0	20	77.05	-0.639	1.639	-10.322
O43865_PF05221_237_529	CTR_0	21	77.05	0.546	0.99	-10.858
O43913_PF13191_7_156	CTR_0	9	87.61	-16.152	-2.657	4.387
O43929_PF13191_36_190	CTR_0	9	82.87	-3.169	-5.803	0.909
O60218_PF00248_15_294	CTR_0	21	91.79	4.232	1.461	10.34
O60218_PF00248_15_294	CTR_1	11	92.93	12.462	0.782	0.768
O60313_PF00350_291_469	CTR_0	12	78.66	20.525	-2.998	-44.593
O60341_PF01593_288_826	CTR_0	26	97.02	-2.336	10.845	-9.471
O60341_PF01593_288_826	CTR_1	13	90.98	-4.145	2.575	2.015
O60493_PF00787_57_148	CTR_0	10	81.5	7.727	3.916	-14.023
O60507_PF13469_70_263	CTR_0	12	96.76	2.062	-3.379	-9.945
O60547_PF16363_27_358	CTR_0	22	95.68	-11.583	5.058	-3.089
O60547_PF16363_27_358	CTR_1	20	91.68	2.021	7.867	-8.063
O60551_PF01233_139_296	CTR_0	14	84.48	-14.763	9.923	8.772
O60658_PF00233_555_806	CTR_0	16	82.42	12.289	-5.415	-6.53
O60674_PF07714_545_805	CTR_0	17	88.06	7.385	13.628	-10.538
O60674_PF07714_849_1123	CTR_0	19	87.2	29.788	14.467	-28.775
O60701_PF03721_5_195	CTR_0	17	89.15	4.04	9.455	-6.567
O60704_PF13469_69_262	CTR_0	12	96.16	5.355	2.249	-8.265
O60741_PF00027_493_576	CTR_0	17	89.86	-36.221	-1.803	36.352
O60760_PF02798_4_73	CTR_0	11	96.85	8.931	9.766	-7.139
O60825_PF01591_26_249	CTR_0	14	79.57	-16.828	7.658	-0.445
O60882_PF00413_116_271	CTR_0	18	91.52	11.979	1.444	-15.207
O60885_PF00439_357_445	CTR_0	14	89.79	-1.727	27.378	-8.586
O60885_PF00439_67_152	CTR_0	13	92.46	10.232	-3.904	-15.053
O60911_PF00112_114_333	CTR_0	16	94.28	4.767	7.68	5.438
O75116_PF00069_92_354	CTR_0	19	84.99	-6.941	-12.537	9.006
O75164_PF02373_175_291	CTR_0	13	94.04	0.586	3.021	-14.302
O75173_PF01421_218_428	CTR_0	21	72.38	-4.212	-10.961	16.575
O75191_PF02782_295_481	CTR_0	15	84.02	8.785	-11.276	-17.37
O75208_PF08511_210_286	CTR_0	13	96.79	-6.605	8.959	-3.116
O75385_PF00069_16_278	CTR_0	20	86.61	8.567	7.098	-0.734
O75460_PF00069_571_832	CTR_1	20	73.2	-11.385	-13.066	2.093
O75469_PF00104_238_415	CTR_0	14	93.45	1.782	1.953	-10.662
O75608_PF02230_8_226	CTR_0	24	85.02	12.435	2.236	-6.283
O75628_PF00071_82_245	CTR_0	14	92.72	5.155	-4.534	-8.108
O75689_PF00169_130_229	CTR_0	12	89.83	15.294	-11.708	-7.468
O75716_PF00069_20_290	CTR_0	18	88.82	4.118	-4.134	-8.158
O75828_PF00106_6_152	CTR_0	15	92.97	-3.551	-2.917	-6.562
O75844_PF01435_228_473	CTR_0	15	90.93	11.959	2.736	-3.896
O75844_PF16491_41_225	CTR_0	16	96.46	-9.366	-13.524	-3.939
O75844_PF16491_41_225	CTR_1	17	95.53	-21.332	-4.17	-0.933
O75874_PF00180_9_401	CTR_0	11	82.19	7.357	0.975	13.333
O75874_PF00180_9_401	CTR_1	20	87.74	-1.624	12.542	4.246
O75874_PF00180_9_401	CTR_2	14	90.56	3.517	3.65	20.536
O75891_PF00551_1_180	CTR_0	19	84.34	30.689	16.29	-48.348
O75897_PF00685_45_295	CTR_0	17	96.64	-5.503	-5.755	-5.368
O75899_PF00003_475_743	CTR_0	14	86.59	-32.566	-5.773	37.056
O75914_PF00069_283_534	CTR_0	17	77.23	-11.639	7.272	3.377
O75936_PF02668_107_366	CTR_0	20	72.61	16.208	2.479	-2.807
O75936_PF02668_107_366	CTR_1	20	73.7	15.794	4.409	-8.823
O76039_PF00069_13_297	CTR_0	19	83.25	-11.627	-1.261	8.792
O76054_PF00650_81_243	CTR_0	17	96.48	-0.173	0.97	0.357
O76074_PF00233_612_846	CTR_0	16	87.54	14.138	17.013	-31.792
O76074_PF00233_612_846	CTR_1	16	95.19	23.816	7.573	-32.662
O76083_PF00233_311_542	CTR_0	13	85.39	10.603	1.836	-6.173
O94768_PF00069_33_293	CTR_0	19	91.8	5.212	4.736	-3.092
O94804_PF00069_36_294	CTR_0	19	78.8	-21.174	-18.538	-1.366
O94953_PF02373_176_292	CTR_0	18	94.87	3.208	5.535	-7.381
O95045_PF01048_60_310	CTR_0	16	96.63	1.772	-7.893	6.982
O95057_PF00071_9_169	CTR_0	19	86.03	3.792	8.494	-6.852
O95140_PF00350_99_259	CTR_0	14	77.58	28.2	15.222	-42.239
O95154_PF00248_12_320	CTR_0	19	93.7	0.195	6.273	7.972
O95340_PF01583_41_199	CTR_0	15	82.37	-11.436	-14.335	21.706
O95340_PF01747_384_607	CTR_0	16	75.92	6.366	14.427	4.092
O95372_PF02230_11_228	CTR_0	24	88.63	11.746	-0.978	-8.061
O95372_PF02230_11_228	CTR_1	18	92.17	9.899	6.871	-7.286
O95398_PF00027_265_349	CTR_0	18	87.02	-7.012	21.318	19.676
O95445_PF11032_1_187	CTR_0	20	92.32	-5.046	2.802	-7.01
O95486_PF08033_744_828	CTR_0	10	94.15	-10.003	7.676	-24.322
O95568_PF13489_171_338	CTR_0	15	91.28	-1.802	-3.836	-5.896
O95619_PF03366_42_122	CTR_0	13	90.85	-17.809	-0.277	-12.761
O95696_PF00439_571_654	CTR_0	11	92.61	-41.121	9.139	48.347
O95696_PF00855_930_1044	CTR_0	10	85.02	-8.103	-1.286	-21.896
O95716_PF00071_24_185	CTR_0	20	78.86	-2.628	4.937	-14.932
O95718_PF00104_237_416	CTR_0	17	96.31	4.245	3.649	-10.891
O95749_PF00348_9_251	CTR_0	17	74.13	-4.712	4.736	-2.578
O95819_PF00069_25_289	CTR_0	18	75.57	-28.316	8.593	9.48
O96013_PF00069_321_572	CTR_0	22	77.3	3.848	2.647	-7.547
O96017_PF00069_220_486	CTR_0	19	81.65	-4.176	-0.594	-6.215
O96028_PF00855_223_334	CTR_0	13	72.72	-22.121	7.92	41.499
P00325_PF00107_203_339	CTR_0	12	94.72	0.828	8.996	9.197
P00325_PF08240_34_161	CTR_0	12	89.28	6.765	0.317	4.159
P00326_PF00107_203_339	CTR_0	12	96.23	0.411	8.761	9.047
P00326_PF08240_34_161	CTR_0	13	90.76	7.007	0.22	3.901
P00338_PF00056_21_160	CTR_0	18	83.15	-1.225	-0.744	10.106
P00338_PF00056_21_160	CTR_1	12	89.23	-4.592	-7.766	16.11
P00338_PF02866_163_331	CTR_0	16	84.56	7.497	1.254	2.737
P00374_PF00186_4_185	CTR_0	17	96.23	-7.919	-5.761	-7.836
P00374_PF00186_4_185	CTR_1	18	95.08	2.555	-1.041	-2.117
P00387_PF00970_44_151	CTR_0	11	95.31	3.637	9.434	-4.914
P00439_PF00351_119_449	CTR_0	20	73.94	6.479	-0.75	-8.337
P00439_PF00351_119_449	CTR_1	16	88.19	1.708	-1.313	-0.872
P00441_PF00080_15_150	CTR_0	11	97.03	-3.327	6.381	17.805
P00441_PF00080_15_150	CTR_1	10	98.56	-7.193	3.267	14.718
P00441_PF00080_15_150	CTR_2	15	87.13	11.847	9.03	13.042
P00480_PF00185_187_341	CTR_0	12	78.23	-6.105	11.314	-5.296
P00491_PF01048_26_280	CTR_0	23	88.47	7.847	7.886	-4.875
P00492_PF00156_37_196	CTR_0	12	88.91	1.233	-7.008	-4.952
P00519_PF07714_242_493	CTR_1	19	95.05	0.856	15.222	9.106
P00533_PF07714_712_968	CTR_0	17	73.46	-21.851	32.427	8.411
P00558_PF00162_9_406	CTR_0	18	83.06	13.134	0.047	-4.092
P00558_PF00162_9_406	CTR_1	16	90.46	21.939	-3.351	-7.919
P00568_PF00406_13_169	CTR_0	22	90.28	1.459	3.326	-4.877
P00747_PF00051_103_181	CTR_0	10	93.29	29.747	-7.232	-42.177
P00747_PF00051_185_262	CTR_0	10	82.94	7.822	8.242	2.771
P00749_PF00089_179_419	CTR_1	14	81.41	16.086	13.096	-11.562
P00751_PF00089_481_752	CTR_0	19	81.9	28.614	12.103	-21.11
P00813_PF00962_10_350	CTR_0	26	97.14	7.83	0.286	-1.202
P00915_PF00194_12_261	CTR_0	17	96.06	-5.63	9.343	-1.143
P00918_PF00194_11_259	CTR_0	18	96.77	-0.684	-5.544	-4.224
P00918_PF00194_11_259	CTR_1	14	97.7	20.783	4.45	-7.005
P00918_PF00194_11_259	CTR_2	18	97.69	-12.659	-8.306	-2.906
P01009_PF00079_52_415	CTR_0	19	81.08	3.678	-3.231	-15.093
P01111_PF00071_5_165	CTR_0	20	78.13	1.57	9.357	-11.927
P01111_PF00071_5_165	CTR_1	14	86.08	-7.859	14.899	7.213
P01112_PF00071_5_165	CTR_0	18	79.9	6.54	-1.841	-10.928
P01112_PF00071_5_165	CTR_1	16	92.32	-14.468	1.22	-9.35
P01112_PF00071_5_165	CTR_2	11	86.62	-4.379	-7.127	-15.411
P01112_PF00071_5_165	CTR_3	23	83.81	-3.251	12.377	-6.619
P01116_PF00071_5_165	CTR_0	19	79.81	6.395	7.181	-7.311
P01116_PF00071_5_165	CTR_1	20	80.94	4.881	-4.595	2.963
P01116_PF00071_5_165	CTR_2	16	87.32	-1.814	5.419	12.338
P01116_PF00071_5_165	CTR_3	12	79.81	12.59	-0.462	3.274
P01889_PF00129_25_203	CTR_0	20	97.57	-11.581	1.97	14.12
P02689_PF00061_6_132	CTR_0	22	84.68	5.875	0.835	-1.537
P02743_PF00354_26_219	CTR_0	11	97.43	4.858	-3.463	6.534
P02753_PF00061_39_188	CTR_0	17	83.32	1.49	7.596	-1.985
P02766_PF00576_32_139	CTR_0	11	97.95	-9.431	-5.132	-4.032
P02768_PF00273_222_394	CTR_0	16	95.58	-8.967	1.299	-11.518
P02768_PF00273_222_394	CTR_1	16	94.3	3.935	10.394	-17.424
P02768_PF00273_222_394	CTR_2	11	94.64	-23.265	2.785	-7.319
P02768_PF00273_30_202	CTR_0	11	92.42	-21.384	10.701	-5.665
P02768_PF00273_30_202	CTR_1	10	86.81	-16.465	-4.544	10.068
P02768_PF00273_30_202	CTR_2	18	91.88	-24.023	17.063	-0.508
P02768_PF00273_30_202	CTR_3	19	93.07	-31.391	18.727	0.313
P02768_PF00273_414_592	CTR_0	15	95.65	11.036	-3.458	0.151
P02768_PF00273_414_592	CTR_1	21	75.03	13.304	-8.878	22.963
P02768_PF00273_414_592	CTR_2	21	72.85	6.249	-6.142	26.197
P02768_PF00273_414_592	CTR_3	14	86.76	18.073	-9.494	9.403
P02768_PF00273_414_592	CTR_4	16	72.85	16.185	-3.565	25.954
P02768_PF00273_414_592	CTR_5	19	91.06	5.285	9.137	12.327
P02768_PF00273_414_592	CTR_6	14	86.76	17.135	-13.983	12.877
P02768_PF00273_414_592	CTR_7	11	94.15	-2.256	-4.088	3.347
P02774_PF00273_27_199	CTR_0	11	91.56	-11.821	-11.511	13.463
P03372_PF00104_332_531	CTR_0	18	92.56	2.166	3.446	-11.907
P03372_PF00104_332_531	CTR_1	14	88.86	2.228	9.72	-26.673
P03952_PF00089_391_621	CTR_0	20	71.38	-19.774	-6.585	23.325
P03952_PF00089_391_621	CTR_1	12	78.23	-18.051	-5.54	27.933
P03956_PF00413_108_261	CTR_0	14	95.79	-17.608	-4.165	4.265
P04040_PF00199_28_411	CTR_0	11	98.57	-5.004	-2.488	16.654
P04049_PF07714_349_606	CTR_0	18	81.82	-16.974	-4.843	7.78
P04150_PF00104_549_741	CTR_0	20	93.6	3.296	2.854	-14.327
P04150_PF00104_549_741	CTR_1	11	86.32	9.475	-3.147	-21.473
P04181_PF00202_50_436	CTR_0	14	95.75	-1.706	6.786	-0.281
P04278_PF00054_75_205	CTR_0	22	74.96	20.801	2.906	-12.11
P04626_PF07714_720_976	CTR_0	20	73.67	25.249	-19.514	2.727
P04637_PF00870_99_289	CTR_0	16	93.35	-20.13	3.611	12.264
P04637_PF00870_99_289	CTR_1	15	96.28	0.909	6.768	-12.825
P04637_PF00870_99_289	CTR_2	14	88.03	-5.526	16.21	2.512
P04746_PF00128_46_348	CTR_0	17	86.43	-1.658	8.736	-15.773
P04746_PF00128_46_348	CTR_1	14	97.27	-19.265	-7.468	-12.77
P04818_PF00303_31_313	CTR_0	20	81.0	1.324	2.366	-10.313
P05089_PF00491_6_305	CTR_0	22	96.5	7.712	5.703	-11.137
P05090_PF00061_43_184	CTR_0	19	90.06	-1.158	1.131	-4.425
P05093_PF00067_28_493	CTR_0	20	86.79	4.037	9.124	-0.378
P05108_PF00067_52_511	CTR_0	15	98.23	7.232	5.084	-3.476
P05121_PF00079_33_402	CTR_0	17	87.88	-5.353	-12.658	7.119
P05164_PF03098_173_718	CTR_0	13	72.88	-0.558	8.358	8.752
P05177_PF00067_42_505	CTR_0	24	94.09	7.691	3.121	3.434
P05181_PF00067_33_489	CTR_0	19	96.84	4.498	5.991	0.055
P05230_PF00167_25_148	CTR_0	15	93.43	2.25	-9.712	-5.237
P05413_PF00061_6_132	CTR_0	21	83.76	4.201	6.735	-3.004
P05543_PF00079_44_412	CTR_0	17	84.15	15.775	1.353	3.958
P05771_PF00069_342_600	CTR_0	18	84.12	-19.588	-8.215	10.885
P05981_PF00089_163_400	CTR_0	17	80.01	6.949	2.226	-18.878
P06126_PF16497_1_197	CTR_0	14	90.78	14.312	0.803	-11.923
P06132_PF01208_14_360	CTR_0	16	88.33	-1.09	7.759	-7.24
P06239_PF07714_245_494	CTR_0	22	83.77	12.287	-3.636	5.489
P06241_PF07714_271_520	CTR_0	20	86.09	3.966	-7.431	-7.538
P06276_PF00135_30_550	CTR_0	17	91.36	4.496	4.022	-4.943
P06276_PF00135_30_550	CTR_1	15	97.28	5.142	12.471	7.965
P06401_PF00104_704_891	CTR_0	17	92.27	5.324	0.544	-10.999
P06493_PF00069_4_287	CTR_0	20	81.7	9.993	8.683	-5.048
P06730_PF01652_38_197	CTR_0	11	93.28	2.117	1.954	-14.596
P06730_PF01652_38_197	CTR_1	13	97.4	-18.105	0.971	-7.503
P06744_PF00342_54_546	CTR_0	21	89.23	1.988	3.2	14.424
P06746_PF14792_149_262	CTR_0	15	95.47	2.541	0.212	4.834
P06858_PF00151_17_338	CTR_0	9	85.51	4.472	-4.192	17.729
P07101_PF00351_195_525	CTR_0	17	84.13	-0.197	-7.363	4.253
P07108_PF00887_3_78	CTR_0	13	95.12	1.404	-6.013	5.845
P07148_PF14651_1_127	CTR_0	19	83.75	-5.461	2.23	-3.038
P07148_PF14651_1_127	CTR_1	21	83.75	-8.629	-3.004	4.995
P07195_PF00056_22_161	CTR_0	18	83.87	-0.692	-1.898	9.848
P07306_PF00059_171_279	CTR_0	14	96.72	3.079	-11.356	-3.275
P07327_PF00107_203_339	CTR_0	13	95.21	-0.165	9.622	8.324
P07327_PF08240_34_161	CTR_0	10	94.55	5.495	0.972	2.692
P07332_PF07714_561_814	CTR_0	20	84.77	-31.988	6.277	-13.186
P07360_PF00061_48_186	CTR_0	12	94.59	-3.647	-2.978	-1.261
P07437_PF00091_3_212	CTR_0	18	88.19	-7.392	-0.515	-15.781
P07477_PF00089_24_239	CTR_0	13	86.88	-3.33	-8.898	4.474
P07686_PF00728_200_517	CTR_0	16	96.02	-20.095	-2.962	-1.817
P07711_PF00112_114_332	CTR_0	15	96.07	-7.677	-0.594	-8.661
P07741_PF00156_28_173	CTR_0	13	83.12	9.811	8.396	-3.503
P07814_PF00587_1108_1287	CTR_1	13	84.22	20.354	12.048	-8.998
P07858_PF00112_80_329	CTR_0	13	94.48	3.425	-8.34	6.442
P07858_PF00112_80_329	CTR_1	15	97.13	7.9	0.11	8.883
P07900_PF02518_40_194	CTR_0	22	82.06	17.787	11.248	-32.975
P07902_PF01087_22_196	CTR_0	14	85.7	8.389	13.823	-7.382
P07948_PF07714_247_497	CTR_0	22	84.76	-8.387	6.641	-15.541
P07949_PF07714_724_1005	CTR_0	22	74.69	-9.463	26.997	0.166
P08134_PF00071_7_180	CTR_0	18	83.86	2.794	7.699	-9.179
P08185_PF00079_41_404	CTR_0	14	86.23	9.706	10.925	4.435
P08235_PF00104_758_946	CTR_0	17	94.53	4.25	1.499	-11.058
P08240_PF00448_418_637	CTR_0	17	88.19	-5.507	-8.299	14.777
P08246_PF00089_30_242	CTR_0	13	93.05	-7.741	-2.001	-13.859
P08254_PF00413_108_264	CTR_0	17	85.73	6.29	8.254	-10.021
P08254_PF00413_108_264	CTR_1	10	82.89	3.878	2.228	-2.291
P08263_PF02798_5_77	CTR_0	10	98.0	8.357	10.18	-10.756
P08311_PF00089_21_238	CTR_0	11	88.62	-3.765	-7.556	-11.078
P08319_PF00107_208_340	CTR_0	12	91.65	7.635	-3.977	-3.199
P08631_PF07714_262_511	CTR_0	20	86.26	-7.891	1.44	-16.24
P08684_PF00067_38_493	CTR_0	14	71.55	6.871	5.833	-1.885
P08686_PF00067_27_480	CTR_0	17	86.3	9.424	3.794	1.7
P08709_PF00089_213_447	CTR_1	12	84.12	22.135	13.073	-7.406
P08754_PF00503_13_343	CTR_0	22	94.09	0.792	-1.673	-0.854
P09211_PF02798_4_75	CTR_0	9	97.89	5.754	-0.688	-11.148
P09237_PF00413_103_259	CTR_0	13	80.56	-2.296	2.504	-7.489
P09238_PF00413_107_263	CTR_0	16	87.39	7.982	8.462	-5.874
P09382_PF00337_5_134	CTR_0	9	95.06	8.392	5.036	5.514
P09417_PF00106_11_198	CTR_0	21	92.83	5.418	-4.671	-2.538
P09455_PF00061_6_134	CTR_0	18	89.36	-0.647	2.187	-6.205
P09467_PF00316_12_199	CTR_0	17	81.87	-25.7	-1.525	0.44
P09601_PF01126_11_216	CTR_0	21	85.28	-7.837	-3.616	1.349
P09601_PF01126_11_216	CTR_1	14	85.28	-5.146	-7.71	-3.606
P09622_PF07992_42_370	CTR_0	24	96.72	-6.008	-2.254	6.705
P09622_PF07992_42_370	CTR_1	17	96.14	-5.049	-8.996	-7.53
P09622_PF07992_42_370	CTR_2	13	97.76	-3.032	-8.732	9.846
P09917_PF00305_216_662	CTR_0	17	97.12	-14.659	9.53	-1.331
P09958_PF00082_144_427	CTR_0	15	90.43	-2.701	-11.94	2.064
P09960_PF01433_233_448	CTR_0	14	86.11	2.631	1.251	4.755
P09960_PF17900_18_202	CTR_0	15	94.23	19.901	-9.502	-21.588
P0C024_PF00293_38_166	CTR_0	19	84.95	0.55	5.452	-9.076
P0C024_PF00293_38_166	CTR_1	14	87.63	-12.597	5.281	6.82
P0C1S8_PF00069_212_486	CTR_0	16	90.71	5.374	4.575	-6.602
P0CG30_PF02798_5_75	CTR_0	12	98.22	0.606	-0.307	-8.143
P0DMM9_PF00685_38_288	CTR_0	18	96.54	5.841	9.198	0.496
P0DMM9_PF00685_38_288	CTR_1	18	93.67	8.175	-3.321	3.317
P0DP23_PF13499_10_74	CTR_0	12	74.34	6.965	1.661	-10.505
P0DPD7_PF08241_63_173	CTR_0	18	96.62	7.745	0.817	-1.753
P0DUB6_PF00128_52_348	CTR_0	19	96.38	10.098	7.873	-6.565
P10114_PF00071_5_166	CTR_0	19	82.91	7.006	-2.719	-8.656
P10153_PF00074_33_158	CTR_0	12	96.39	-0.313	-5.879	-2.065
P10275_PF00104_690_881	CTR_0	19	93.67	2.216	3.719	-11.924
P10275_PF00104_690_881	CTR_1	11	89.49	-16.961	7.518	11.355
P10275_PF00104_690_881	CTR_2	11	90.55	-4.096	16.055	-3.749
P10276_PF00104_224_401	CTR_0	18	93.88	-0.217	2.121	-12.845
P10599_PF00085_2_103	CTR_0	18	95.09	9.115	0.579	4.304
P10599_PF00085_2_103	CTR_1	21	95.58	5.511	10.07	4.17
P10619_PF00450_39_477	CTR_0	26	90.67	1.037	-1.248	-6.117
P10632_PF00067_30_487	CTR_0	17	71.58	0.211	0.097	9.995
P10632_PF00067_30_487	CTR_1	19	78.83	4.993	-9.772	16.713
P10635_PF00067_34_494	CTR_0	18	85.18	2.521	-2.169	-3.58
P10635_PF00067_34_494	CTR_1	16	79.2	6.5	9.051	-9.066
P10644_PF00027_273_360	CTR_0	17	82.79	12.868	4.493	-26.968
P10826_PF00104_224_401	CTR_0	18	94.1	-17.883	5.348	-3.476
P10827_PF00104_204_379	CTR_0	15	82.15	14.396	12.694	-15.612
P10828_PF00104_265_445	CTR_0	18	93.94	14.768	9.135	-9.146
P11172_PF00156_42_167	CTR_0	9	87.87	-18.882	-0.237	15.836
P11172_PF00215_252_466	CTR_0	20	90.28	-1.561	-3.167	-15.713
P11233_PF00071_16_177	CTR_0	20	73.03	7.552	-2.225	-11.562
P11234_PF00071_16_178	CTR_0	18	70.56	8.261	6.691	-6.282
P11309_PF00069_38_290	CTR_0	20	74.84	-12.458	3.457	-9.839
P11309_PF00069_38_290	CTR_1	13	95.73	-9.369	15.782	4.203
P11362_PF07714_478_754	CTR_0	20	72.92	-21.095	-1.851	5.686
P11388_PF02518_76_225	CTR_0	20	75.1	59.204	-2.11	-40.152
P11413_PF00479_35_210	CTR_0	16	91.49	17.998	-2.97	-1.405
P11413_PF02781_212_509	CTR_0	13	95.67	-16.215	-6.877	11.069
P11473_PF00104_216_406	CTR_0	18	92.85	11.994	-3.676	-15.7
P11474_PF00104_224_404	CTR_0	19	89.66	7.126	1.122	-10.237
P11509_PF00067_34_491	CTR_0	17	97.95	5.173	0.497	-1.248
P11511_PF00067_46_488	CTR_0	17	93.41	-0.907	1.969	-4.378
P11586_PF02882_128_295	CTR_0	16	88.28	-34.512	4.421	41.254
P11597_PF02886_243_480	CTR_0	18	96.95	-17.368	0.524	14.709
P11597_PF02886_243_480	CTR_1	11	97.13	-15.284	-6.566	13.133
P11712_PF00067_30_487	CTR_0	20	85.64	9.618	-0.062	1.883
P11712_PF00067_30_487	CTR_1	17	79.46	9.554	5.901	-4.583
P11766_PF00107_202_334	CTR_0	12	94.42	10.973	-1.708	-0.515
P12104_PF00061_4_132	CTR_0	21	78.05	2.026	5.678	-3.546
P12268_PF00478_29_504	CTR_0	13	77.74	-19.816	8.348	17.394
P12268_PF00478_29_504	CTR_1	28	78.56	7.96	-2.775	-1.699
P12268_PF00478_29_504	CTR_2	20	73.94	6.374	-15.02	-1.802
P12268_PF00478_29_504	CTR_3	13	89.57	-27.647	14.184	22.127
P12268_PF00478_29_504	CTR_4	10	77.27	-25.223	10.233	0.397
P12268_PF00571_107_166	CTR_0	9	77.74	-20.82	7.457	15.978
P12271_PF00650_141_291	CTR_0	20	87.2	1.677	0.655	13.73
P12544_PF00089_29_254	CTR_0	15	90.92	-7.008	-1.601	-13.805
P12883_PF00063_87_766	CTR_0	14	75.36	-8.299	-0.421	-27.784
P12931_PF00017_151_233	CTR_0	13	89.06	-23.283	15.592	-0.52
P12931_PF07714_270_519	CTR_0	23	85.94	3.618	-8.247	-6.515
P13051_PF03167_140_302	CTR_0	14	89.08	7.365	2.534	-1.851
P13497_PF01400_128_321	CTR_0	11	87.28	14.442	-15.679	-7.633
P13497_PF01400_128_321	CTR_1	16	86.96	15.888	-8.142	-1.515
P13591_PF00041_508_598	CTR_0	13	86.66	29.035	20.726	-43.855
P13631_PF00104_226_403	CTR_0	16	95.17	3.371	0.49	-10.659
P13716_PF00490_5_326	CTR_0	22	80.37	-1.968	1.737	-7.167
P13804_PF00766_211_291	CTR_0	15	95.99	-0.117	7.141	-22.723
P13995_PF02882_158_332	CTR_0	19	93.48	-16.697	7.639	-3.375
P13995_PF02882_158_332	CTR_1	14	96.69	-26.473	7.565	0.023
P14061_PF00106_4_201	CTR_0	20	78.7	1.571	0.268	0.752
P14061_PF00106_4_201	CTR_1	16	78.0	2.349	8.434	-11.529
P14174_PF01187_2_115	CTR_0	15	97.78	7.736	-1.502	-10.233
P14207_PF03024_30_205	CTR_0	13	85.63	10.559	0.809	1.593
P14210_PF00051_128_206	CTR_0	9	91.99	-32.647	5.175	36.473
P14324_PF00348_108_374	CTR_0	19	87.6	-10.788	-1.013	0.185
P14324_PF00348_108_374	CTR_1	10	92.75	-6.752	9.953	-2.994
P14324_PF00348_108_374	CTR_2	11	87.6	-25.024	1.398	1.373
P14555_PF00068_22_130	CTR_0	18	81.06	0.63	2.837	-4.644
P14618_PF00224_42_395	CTR_0	10	98.73	-1.211	-12.846	-11.029
P14618_PF00224_42_395	CTR_1	13	90.03	-2.282	5.245	15.638
P14625_PF02518_96_255	CTR_0	20	81.82	21.294	14.02	-29.898
P14920_PF01266_2_329	CTR_0	24	97.58	-2.997	3.305	4.147
P14920_PF01266_2_329	CTR_1	18	92.25	2.792	0.523	-7.019
P15085_PF00246_128_406	CTR_0	20	91.91	7.542	7.226	-3.417
P15090_PF00061_6_132	CTR_0	19	92.03	5.121	1.001	-1.435
P15104_PF00120_110_361	CTR_0	17	98.26	-3.711	16.279	0.329
P15121_PF00248_15_294	CTR_0	12	96.1	6.503	7.324	-8.432
P15121_PF00248_15_294	CTR_1	21	96.84	-5.964	3.17	-6.767
P15144_PF01433_316_543	CTR_0	14	75.8	3.478	3.422	-4.11
P15153_PF00071_5_178	CTR_0	17	79.95	4.477	-6.909	-6.709
P15291_PF13733_130_263	CTR_0	10	96.08	1.127	-5.152	-8.7
P15328_PF03024_36_211	CTR_0	15	84.86	0.187	-4.03	-9.86
P15428_PF00106_6_199	CTR_0	21	94.61	8.899	1.272	-0.925
P15531_PF00334_5_139	CTR_0	12	92.95	11.263	-5.152	-1.995
P15538_PF00067_42_498	CTR_0	15	89.46	0.178	1.233	-4.394
P15538_PF00067_42_498	CTR_1	16	84.8	9.927	9.894	-9.304
P15559_PF02525_4_212	CTR_0	14	97.74	-1.409	-16.066	-4.877
P15735_PF00069_24_291	CTR_0	17	85.8	3.706	11.669	-9.365
P15813_PF16497_1_198	CTR_0	20	94.65	-17.684	0.496	15.75
P15813_PF16497_1_198	CTR_1	18	96.67	-9.601	-3.174	9.436
P16083_PF02525_4_212	CTR_0	16	98.1	8.175	8.127	-13.923
P16083_PF02525_4_212	CTR_1	16	98.24	9.962	11.212	-9.666
P16118_PF01591_30_251	CTR_0	19	75.98	-21.281	3.402	4.664
P16152_PF00106_6_152	CTR_0	16	96.91	-2.269	-2.444	-6.806
P16233_PF00151_17_352	CTR_0	23	74.9	-18.779	-10.592	-4.319
P16233_PF00151_17_352	CTR_1	22	80.49	-21.209	-6.093	-4.199
P16278_PF01301_40_357	CTR_0	18	95.66	3.358	-3.135	12.927
P16435_PF00175_530_641	CTR_0	14	92.13	-4.102	-8.82	15.781
P16435_PF00258_82_219	CTR_0	15	83.56	-7.873	-4.814	-5.367
P16444_PF01244_25_352	CTR_0	17	97.7	-3.365	-8.147	-6.246
P16871_PF00041_130_218	CTR_0	15	91.25	2.514	8.424	-0.959
P17081_PF00071_11_184	CTR_0	18	80.2	3.555	7.575	-10.698
P17174_PF00155_31_405	CTR_0	17	87.63	-2.087	-2.436	-4.464
P17213_PF02886_249_486	CTR_0	17	96.3	9.112	2.793	-19.202
P17252_PF00069_339_597	CTR_0	18	82.15	11.032	11.546	-14.918
P17516_PF00248_18_301	CTR_0	17	92.9	-2.293	0.111	7.859
P17612_PF00069_44_298	CTR_0	15	91.74	-5.693	-3.474	4.974
P17643_PF00264_182_417	CTR_0	22	96.68	-7.075	-8.164	3.711
P17752_PF00351_106_436	CTR_0	13	75.23	3.834	-6.778	-0.099
P17752_PF00351_106_436	CTR_1	18	87.28	3.797	-2.786	3.464
P17812_PF06418_2_272	CTR_0	11	83.62	11.381	4.083	0.275
P17812_PF06418_2_272	CTR_1	11	89.0	8.665	10.962	2.074
P17858_PF00365_17_324	CTR_0	15	87.63	21.606	15.754	-9.512
P17900_PF02221_33_190	CTR_0	9	96.56	-2.071	0.945	2.055
P17900_PF02221_33_190	CTR_1	19	76.05	10.802	1.341	-6.27
P17900_PF02221_33_190	CTR_2	11	76.18	4.661	6.498	-2.599
P17931_PF00337_117_247	CTR_0	10	98.55	-8.394	-8.84	-9.111
P17980_PF00004_223_356	CTR_0	10	84.85	8.886	2.813	-16.472
P18031_PF00102_40_276	CTR_0	14	80.51	4.696	-6.683	2.7
P18031_PF00102_40_276	CTR_1	15	95.24	-13.129	-11.473	-7.964
P18031_PF00102_40_276	CTR_2	16	97.45	-17.307	-7.983	12.399
P18031_PF00102_40_276	CTR_3	13	88.35	-18.525	6.304	17.023
P18031_PF00102_40_276	CTR_4	11	97.47	-22.347	1.163	-9.699
P18031_PF00102_40_276	CTR_5	13	93.3	5.86	16.823	-8.168
P18031_PF00102_40_276	CTR_6	14	95.36	-7.612	3.51	-19.693
P18031_PF00102_40_276	CTR_7	11	98.37	-29.02	1.936	-1.814
P18031_PF00102_40_276	CTR_8	12	97.52	-22.094	10.847	1.929
P18085_PF00025_5_177	CTR_0	16	74.72	12.328	1.789	-4.723
P18669_PF00300_6_138	CTR_0	15	79.21	6.725	-4.881	-9.557
P19099_PF00067_42_499	CTR_0	16	86.49	0.162	6.106	-2.966
P19113_PF00282_36_414	CTR_0	12	97.36	0.184	5.399	-1.316
P19367_PF03727_673_907	CTR_0	17	89.29	-8.698	5.121	26.667
P19525_PF00069_267_537	CTR_0	16	83.02	1.703	4.777	-5.945
P19652_PF00061_40_180	CTR_0	19	87.84	-5.19	7.784	-1.586
P19784_PF00069_40_325	CTR_0	17	92.27	-2.906	-4.002	-16.106
P19784_PF00069_40_325	CTR_1	21	88.49	-7.079	-9.468	-4.893
P19793_PF00104_257_442	CTR_0	19	87.25	-7.003	5.563	14.506
P19793_PF00104_257_442	CTR_1	9	79.16	2.967	1.969	13.511
P19801_PF01179_300_708	CTR_0	11	89.19	6.733	4.118	-8.769
P20151_PF00089_25_253	CTR_0	19	87.13	-10.969	-6.417	1.444
P20231_PF00089_31_267	CTR_0	20	92.94	2.594	10.002	-7.93
P20231_PF00089_31_267	CTR_1	14	93.15	0.755	11.288	0.936
P20337_PF00071_24_185	CTR_0	21	81.52	5.872	0.433	-10.696
P20339_PF00071_22_183	CTR_0	19	93.0	6.552	-2.401	-8.917
P20340_PF00071_15_175	CTR_0	19	87.07	10.739	-3.487	-4.488
P20591_PF00350_73_249	CTR_0	13	73.96	40.375	4.788	-18.865
P20701_PF00092_156_326	CTR_0	14	71.81	17.026	5.869	-29.658
P20813_PF00067_31_488	CTR_0	19	90.97	-0.142	-1.171	-4.839
P20813_PF00067_31_488	CTR_1	15	83.7	18.819	11.242	-5.007
P20813_PF00067_31_488	CTR_2	13	90.51	0.669	-19.646	6.024
P20813_PF00067_31_488	CTR_3	27	85.65	11.016	5.208	-7.829
P20813_PF00067_31_488	CTR_4	18	90.51	-2.89	-14.536	6.335
P20815_PF00067_38_492	CTR_0	15	79.89	2.331	1.359	-3.83
P20839_PF00478_29_504	CTR_0	27	83.65	-2.854	-6.504	-12.333
P20839_PF00478_29_504	CTR_1	11	79.93	-8.988	14.289	14.958
P20839_PF00478_29_504	CTR_2	17	79.24	-15.828	0.739	18.939
P20839_PF00478_29_504	CTR_3	21	76.72	-12.786	-6.675	-19.069
P20839_PF00478_29_504	CTR_4	7	79.24	-13.381	-6.068	22.564
P20839_PF00478_29_504	CTR_5	13	90.74	-17.009	2.518	30.677
P20839_PF00478_29_504	CTR_6	10	87.07	-16.005	-4.196	33.157
P20839_PF00571_107_166	CTR_0	9	79.24	-16.026	0.674	19.028
P21397_PF01593_23_460	CTR_0	28	98.22	-10.835	-3.877	2.167
P21397_PF01593_23_460	CTR_1	18	97.59	2.242	-0.161	-6.615
P21549_PF00266_24_376	CTR_0	11	97.46	-7.685	-0.096	27.16
P21549_PF00266_24_376	CTR_1	19	94.1	0.273	-0.355	-1.63
P21589_PF02872_338_513	CTR_0	14	94.3	7.766	0.346	-0.819
P21675_PF00439_1389_1472	CTR_0	12	84.01	35.856	34.989	-68.534
P21675_PF00439_1511_1595	CTR_0	13	84.82	6.84	-23.898	-62.456
P21860_PF07714_709_965	CTR_0	16	71.78	-32.681	-22.066	-19.377
P21964_PF01596_67_228	CTR_0	19	92.54	7.494	0.067	2.4
P21964_PF01596_67_228	CTR_1	12	91.19	9.579	-4.863	-3.272
P22087_PF01269_88_315	CTR_0	17	86.89	4.589	-1.565	8.317
P22102_PF00551_808_988	CTR_0	13	84.04	-37.423	16.774	-29.534
P22102_PF00551_808_988	CTR_1	17	89.09	-36.859	8.593	-23.259
P22102_PF01071_105_298	CTR_0	15	83.82	25.365	-7.201	-14.208
P22234_PF00731_267_409	CTR_0	20	95.73	26.926	6.577	-28.568
P22303_PF00135_37_563	CTR_0	17	97.9	5.564	3.909	-3.615
P22392_PF00334_5_139	CTR_0	12	92.08	12.513	-2.156	-0.876
P22455_PF07714_467_743	CTR_0	19	71.43	-4.039	17.243	3.572
P22680_PF00067_32_497	CTR_0	13	94.63	5.868	9.241	-4.554
P22736_PF00104_394_579	CTR_0	21	88.78	-8.557	6.021	2.381
P22736_PF00104_394_579	CTR_1	12	89.68	-8.617	1.551	-4.196
P22748_PF00194_37_285	CTR_0	18	97.19	-12.032	-0.777	-6.635
P22830_PF00762_68_389	CTR_0	16	82.51	-5.521	10.485	-1.446
P22830_PF00762_68_389	CTR_1	13	79.18	-9.905	17.049	-5.795
P22894_PF00413_107_262	CTR_0	16	95.6	-9.196	1.392	9.638
P22894_PF00413_107_262	CTR_1	21	92.26	-5.763	-4.225	5.275
P23141_PF00135_22_547	CTR_0	24	72.71	3.369	8.178	9.401
P23141_PF00135_22_547	CTR_2	14	98.13	21.551	-3.393	-8.905
P23141_PF00135_22_547	CTR_3	17	90.4	-12.423	15.044	6.353
P23258_PF00091_4_215	CTR_0	18	89.91	-0.68	6.096	-11.646
P23368_PF03949_280_535	CTR_0	14	87.88	-18.794	-4.476	3.284
P23443_PF00069_91_352	CTR_0	17	74.65	-1.479	0.845	10.378
P23458_PF07714_875_1149	CTR_0	20	80.68	33.028	4.7	-31.17
P23467_PF00102_1727_1962	CTR_0	13	76.02	30.501	-17.291	-32.011
P23526_PF00670_191_352	CTR_0	18	92.11	-3.588	12.026	5.647
P23526_PF05221_140_431	CTR_0	20	92.11	-3.732	12.05	6.078
P23526_PF05221_140_431	CTR_1	16	92.11	0.152	0.633	-0.295
P23919_PF02223_11_191	CTR_0	15	84.42	3.69	10.784	3.171
P23919_PF02223_11_191	CTR_1	19	87.29	0.655	0.769	-7.51
P23921_PF03477_1_89	CTR_0	15	82.44	23.046	20.389	-28.282
P23946_PF00089_22_240	CTR_0	16	90.89	-1.123	-6.446	-8.565
P24666_PF01451_9_154	CTR_0	15	94.62	13.96	4.998	-3.011
P24666_PF01451_9_154	CTR_1	13	95.53	9.481	12.2	12.287
P24723_PF00069_355_614	CTR_0	18	78.73	4.224	3.783	-12.666
P24752_PF00108_42_299	CTR_0	14	97.88	12.442	1.004	-10.36
P24821_PF00147_1980_2189	CTR_0	14	89.82	-66.097	-5.945	61.682
P24941_PF00069_4_286	CTR_0	21	80.2	-4.394	-7.577	13.093
P24941_PF00069_4_286	CTR_2	16	94.35	12.379	11.368	-13.097
P24941_PF00069_4_286	CTR_3	12	77.79	-12.713	-2.361	25.383
P24941_PF00069_4_286	CTR_4	10	91.2	14.66	-14.228	-5.294
P25098_PF00069_191_453	CTR_0	18	78.03	17.011	-6.569	-1.266
P25205_PF00493_280_505	CTR_0	12	78.64	-29.848	-1.308	3.458
P25311_PF00129_26_201	CTR_0	14	97.7	-16.642	-2.006	12.946
P25440_PF00439_353_441	CTR_0	15	93.62	-2.443	8.71	-30.216
P25440_PF00439_83_168	CTR_0	13	92.51	9.293	4.454	-2.7
P25774_PF00112_115_330	CTR_0	15	95.44	0.511	-6.056	2.706
P25774_PF00112_115_330	CTR_1	10	96.6	3.22	7.837	-10.73
P26196_PF00271_320_429	CTR_0	10	94.09	18.698	16.633	-9.876
P26358_PF00145_1139_1594	CTR_0	16	83.71	-12.556	-0.668	-15.185
P26639_PF00587_397_608	CTR_0	13	87.58	13.283	-8.78	12.068
P26639_PF00587_397_608	CTR_1	21	85.81	7.006	-9.207	8.179
P27037_PF00069_196_481	CTR_0	20	85.39	-6.535	-3.16	-9.312
P27144_PF00406_10_190	CTR_0	15	84.44	-0.901	3.703	-8.241
P27338_PF01593_14_451	CTR_0	29	97.6	0.165	2.191	7.67
P27338_PF01593_14_451	CTR_1	21	92.81	6.293	3.99	-7.746
P27348_PF00244_9_229	CTR_0	10	95.59	8.049	-12.166	2.879
P27361_PF00069_42_330	CTR_0	19	71.75	11.091	4.488	-3.589
P27361_PF00069_42_330	CTR_1	20	84.87	8.554	11.039	-3.333
P27448_PF00069_56_307	CTR_0	16	80.44	-2.59	-0.177	5.532
P27487_PF00326_559_765	CTR_0	12	98.56	-9.473	9.728	0.375
P27694_PF04057_5_104	CTR_0	13	85.07	-40.064	9.677	-13.239
P27707_PF01712_24_258	CTR_0	14	76.26	-1.494	-11.679	0.977
P27707_PF01712_24_258	CTR_1	16	90.08	-0.734	-0.654	-9.747
P27815_PF00233_432_672	CTR_0	16	91.4	-0.824	-7.43	-10.795
P28161_PF02798_3_82	CTR_0	11	98.5	6.292	8.334	-9.434
P28347_PF17725_214_423	CTR_0	20	92.12	-2.312	3.918	4.571
P28702_PF00104_331_513	CTR_0	19	84.12	-14.967	9.748	8.177
P28845_PF00106_35_230	CTR_0	21	95.69	3.237	-3.47	-4.541
P28845_PF00106_35_230	CTR_1	16	94.9	8.124	4.349	-10.769
P28907_PF02267_56_296	CTR_0	13	94.59	-4.413	-3.163	-3.243
P29016_PF16497_1_198	CTR_0	15	95.16	8.631	4.508	-15.833
P29016_PF16497_1_198	CTR_1	14	94.15	9.591	1.856	-26.405
P29017_PF16497_1_199	CTR_0	20	90.83	-13.756	-6.654	15.886
P29017_PF16497_1_199	CTR_1	12	91.94	-18.111	-4.156	18.86
P29017_PF16497_1_199	CTR_2	21	94.36	-14.056	6.194	7.18
P29017_PF16497_1_199	CTR_3	16	93.21	-20.157	-0.12	13.037
P29317_PF07714_613_871	CTR_0	18	80.0	37.943	5.022	-44.289
P29373_PF00061_5_138	CTR_0	19	90.12	6.718	3.679	-0.373
P29373_PF00061_5_138	CTR_1	10	94.74	4.28	13.759	-3.559
P29401_PF00456_14_283	CTR_0	15	92.84	-11.312	15.003	8.215
P29474_PF02898_119_481	CTR_0	16	83.35	-27.441	1.726	29.427
P29475_PF02898_355_717	CTR_0	16	83.82	27.862	6.904	-27.535
P29475_PF02898_355_717	CTR_1	10	92.84	39.18	-11.377	4.291
P29597_PF07714_589_866	CTR_0	21	92.36	16.991	10.043	-24.582
P29597_PF07714_897_1169	CTR_0	24	79.2	-13.391	8.106	-25.085
P29973_PF00027_497_588	CTR_0	14	81.35	37.067	17.143	-20.691
P29992_PF00503_16_348	CTR_0	22	94.95	-0.686	-1.58	-1.325
P30043_PF13460_10_192	CTR_0	17	93.74	8.305	-2.38	1.973
P30043_PF13460_10_192	CTR_1	14	96.26	12.637	0.703	-8.844
P30044_PF08534_57_211	CTR_0	16	95.65	8.906	2.09	-6.542
P30046_PF01187_2_116	CTR_0	13	95.15	4.088	7.478	-12.393
P30086_PF01161_25_169	CTR_0	17	94.83	6.769	-3.536	-11.064
P30291_PF00069_299_569	CTR_0	17	89.85	6.426	4.201	-0.273
P30405_PF00160_49_205	CTR_0	16	96.14	-10.196	1.697	-11.946
P30405_PF00160_49_205	CTR_1	9	97.72	-17.264	-0.063	14.472
P30405_PF00160_49_205	CTR_2	13	96.24	-20.138	4.801	0.061
P30419_PF01233_137_294	CTR_0	12	89.76	-1.962	-1.806	-17.389
P30519_PF01126_31_236	CTR_0	17	91.05	-3.19	2.908	6.873
P30520_PF00709_32_453	CTR_0	19	80.05	12.366	0.175	4.249
P30711_PF13417_5_82	CTR_0	11	97.41	0.715	3.632	-9.82
P30793_PF01227_71_249	CTR_0	12	93.97	-22.022	5.061	19.596
P31327_PF02142_1373_1465	CTR_0	16	83.38	-36.138	-21.672	22.209
P31327_PF02786_546_750	CTR_0	18	89.84	-14.23	-11.829	-10.141
P31749_PF00069_150_408	CTR_0	16	72.16	-4.603	-9.686	6.342
P31751_PF00069_152_409	CTR_0	18	71.66	-10.923	-0.226	5.853
P31937_PF03446_41_200	CTR_0	17	89.73	-3.603	-4.478	1.631
P31939_PF02142_16_130	CTR_0	19	88.74	31.196	5.951	-28.214
P31947_PF00244_9_231	CTR_0	11	94.91	4.203	9.039	-2.567
P31947_PF00244_9_231	CTR_1	10	96.2	-4.927	3.709	6.52
P31947_PF00244_9_231	CTR_2	10	88.68	-2.977	-15.518	-0.076
P31947_PF00244_9_231	CTR_3	11	93.36	9.576	11.824	18.986
P32298_PF00069_187_449	CTR_0	19	82.61	-0.574	14.018	8.861
P32320_PF00383_12_118	CTR_0	19	97.48	6.623	-2.281	-5.204
P32455_PF02841_284_580	CTR_0	14	92.09	-12.841	-11.681	12.716
P32929_PF01053_19_395	CTR_0	22	82.11	-0.303	-4.422	1.766
P33176_PF00225_14_325	CTR_0	13	89.07	0.822	16.393	-6.201
P33261_PF00067_30_487	CTR_0	16	89.92	6.38	-0.306	0.447
P33981_PF00069_525_791	CTR_0	18	86.17	-13.101	8.886	0.347
P33991_PF00493_445_670	CTR_0	12	82.5	-15.805	18.807	11.837
P33993_PF00493_320_541	CTR_0	11	79.02	21.763	1.533	-7.626
P34096_PF00074_31_146	CTR_0	10	98.05	3.762	-4.867	1.644
P34897_PF00464_49_448	CTR_0	13	76.03	-6.768	-9.429	2.86
P34913_PF00561_259_531	CTR_0	15	89.19	16.743	5.124	-8.148
P34913_PF00702_3_197	CTR_0	15	73.57	-22.664	10.927	29.573
P34913_PF00702_3_197	CTR_1	19	73.57	-22.568	11.144	23.735
P34947_PF00069_186_448	CTR_0	17	82.58	-7.241	-8.36	9.282
P35030_PF00089_81_296	CTR_0	22	87.68	3.709	-2.565	-6.786
P35228_PF02898_135_497	CTR_0	19	92.48	21.704	2.403	-11.113
P35270_PF00106_8_214	CTR_0	21	96.63	1.572	4.824	-3.526
P35270_PF00106_8_214	CTR_1	14	97.32	-2.158	9.481	-14.629
P35270_PF00106_8_214	CTR_2	22	83.52	-10.035	-6.386	11.672
P35354_PF03098_198_560	CTR_0	12	95.37	-6.582	-8.831	-4.422
P35354_PF03098_198_560	CTR_1	22	94.82	3.096	6.052	-0.01
P35398_PF00104_308_494	CTR_0	15	92.68	-6.685	1.765	5.628
P35557_PF00349_15_215	CTR_0	11	76.94	-15.962	4.18	14.832
P35557_PF03727_221_455	CTR_0	14	91.11	7.904	-0.476	2.861
P35558_PF00821_260_618	CTR_0	19	86.33	-0.662	-6.675	8.374
P35558_PF00821_260_618	CTR_1	14	94.44	-3.693	-11.223	12.99
P35914_PF00682_32_306	CTR_0	13	85.22	-8.242	-14.965	-2.858
P36404_PF00025_3_176	CTR_0	17	95.84	11.284	4.219	-2.227
P36507_PF00069_72_369	CTR_0	21	73.33	2.624	-6.433	-7.06
P36639_PF00293_45_168	CTR_0	20	92.58	-0.385	1.579	-6.147
P36873_PF00149_57_252	CTR_0	13	95.3	-12.151	8.789	-7.814
P36897_PF00069_205_492	CTR_0	19	83.06	4.229	9.772	-3.783
P36959_PF00478_9_342	CTR_0	28	90.03	7.55	-0.719	5.382
P37023_PF07714_202_489	CTR_0	21	88.61	1.495	-7.638	8.699
P37173_PF07714_244_538	CTR_0	24	80.98	-12.156	12.743	-4.147
P37173_PF08917_49_159	CTR_0	11	78.7	45.717	2.8	-19.662
P37231_PF00104_300_486	CTR_0	17	84.99	-20.176	-0.758	-0.964
P37268_PF00494_47_320	CTR_0	15	79.45	-2.67	1.742	2.722
P38117_PF01012_26_214	CTR_0	20	95.07	-5.798	-0.318	-5.062
P38606_PF00006_230_455	CTR_0	12	81.1	-11.346	-12.429	3.216
P39900_PF00413_108_263	CTR_0	17	93.57	11.532	0.472	-12.817
P40306_PF00227_36_217	CTR_0	20	77.11	1.321	2.886	-10.426
P40337_PF01847_63_144	CTR_0	8	96.61	12.493	2.836	-4.186
P40394_PF00107_214_350	CTR_0	13	91.77	11.358	1.095	-0.006
P40616_PF00025_5_177	CTR_0	17	88.99	8.986	-7.35	-2.88
P40926_PF00056_25_168	CTR_0	20	82.81	-6.681	-2.15	-13.134
P41180_PF00003_606_856	CTR_0	14	87.68	-47.251	-7.428	50.459
P41222_PF00061_40_184	CTR_0	14	81.07	2.708	5.419	-4.642
P41235_PF00104_172_361	CTR_0	25	86.81	-19.5	2.758	11.85
P41240_PF07714_195_440	CTR_0	18	81.71	-1.571	-1.702	-11.095
P41250_PF00587_291_592	CTR_0	20	87.87	3.968	4.087	7.743
P41743_PF00069_254_522	CTR_0	18	72.53	-10.797	9.724	-1.124
P42126_PF00378_52_301	CTR_0	16	78.0	-5.019	-3.459	-17.391
P42330_PF00248_18_301	CTR_0	18	91.27	-4.962	-5.441	4.642
P42330_PF00248_18_301	CTR_1	10	87.92	3.694	-4.738	-4.217
P42574_PF00656_44_274	CTR_0	9	87.13	14.747	2.529	-10.402
P42684_PF07714_288_539	CTR_0	21	77.23	-3.878	14.313	-10.98
P42684_PF07714_288_539	CTR_2	15	91.99	2.188	10.235	14.034
P42898_PF02219_48_337	CTR_0	18	79.32	11.854	-4.139	-28.596
P43166_PF00194_13_262	CTR_0	16	97.54	2.615	-7.36	1.428
P43235_PF00112_115_328	CTR_0	16	97.32	-2.147	-8.154	-1.032
P43235_PF00112_115_328	CTR_1	11	95.39	13.373	17.429	1.155
P43235_PF00112_115_328	CTR_2	12	96.08	15.939	8.897	-4.781
P43246_PF00488_665_852	CTR_0	10	73.63	26.521	-0.528	3.117
P43250_PF00069_186_448	CTR_0	19	79.05	-10.853	11.008	2.85
P43354_PF00104_393_579	CTR_0	12	88.63	8.644	5.387	0.887
P43403_PF07714_338_593	CTR_0	18	70.2	-22.882	6.81	-18.348
P43405_PF07714_371_626	CTR_0	22	86.74	-20.232	5.065	10.526
P43652_PF00273_222_394	CTR_0	11	90.41	0.458	-11.586	2.368
P43652_PF00273_30_202	CTR_0	11	87.61	32.409	9.059	-0.573
P45452_PF00413_112_267	CTR_0	18	92.19	-7.355	-1.929	6.542
P45983_PF00069_26_321	CTR_0	19	78.91	-8.33	8.964	6.749
P45984_PF00069_26_321	CTR_1	21	80.05	-7.094	-7.332	7.179
P45985_PF00069_102_367	CTR_0	19	73.82	-0.471	3.174	-9.092
P46597_PF00891_117_327	CTR_0	18	89.31	-11.644	-2.254	-1.935
P46597_PF00891_117_327	CTR_1	14	93.19	-2.835	3.886	-2.018
P46934_PF00632_1013_1318	CTR_0	12	76.41	7.215	6.992	15.26
P48443_PF00104_255_443	CTR_0	18	84.6	-11.969	9.549	11.314
P48728_PF01571_38_291	CTR_0	18	98.25	-4.83	4.123	-0.741
P48729_PF00069_17_260	CTR_0	19	74.29	-14.567	-0.101	4.056
P48729_PF00069_17_260	CTR_1	10	93.93	-4.731	-10.784	-10.877
P48730_PF00069_9_271	CTR_0	20	77.64	8.301	5.876	-2.891
P48735_PF00180_45_441	CTR_0	13	88.13	1.745	6.411	7.783
P48735_PF00180_45_441	CTR_1	12	90.86	-1.358	18.892	-7.853
P49327_PF00698_493_810	CTR_0	12	77.36	-7.674	48.196	33.503
P49336_PF00069_22_335	CTR_0	19	72.36	-8.448	1.619	7.94
P49366_PF01916_44_354	CTR_0	11	98.42	7.363	-2.61	-3.519
P49366_PF01916_44_354	CTR_1	10	98.04	5.713	-11.268	12.461
P49366_PF01916_44_354	CTR_2	24	96.6	4.468	0.11	9.857
P49427_PF00179_12_166	CTR_0	15	90.35	-5.766	-1.002	12.396
P49591_PF00587_248_444	CTR_0	14	91.81	4.484	-0.463	-8.233
P49638_PF00650_97_247	CTR_0	15	94.52	-5.074	6.015	-7.529
P49638_PF00650_97_247	CTR_1	18	93.2	-1.21	16.604	-12.084
P49674_PF00069_9_270	CTR_0	22	73.67	8.332	4.813	-3.627
P49736_PF00493_460_683	CTR_0	10	84.46	19.491	8.369	-6.33
P49759_PF00069_161_477	CTR_0	20	85.48	4.929	0.929	-10.121
P49759_PF00069_161_477	CTR_1	16	90.6	-1.02	-12.319	-24.472
P49760_PF00069_163_479	CTR_0	19	89.01	-11.512	3.181	8.004
P49761_PF00069_304_620	CTR_0	20	87.0	-11.964	-2.952	8.481
P49773_PF01230_24_121	CTR_0	12	94.61	-2.687	8.519	-0.136
P49789_PF01230_9_105	CTR_0	12	91.77	-1.445	8.446	1.843
P49789_PF01230_9_105	CTR_1	17	91.77	3.721	5.213	3.239
P49841_PF00069_56_340	CTR_0	18	89.12	7.66	0.156	-5.155
P49862_PF00089_30_245	CTR_0	11	93.81	-11.726	-2.306	-10.751
P49888_PF00685_37_287	CTR_0	17	97.61	7.433	8.949	-0.176
P49888_PF00685_37_287	CTR_1	16	88.64	9.299	-4.429	2.595
P49916_PF01068_483_677	CTR_0	21	82.17	-16.443	7.604	6.39
P49917_PF01068_248_451	CTR_0	14	87.07	-12.505	2.099	13.512
P50053_PF00294_3_294	CTR_0	19	93.72	3.027	-9.682	-5.213
P50120_PF00061_6_134	CTR_0	20	86.27	-4.78	0.553	-5.943
P50135_PF13489_27_217	CTR_0	11	86.76	4.676	4.538	-6.599
P50135_PF13489_27_217	CTR_1	17	94.09	-2.687	9.908	-2.205
P50135_PF13489_27_217	CTR_2	16	76.25	15.371	9.165	-6.737
P50213_PF00180_33_358	CTR_0	11	89.91	-10.079	8.516	-2.843
P50225_PF00685_38_288	CTR_0	18	96.5	-1.594	-5.874	-3.109
P50225_PF00685_38_288	CTR_1	17	93.88	-9.892	0.45	-10.206
P50225_PF00685_38_288	CTR_2	17	91.21	-17.953	-2.698	-8.913
P50226_PF00685_38_288	CTR_0	18	96.23	4.111	-5.902	0.525
P50579_PF00557_167_466	CTR_0	18	97.59	-5.047	9.817	-0.172
P50583_PF00293_12_137	CTR_0	13	85.65	5.42	-0.416	-12.811
P50750_PF00069_19_315	CTR_0	20	82.41	6.392	1.218	-7.188
P51148_PF00071_23_184	CTR_0	18	89.34	-1.638	9.432	-11.307
P51149_PF00071_10_175	CTR_0	19	80.76	13.063	6.726	-5.007
P51151_PF00071_9_174	CTR_0	19	82.56	4.924	1.853	-10.531
P51157_PF00071_14_179	CTR_0	19	75.48	10.217	7.531	-5.619
P51159_PF00071_11_183	CTR_0	18	83.31	6.044	-2.369	-10.461
P51161_PF14651_1_128	CTR_0	18	73.63	1.155	5.609	-9.797
P51161_PF14651_1_128	CTR_1	22	72.85	-1.082	0.517	-0.84
P51161_PF14651_1_128	CTR_2	24	73.63	-6.699	5.971	-1.599
P51449_PF00104_309_488	CTR_0	18	91.69	2.56	0.997	-11.437
P51449_PF00104_309_488	CTR_1	10	94.53	-4.726	10.905	-8.441
P51449_PF00104_309_488	CTR_2	13	82.63	10.517	-2.125	6.027
P51452_PF00782_37_176	CTR_0	10	93.49	1.158	1.701	-12.008
P51512_PF00413_126_291	CTR_0	13	78.2	-17.068	6.868	3.556
P51531_PF00439_1411_1493	CTR_0	11	83.42	33.756	-38.197	1.924
P51532_PF00439_1462_1551	CTR_0	11	84.49	48.67	-25.794	-13.6
P51553_PF00180_56_381	CTR_0	11	89.18	-4.667	-12.958	0.347
P51617_PF00069_212_517	CTR_0	18	86.26	8.077	4.384	-3.087
P51659_PF00106_10_212	CTR_0	21	80.6	19.041	-5.867	-23.814
P51812_PF00069_422_679	CTR_0	20	73.0	17.433	10.629	-8.271
P51812_PF00069_68_327	CTR_0	16	84.84	-8.829	0.678	12.883
P51813_PF07714_417_666	CTR_0	20	79.47	-11.782	8.442	4.655
P51857_PF00248_20_304	CTR_0	18	88.23	-3.898	-4.102	6.318
P51857_PF00248_20_304	CTR_1	9	87.9	5.997	-5.244	-0.135
P51955_PF00069_8_271	CTR_0	18	72.63	-9.514	9.998	4.927
P52333_PF07714_822_1095	CTR_0	21	89.97	40.417	21.698	-46.909
P52333_PF07714_822_1095	CTR_1	19	87.28	31.812	15.085	-24.101
P52564_PF00069_53_314	CTR_0	20	70.47	-0.104	1.503	-9.277
P52565_PF02115_12_201	CTR_0	20	92.54	1.538	4.369	-13.073
P52732_PF00225_24_359	CTR_0	14	83.39	-4.119	-13.267	13.417
P52732_PF00225_24_359	CTR_1	17	75.13	-13.75	-7.306	20.211
P52788_PF01564_174_366	CTR_0	18	78.32	-19.125	0.287	1.096
P52848_PF00685_604_869	CTR_0	19	83.3	-34.734	13.191	10.386
P52895_PF00248_18_301	CTR_0	17	92.59	3.056	4.289	10.505
P52895_PF00248_18_301	CTR_1	10	89.82	13.634	2.484	2.64
P53041_PF00149_235_431	CTR_0	14	89.7	2.144	0.465	-5.34
P53350_PF00069_53_305	CTR_0	17	82.25	-5.148	7.722	4.793
P53355_PF00069_13_275	CTR_0	17	72.71	-22.787	-19.714	-33.592
P53396_PF00285_883_1086	CTR_0	10	93.28	51.491	2.316	-39.556
P53396_PF16114_244_421	CTR_0	28	93.17	-15.956	-2.818	-11.342
P53582_PF00557_137_365	CTR_0	16	96.86	-12.061	2.656	-6.199
P53597_PF02629_53_146	CTR_0	17	98.17	8.879	7.466	-7.239
P53634_PF00112_231_458	CTR_0	15	78.19	-2.116	-5.57	-3.719
P53667_PF07714_339_604	CTR_0	18	78.08	-4.196	2.737	5.487
P53667_PF07714_339_604	CTR_1	18	77.38	-2.206	9.804	7.227
P53778_PF00069_27_311	CTR_0	17	77.86	2.972	-2.257	-4.717
P53779_PF00069_64_359	CTR_0	19	83.74	-15.047	9.933	1.754
P54646_PF00069_16_268	CTR_0	19	80.63	-2.758	3.764	17.51
P54687_PF01063_93_343	CTR_0	17	73.44	-5.989	5.977	-0.078
P54760_PF07714_615_874	CTR_0	18	76.25	-29.218	11.458	19.336
P54762_PF07714_619_878	CTR_0	19	82.41	-6.028	8.638	17.585
P54829_PF00102_323_553	CTR_1	14	88.97	4.481	-1.325	3.483
P54829_PF00102_323_553	CTR_2	18	91.16	-17.682	7.127	-5.27
P55040_PF00071_77_241	CTR_0	13	94.2	5.64	-4.441	-10.006
P55042_PF00071_93_253	CTR_0	13	94.09	8.328	2.033	-8.929
P55055_PF00104_256_444	CTR_0	18	94.8	5.911	1.835	-12.1
P55072_PF00004_241_371	CTR_0	12	82.19	-4.56	-4.191	5.942
P55072_PF00004_514_647	CTR_0	19	86.95	12.194	2.201	-29.016
P55157_PF19444_592_889	CTR_0	19	80.72	17.7	5.907	-3.334
P55157_PF19444_592_889	CTR_1	24	76.36	22.296	10.514	-9.025
P55196_PF00595_1008_1090	CTR_0	16	70.57	17.218	-19.848	20.465
P55201_PF00439_637_720	CTR_0	15	88.52	11.2	33.242	-44.109
P55201_PF00855_1086_1200	CTR_0	11	86.75	10.042	-8.517	5.409
P55210_PF00656_67_300	CTR_0	16	84.28	-3.184	-4.547	-10.327
P55210_PF00656_67_300	CTR_1	13	79.89	-8.229	-9.415	-7.077
P55263_PF00294_42_360	CTR_0	18	75.55	6.129	1.887	-2.976
P55263_PF00294_42_360	CTR_1	20	76.75	-4.352	-9.685	-10.689
P55263_PF00294_42_360	CTR_2	17	91.22	11.25	0.202	-0.297
P55899_PF00129_26_197	CTR_0	20	96.31	-13.215	-8.343	9.32
P56524_PF00850_675_992	CTR_0	21	87.68	3.9	-6.339	-7.977
P56545_PF00389_36_358	CTR_0	20	96.73	-0.196	3.705	1.132
P56545_PF02826_139_323	CTR_0	18	97.76	-0.142	3.768	1.152
P57729_PF00071_11_179	CTR_0	21	86.75	-5.101	8.033	-15.111
P57735_PF00071_14_175	CTR_0	19	81.14	12.605	-1.899	-4.115
P57772_PF00009_5_315	CTR_0	16	70.39	11.507	21.387	-9.751
P60568_PF00715_7_150	CTR_0	10	74.61	5.507	-0.994	-15.971
P60763_PF00071_5_178	CTR_0	17	78.85	4.308	-7.956	-5.649
P60953_PF00071_5_178	CTR_0	17	79.39	7.868	6.962	1.624
P60953_PF00071_5_178	CTR_1	14	95.7	14.322	2.851	-4.921
P61006_PF00071_10_171	CTR_0	18	75.0	2.935	8.87	-10.601
P61011_PF00448_101_296	CTR_0	17	84.56	-10.389	-1.334	-11.833
P61018_PF00071_10_171	CTR_0	17	72.9	12.98	-3.576	-1.044
P61019_PF00071_8_169	CTR_0	20	72.49	2.229	9.588	-11.729
P61020_PF00071_22_183	CTR_0	18	89.1	-3.724	4.971	-14.703
P61026_PF00071_11_172	CTR_0	19	72.26	3.194	10.157	-7.87
P61088_PF00179_7_144	CTR_0	17	90.73	4.051	-1.146	9.918
P61224_PF00071_5_167	CTR_0	19	78.31	9.275	-3.586	-6.649
P61586_PF00071_7_180	CTR_0	19	84.0	7.386	-7.328	-5.242
P61586_PF00071_7_180	CTR_1	20	95.15	-12.179	-0.005	-4.562
P61587_PF00071_25_199	CTR_0	17	92.84	-0.825	10.887	-7.247
P61916_PF02221_21_147	CTR_0	21	95.33	-13.538	-2.043	1.412
P61981_PF00244_10_234	CTR_0	9	94.66	-3.177	-9.305	5.959
P62070_PF00071_16_177	CTR_0	18	70.91	9.292	-2.783	-8.526
P62136_PF00149_57_252	CTR_0	15	91.49	-16.296	-2.241	-8.862
P62136_PF00149_57_252	CTR_1	12	94.38	-6.785	-15.66	-7.608
P62136_PF00149_57_252	CTR_2	13	91.49	-14.764	-8.155	-10.226
P62166_PF13499_98_174	CTR_0	8	80.4	-4.575	3.333	10.342
P62330_PF00025_1_173	CTR_0	16	89.18	4.577	2.474	-10.436
P62491_PF00071_13_174	CTR_0	18	80.9	6.208	-2.501	-10.49
P62508_PF00104_255_441	CTR_0	21	96.29	-15.932	-0.437	6.676
P62745_PF00071_7_180	CTR_0	18	85.71	-1.046	9.432	-9.682
P62820_PF00071_13_174	CTR_0	19	71.5	4.941	-2.615	-11.745
P62826_PF00071_12_170	CTR_0	19	82.42	5.623	-3.144	-5.793
P62834_PF00071_5_167	CTR_0	19	79.42	9.08	-3.42	-5.942
P62937_PF00160_7_163	CTR_0	14	96.7	-2.847	-3.677	-9.205
P62942_PF00254_13_105	CTR_0	13	93.06	-2.471	-4.516	-8.197
P62993_PF00017_60_135	CTR_0	9	91.33	10.409	-0.107	16.216
P63000_PF00071_5_178	CTR_0	17	78.39	2.681	5.001	-11.279
P63096_PF00503_13_343	CTR_0	21	94.52	-0.044	-1.804	-1.067
P63104_PF00244_9_229	CTR_0	9	92.06	-14.49	-17.017	-6.756
P63104_PF00244_9_229	CTR_1	11	94.73	-11.43	-0.554	0.961
P63104_PF00244_9_229	CTR_2	14	96.74	-5.3	-2.006	-0.186
P63104_PF00244_9_229	CTR_3	13	97.74	-3.643	10.661	-8.524
P63104_PF00244_9_229	CTR_4	11	98.29	9.595	0.396	12.058
P63104_PF00244_9_229	CTR_5	8	97.68	-2.172	-0.862	-7.171
P63279_PF00179_8_152	CTR_0	12	98.39	-5.919	8.294	-9.69
P63316_PF13499_94_158	CTR_0	13	70.3	-14.637	6.564	10.71
P68363_PF00091_3_214	CTR_0	19	78.31	-2.866	4.259	-10.755
P68400_PF00069_39_324	CTR_0	21	93.94	-3.999	13.581	-1.095
P68400_PF00069_39_324	CTR_1	18	91.84	5.553	11.066	-6.941
P68400_PF00069_39_324	CTR_2	12	90.76	19.61	9.791	-15.036
P68400_PF00069_39_324	CTR_3	11	90.88	20.486	4.52	-6.388
P68400_PF00069_39_324	CTR_4	11	94.76	-2.958	-16.613	14.627
P68400_PF00069_39_324	CTR_5	12	90.21	6.724	-5.831	-2.884
P68400_PF00069_39_324	CTR_6	10	91.06	-11.119	-15.828	18.812
P68400_PF00069_39_324	CTR_7	14	86.87	8.993	6.264	-2.025
P68871_PF00042_26_142	CTR_0	14	96.23	8.206	-3.336	-1.332
P68871_PF00042_26_142	CTR_1	20	97.23	2.01	2.373	2.193
P68871_PF00042_26_142	CTR_2	20	96.23	8.808	2.299	-2.509
P68871_PF00042_26_142	CTR_3	13	97.32	1.038	12.818	-3.251
P69905_PF00042_27_137	CTR_0	14	97.43	1.672	-0.374	-8.779
P69905_PF00042_27_137	CTR_1	14	97.64	-9.308	3.03	-1.167
P69905_PF00042_27_137	CTR_2	12	98.0	-1.304	-2.766	-16.163
P78325_PF01421_200_400	CTR_0	14	71.09	2.506	10.977	-15.94
P78362_PF00069_81_230	CTR_0	16	88.67	-10.151	0.11	9.644
P78368_PF00069_46_299	CTR_0	19	75.58	1.422	10.342	-7.842
P78540_PF00491_24_324	CTR_0	18	97.45	7.568	2.849	-8.878
P80188_PF00061_48_193	CTR_0	9	96.19	1.439	-1.959	-8.226
P80192_PF00069_144_403	CTR_0	19	83.18	-15.49	9.777	3.083
P82980_PF00061_6_134	CTR_0	17	87.81	2.097	5.358	-4.984
P84085_PF00025_5_177	CTR_0	14	70.53	12.796	2.108	-4.741
P84095_PF00071_5_178	CTR_0	17	79.27	8.956	-5.499	0.099
P98170_PF00653_268_331	CTR_0	11	85.42	9.325	0.105	-13.752
P99999_PF00034_4_103	CTR_0	19	96.71	7.164	2.935	0.45
Q00532_PF00069_5_288	CTR_0	21	82.61	-11.487	5.492	8.994
Q00534_PF00069_13_300	CTR_0	16	76.64	6.995	-1.561	-6.483
Q00535_PF00069_4_286	CTR_0	20	82.36	-3.883	3.62	13.594
Q00536_PF00069_165_446	CTR_1	19	74.17	-14.742	7.233	5.798
Q00796_PF00107_183_313	CTR_0	13	96.44	-10.264	-5.992	1.608
Q00987_PF02201_26_101	CTR_0	14	91.71	-1.311	-0.626	-17.133
Q01064_PF00233_222_450	CTR_0	13	89.5	-12.019	1.148	7.964
Q01469_PF00061_8_134	CTR_0	18	88.05	-5.03	6.598	-8.777
Q01813_PF00365_26_333	CTR_0	17	83.6	4.146	1.616	26.289
Q02083_PF02275_126_312	CTR_0	9	80.55	-6.538	7.298	5.892
Q02127_PF01180_77_377	CTR_0	22	97.4	3.171	2.161	-3.734
Q02127_PF01180_77_377	CTR_1	13	95.62	11.797	13.382	1.154
Q02127_PF01180_77_377	CTR_2	11	96.01	-2.07	13.363	-5.059
Q02127_PF01180_77_377	CTR_3	20	73.48	-1.894	-5.777	16.515
Q02127_PF01180_77_377	CTR_4	12	89.49	0.129	-11.119	16.965
Q02153_PF07700_2_166	CTR_0	15	82.9	13.223	-0.026	-18.062
Q02153_PF07700_2_166	CTR_1	13	81.31	4.676	4.828	-12.146
Q02750_PF00069_68_361	CTR_0	20	78.08	-0.447	0.43	-8.547
Q02750_PF00069_68_361	CTR_1	19	74.38	6.022	6.494	-5.266
Q02790_PF00254_43_135	CTR_0	12	94.83	12.367	16.093	-24.478
Q03111_PF03366_27_108	CTR_0	15	96.18	9.608	9.545	-14.333
Q03111_PF03366_27_108	CTR_1	12	96.0	12.379	5.261	-9.479
Q03181_PF00104_236_422	CTR_0	19	92.86	5.829	3.854	-9.335
Q04759_PF00069_380_634	CTR_0	19	79.0	-13.415	4.741	-8.251
Q04771_PF07714_208_495	CTR_0	21	87.63	-15.48	6.539	-1.8
Q04828_PF00248_18_301	CTR_0	18	96.72	-7.05	-6.279	3.415
Q04828_PF00248_18_301	CTR_1	9	96.03	0.62	-7.291	-5.769
Q05193_PF00350_34_207	CTR_0	13	82.95	25.243	25.234	-31.056
Q05397_PF07714_422_676	CTR_0	20	76.13	-26.577	-3.244	10.194
Q05823_PF00069_368_524	CTR_0	17	95.42	12.554	-12.285	-11.61
Q06124_PF00102_273_520	CTR_0	22	91.16	-5.51	-11.17	-7.161
Q06187_PF00169_4_133	CTR_0	15	70.92	-35.024	-20.912	3.951
Q06187_PF07714_402_651	CTR_0	22	75.6	-7.816	14.373	-14.318
Q06520_PF00685_34_278	CTR_0	18	89.46	-4.897	6.86	-4.085
Q06520_PF00685_34_278	CTR_1	13	80.8	-5.693	-6.912	-7.318
Q06609_PF08423_84_337	CTR_0	12	93.24	17.117	4.253	-11.649
Q07075_PF01433_321_538	CTR_0	14	91.44	5.456	2.91	-2.807
Q07343_PF00233_405_645	CTR_0	14	94.56	7.154	2.423	-7.252
Q07869_PF00104_263_449	CTR_0	17	91.14	-19.02	6.145	-0.618
Q08499_PF00233_461_701	CTR_0	15	84.64	-5.651	10.646	-13.04
Q08881_PF07714_363_612	CTR_0	18	81.33	19.173	10.997	2.616
Q09013_PF00069_71_339	CTR_0	19	88.86	-11.639	3.419	-6.971
Q09472_PF00439_1058_1144	CTR_0	13	90.69	-41.061	-14.818	13.716
Q09472_PF08214_1306_1612	CTR_0	17	81.81	-8.987	7.943	-11.257
Q09472_PF08214_1306_1612	CTR_1	23	88.52	7.662	5.129	-25.088
Q10471_PF00652_446_563	CTR_0	11	84.23	4.131	2.132	-24.543
Q10588_PF02267_40_280	CTR_0	12	98.08	-3.318	-0.396	1.099
Q12797_PF05118_591_745	CTR_0	21	74.29	-17.762	2.524	10.931
Q12852_PF07714_126_364	CTR_0	15	76.26	-7.337	-3.255	13.8
Q12866_PF07714_587_854	CTR_0	17	71.69	-22.056	-9.667	12.831
Q12888_PF09038_1483_1604	CTR_0	9	84.52	35.566	10.828	1.852
Q12931_PF02518_108_260	CTR_0	23	81.7	17.151	8.537	-31.931
Q13043_PF00069_30_281	CTR_0	19	83.27	-3.699	3.457	5.767
Q13093_PF03403_48_416	CTR_0	17	91.69	4.613	1.069	-12.768
Q13093_PF03403_48_416	CTR_1	9	92.99	-1.733	-2.616	-20.34
Q13131_PF00069_27_279	CTR_0	19	85.63	13.437	2.876	-9.551
Q13131_PF00069_27_279	CTR_1	13	87.51	15.27	3.6	-14.788
Q13133_PF00104_244_431	CTR_0	21	91.35	6.255	4.88	-10.172
Q13153_PF00069_270_521	CTR_0	22	80.64	-12.663	-4.722	2.854
Q13153_PF00069_270_521	CTR_1	23	75.84	-11.174	8.006	6.058
Q13164_PF00069_55_347	CTR_0	19	72.26	-4.893	-5.12	-12.718
Q13188_PF00069_27_278	CTR_0	19	73.01	-10.097	1.005	2.377
Q13231_PF00704_23_363	CTR_0	18	90.82	-4.465	6.261	-5.897
Q13231_PF00704_23_363	CTR_1	16	92.29	2.253	12.459	-1.789
Q13232_PF00334_22_156	CTR_0	12	94.46	7.442	9.34	-3.332
Q13237_PF00027_186_269	CTR_0	16	72.03	-16.77	19.317	-4.595
Q13257_PF02301_16_196	CTR_0	13	88.79	11.242	8.439	-9.889
Q13285_PF00104_250_442	CTR_0	18	80.12	-13.052	6.041	7.122
Q13303_PF00248_51_355	CTR_0	20	95.91	2.032	3.458	9.631
Q13363_PF00389_30_352	CTR_0	18	96.19	0.542	3.683	1.923
Q13363_PF00389_30_352	CTR_1	18	96.18	-5.61	4.969	-9.554
Q13363_PF02826_133_317	CTR_0	18	96.19	0.547	3.63	1.804
Q13370_PF00233_736_1007	CTR_0	18	95.27	-13.776	-4.234	-2.177
Q13418_PF07714_193_446	CTR_0	16	86.7	-6.77	7.617	-17.246
Q13451_PF00254_43_135	CTR_0	13	92.36	15.273	-9.825	-25.198
Q13464_PF00069_76_338	CTR_0	18	74.33	-10.132	-8.839	5.377
Q13467_PF01392_33_140	CTR_0	12	87.97	15.988	-10.806	-29.608
Q13490_PF00653_272_337	CTR_0	9	87.14	-1.775	5.354	-6.293
Q13509_PF00091_3_212	CTR_0	20	80.21	-0.939	4.898	-11.696
Q13510_PF02275_143_388	CTR_0	17	76.0	-9.852	4.646	-4.527
Q13523_PF00069_687_1003	CTR_1	18	83.25	0.239	5.767	-12.369
Q13526_PF00639_59_163	CTR_0	16	97.84	6.094	5.007	-9.758
Q13554_PF00069_14_272	CTR_0	18	78.69	-1.136	10.318	3.072
Q13555_PF00069_14_272	CTR_0	15	76.3	2.048	-5.464	-3.489
Q13557_PF00069_14_272	CTR_0	15	79.7	4.44	-3.685	-1.614
Q13572_PF05770_119_318	CTR_0	18	94.0	4.54	4.976	-6.876
Q13614_PF06602_192_529	CTR_0	17	96.81	-22.366	5.691	-8.08
Q13627_PF00069_159_479	CTR_0	22	91.17	-13.979	-0.67	6.878
Q13627_PF00069_159_479	CTR_1	8	81.36	2.025	2.344	13.411
Q13636_PF00071_7_168	CTR_0	17	93.32	6.679	-3.957	-8.671
Q13637_PF00071_27_194	CTR_0	20	83.76	-16.827	7.301	1.198
Q13873_PF00069_203_501	CTR_0	20	74.33	-10.583	13.772	-8.388
Q13882_PF07714_191_441	CTR_0	20	86.66	5.153	11.129	4.328
Q13882_PF07714_191_441	CTR_1	22	84.19	2.354	12.554	-1.016
Q13946_PF00233_211_443	CTR_0	15	95.34	1.587	4.163	-11.636
Q13976_PF00027_239_326	CTR_0	17	73.47	-8.994	-16.194	34.962
Q13976_PF00069_360_619	CTR_0	16	75.44	1.823	8.782	-15.52
Q14004_PF00069_705_998	CTR_0	18	76.73	-0.642	6.166	-11.812
Q14004_PF00069_705_998	CTR_1	17	87.85	-1.995	3.431	-17.669
Q14028_PF00027_980_1069	CTR_0	15	79.15	-38.631	0.715	31.824
Q14141_PF00735_39_312	CTR_0	12	75.6	-5.972	-5.382	-18.259
Q14145_PF00651_67_179	CTR_0	9	86.44	-36.877	-5.892	20.422
Q14149_PF13589_26_164	CTR_0	24	78.66	-5.845	-1.427	9.951
Q14332_PF01392_39_145	CTR_0	14	90.53	34.687	-16.072	-14.766
Q14376_PF16363_6_333	CTR_0	22	93.79	-4.543	5.09	-2.56
Q14376_PF16363_6_333	CTR_1	12	86.62	9.565	7.008	-8.704
Q14432_PF00233_751_1020	CTR_0	15	95.64	-16.134	0.52	0.132
Q14541_PF00104_124_312	CTR_0	20	83.76	-20.792	1.128	14.305
Q14565_PF08423_83_338	CTR_0	10	92.0	6.87	7.587	-19.944
Q14680_PF00069_11_263	CTR_0	18	77.45	7.86	7.896	0.053
Q14807_PF00225_49_368	CTR_0	13	85.07	9.838	9.349	-0.52
Q14914_PF00107_153_293	CTR_0	12	95.57	-5.805	0.144	0.736
Q14994_PF00104_157_338	CTR_0	17	84.84	10.143	8.894	-5.404
Q15019_PF00735_34_313	CTR_0	11	85.41	-2.23	5.712	-17.89
Q15029_PF00009_127_440	CTR_0	17	85.23	-11.697	8.468	13.875
Q15046_PF00152_222_574	CTR_0	17	90.91	1.359	-0.498	-11.669
Q15047_PF18358_348_397	CTR_0	10	82.92	19.684	-23.178	-6.968
Q15059_PF00439_315_403	CTR_0	15	91.56	14.763	5.513	11.024
Q15059_PF00439_42_128	CTR_0	13	93.03	-7.418	-7.748	-19.923
Q15109_PF00047_21_112	CTR_0	12	91.12	23.203	-6.39	-31.854
Q15109_PF00047_21_112	CTR_1	14	88.49	25.212	-3.375	-36.891
Q15109_PF00047_21_112	CTR_2	12	75.58	26.017	0.686	-40.52
Q15208_PF00069_89_382	CTR_0	17	74.69	-8.048	2.054	-10.22
Q15274_PF01729_114_284	CTR_0	18	95.49	-2.617	7.363	10.748
Q15286_PF00071_10_170	CTR_0	19	76.5	5.415	-1.316	-11.617
Q15303_PF07714_718_974	CTR_0	23	75.06	-10.978	-26.208	-14.416
Q15382_PF00071_8_169	CTR_0	19	70.15	12.138	-1.578	-1.787
Q15382_PF00071_8_169	CTR_1	19	86.92	-3.182	-11.341	-3.282
Q15418_PF00069_62_321	CTR_0	17	77.62	7.763	10.254	-9.988
Q15562_PF17725_226_444	CTR_0	22	90.61	-0.097	0.38	3.161
Q15562_PF17725_226_444	CTR_1	16	90.68	-12.716	9.897	-1.631
Q15652_PF02373_2381_2481	CTR_0	11	89.97	-6.311	-16.025	16.454
Q15661_PF00089_31_267	CTR_0	15	92.78	-6.374	6.858	-13.537
Q15759_PF00069_24_308	CTR_0	18	81.13	1.13	8.897	-5.825
Q15771_PF00071_11_172	CTR_0	18	80.62	13.272	-2.435	-2.695
Q15831_PF00069_49_309	CTR_0	19	79.95	-8.68	0.693	6.897
Q15907_PF00071_13_174	CTR_0	18	83.81	3.742	9.588	-9.959
Q16512_PF00069_615_874	CTR_0	20	82.82	-15.795	-2.711	6.757
Q16539_PF00069_24_308	CTR_0	19	71.12	6.909	9.529	-4.901
Q16555_PF01979_64_453	CTR_0	17	84.12	9.374	3.141	-6.616
Q16566_PF00069_46_300	CTR_0	16	83.45	-8.727	10.159	6.305
Q16644_PF00069_44_304	CTR_0	20	75.16	2.116	10.813	-1.602
Q16651_PF00089_45_281	CTR_0	19	72.02	-0.531	-7.13	-6.578
Q16658_PF06268_20_134	CTR_0	10	82.72	12.18	-2.174	-15.824
Q16678_PF00067_51_520	CTR_0	23	86.48	-1.529	-8.723	3.241
Q16696_PF00067_34_491	CTR_0	17	94.57	0.386	3.517	5.275
Q16696_PF00067_34_491	CTR_1	19	94.48	-2.185	-3.747	5.974
Q16698_PF13561_65_304	CTR_0	15	90.74	-4.266	-6.302	-4.277
Q16773_PF00155_28_415	CTR_0	18	96.74	-1.495	1.464	-3.796
Q16790_PF00194_136_390	CTR_0	17	93.68	-2.242	-6.011	0.525
Q16820_PF01400_69_257	CTR_0	12	94.44	6.25	2.796	-21.744
Q16831_PF01048_54_304	CTR_0	17	96.25	-11.725	-5.339	5.951
Q16836_PF02737_29_214	CTR_0	15	95.2	2.649	-5.698	1.97
Q16850_PF00067_61_496	CTR_0	13	75.58	4.655	8.808	-4.766
Q16850_PF00067_61_496	CTR_1	17	75.12	2.728	4.29	-14.733
Q16854_PF01712_41_275	CTR_0	20	88.57	-0.648	-3.069	-5.113
Q16875_PF01591_24_246	CTR_0	19	83.89	11.457	3.949	-4.88
Q16875_PF01591_24_246	CTR_1	19	87.51	11.825	-2.659	-18.053
Q16875_PF01591_24_246	CTR_2	18	92.68	13.431	-0.027	-23.89
Q2M1P5_PF00225_21_349	CTR_0	12	88.39	-8.859	5.859	-2.01
Q2M2I8_PF00069_46_312	CTR_0	17	89.45	-4.727	12.385	-11.523
Q460N3_PF01661_322_424	CTR_0	18	70.2	-27.914	12.413	-3.79
Q460N5_PF01661_1032_1148	CTR_0	15	87.19	-34.733	12.767	-3.14
Q460N5_PF01661_1032_1148	CTR_1	19	92.23	-31.248	9.253	-9.74
Q460N5_PF01661_1245_1347	CTR_0	18	78.33	-0.141	-33.743	-39.275
Q460N5_PF01661_820_937	CTR_0	16	83.17	-0.687	-7.404	-13.372
Q49A26_PF03446_269_430	CTR_0	16	95.7	0.674	-3.744	-0.832
Q58F21_PF00439_276_364	CTR_0	11	91.75	15.132	22.641	-3.538
Q58F21_PF00439_35_121	CTR_0	10	87.81	-9.537	-1.123	-15.505
Q59H18_PF07714_463_719	CTR_0	20	84.87	-1.663	27.725	-2.503
Q5FWF5_PF13880_763_831	CTR_0	15	89.48	1.256	10.478	-2.762
Q5TA50_PF08718_27_177	CTR_0	14	85.67	4.748	-8.923	3.243
Q5TCY1_PF00069_34_305	CTR_0	22	90.76	-15.004	3.584	2.085
Q5VTE6_PF03372_170_533	CTR_0	19	92.67	6.554	1.296	-9.856
Q5VWZ2_PF02230_9_229	CTR_0	18	97.09	10.228	-2.992	-7.867
Q6B0I6_PF02373_179_295	CTR_0	15	93.98	-4.985	5.649	-5.503
Q6B0I6_PF02373_179_295	CTR_1	17	92.99	5.146	12.034	7.318
Q6DD88_PF02263_36_310	CTR_0	17	72.98	9.193	-7.74	-18.897
Q6IA69_PF02540_337_651	CTR_0	16	80.52	18.315	-2.442	-17.41
Q6IMI6_PF00685_46_297	CTR_0	18	93.45	2.373	10.573	-3.179
Q6IQ55_PF00069_21_272	CTR_0	21	89.71	-10.361	-2.303	6.868
Q6L8Q7_PF03372_298_599	CTR_0	16	94.73	-4.184	-12.866	11.723
Q6NVY1_PF16113_46_376	CTR_0	18	91.08	-4.86	1.136	-9.632
Q6NYC1_PF02373_174_288	CTR_0	10	94.54	-6.548	-2.814	-6.393
Q6P179_PF01433_298_541	CTR_0	15	93.58	-2.738	1.519	-5.3
Q6P179_PF01433_298_541	CTR_1	11	93.58	-6.218	-2.414	-2.842
Q6P6C2_PF13532_92_293	CTR_0	20	86.63	-6.118	-0.904	-0.434
Q6PHR2_PF00069_14_270	CTR_0	18	86.71	12.204	6.724	-12.581
Q6PHW0_PF00881_97_267	CTR_0	17	85.37	-1.544	-1.81	10.756
Q6PL18_PF00439_993_1074	CTR_0	11	76.98	37.531	52.184	-68.04
Q6UWP2_PF00106_12_214	CTR_0	21	94.76	8.002	5.617	-2.589
Q6UWY2_PF00089_34_258	CTR_0	13	94.1	-8.567	-3.22	-13.066
Q6V1X1_PF00326_683_891	CTR_0	13	80.11	-21.092	4.628	4.702
Q6V1X1_PF00326_683_891	CTR_1	13	96.78	-13.966	-4.318	0.045
Q6VVX0_PF00067_40_498	CTR_0	16	95.33	8.059	9.552	0.114
Q6YN16_PF00106_11_209	CTR_0	19	86.21	1.311	2.246	-3.387
Q712K3_PF00179_12_169	CTR_0	16	91.29	-7.114	0.643	11.894
Q71U36_PF00091_3_214	CTR_0	19	79.4	-2.305	7.633	-8.363
Q7KZF4_PF00565_220_328	CTR_0	11	89.93	12.171	13.257	-40.471
Q7KZI7_PF00069_53_304	CTR_0	17	81.53	-7.977	7.566	2.755
Q7L0Q8_PF00071_51_223	CTR_0	16	75.51	-2.821	8.263	-11.816
Q7L1T6_PF00175_395_503	CTR_0	14	93.75	-15.026	-8.35	7.16
Q7L523_PF04670_9_235	CTR_0	16	93.3	-14.245	-9.86	1.139
Q7L8A9_PF14822_58_302	CTR_0	16	95.62	-4.77	8.76	5.888
Q7LBC6_PF02373_1594_1704	CTR_0	9	82.94	-21.165	1.015	23.418
Q7LBC6_PF02373_1594_1704	CTR_1	8	95.96	-18.148	-18.089	6.781
Q7RTN6_PF00069_69_379	CTR_0	17	92.76	-5.383	2.272	5.953
Q7Z4W1_PF13561_14_242	CTR_0	20	87.81	-0.614	8.214	-6.239
Q86TI2_PF00326_658_863	CTR_0	13	96.99	-9.601	-1.972	0.83
Q86TM3_PF00270_246_417	CTR_0	12	72.07	-5.776	-5.674	-10.054
Q86U86_PF00439_186_275	CTR_0	12	88.59	21.76	41.675	19.032
Q86U86_PF00439_667_751	CTR_0	14	85.9	-40.329	-1.956	24.965
Q86UE8_PF00069_462_741	CTR_0	18	80.39	1.409	-1.481	-5.868
Q86UW9_PF18102_480_614	CTR_0	12	79.41	-7.299	-5.231	-4.921
Q86V25_PF14822_47_291	CTR_0	16	80.35	-13.185	6.832	-1.741
Q86VU5_PF01596_59_262	CTR_0	17	94.55	1.456	-4.684	-3.742
Q86WA6_PF00561_61_195	CTR_0	13	97.05	-0.892	-0.158	-11.035
Q86WJ1_PF00176_49_328	CTR_0	14	75.61	-5.662	9.332	15.707
Q86Y01_PF18102_479_613	CTR_0	12	80.77	5.729	-2.909	-8.021
Q86Y07_PF00069_29_311	CTR_0	19	87.25	6.8	-1.301	-6.749
Q86YS6_PF00071_20_182	CTR_0	19	75.46	13.109	-2.518	-4.586
Q86YV6_PF00069_106_361	CTR_0	19	83.69	2.734	-12.23	-5.749
Q8IU60_PF00293_95_221	CTR_0	15	71.6	-5.468	-3.182	-1.233
Q8IU60_PF00293_95_221	CTR_1	13	89.85	-20.679	-0.137	-5.936
Q8IU85_PF00069_23_279	CTR_0	18	76.69	-9.825	6.303	2.536
Q8IUN9_PF00059_198_306	CTR_0	13	94.47	5.325	5.454	-22.511
Q8IVH4_PF03308_101_384	CTR_0	11	82.51	20.442	-5.264	-3.181
Q8IVH8_PF00069_16_273	CTR_0	20	77.63	3.985	1.4	-16.567
Q8IVS2_PF00698_64_346	CTR_0	12	97.75	11.289	5.786	1.754
Q8IVW4_PF00069_4_286	CTR_0	21	78.68	-10.157	-0.771	10.033
Q8IWA4_PF00350_78_238	CTR_0	15	72.62	32.559	13.738	-36.553
Q8IXI2_PF00071_6_168	CTR_0	17	91.08	-38.622	4.072	37.661
Q8IYK8_PF00071_116_279	CTR_0	14	92.27	2.967	-3.931	-11.308
Q8IYT8_PF00069_9_271	CTR_0	20	83.97	-7.917	7.354	14.824
Q8IZ41_PF00071_543_710	CTR_0	19	80.63	5.869	-8.766	6.192
Q8IZT8_PF00685_90_339	CTR_0	20	82.54	-3.822	1.967	-7.545
Q8IZX4_PF00439_1530_1614	CTR_0	13	84.86	2.253	-28.485	-56.872
Q8N1Q1_PF00194_12_261	CTR_0	16	96.18	0.88	11.289	3.331
Q8N371_PF13621_192_416	CTR_0	16	80.35	8.583	-1.055	-0.678
Q8N371_PF13621_192_416	CTR_1	23	80.35	7.507	2.445	-4.483
Q8N423_PF13895_28_118	CTR_0	13	80.23	29.041	6.372	-25.946
Q8N465_PF01565_100_239	CTR_0	21	93.27	-7.629	-1.521	0.222
Q8N4Q0_PF00107_184_322	CTR_0	11	98.4	-7.683	-4.027	-0.088
Q8N4T8_PF13561_8_234	CTR_0	20	88.43	5.186	7.115	1.629
Q8N543_PF13661_141_238	CTR_0	20	96.0	-7.708	2.898	10.988
Q8N5S9_PF00069_128_409	CTR_0	20	82.64	-5.544	5.654	8.919
Q8N5Z0_PF00155_43_417	CTR_0	16	94.97	-3.47	8.105	2.028
Q8N5Z0_PF00155_43_417	CTR_1	13	91.98	6.122	-12.337	1.172
Q8N6N7_PF00887_4_79	CTR_0	14	89.82	-6.141	7.457	0.502
Q8N8N7_PF00107_166_305	CTR_0	12	92.23	-5.262	5.063	-1.329
Q8NB16_PF07714_209_466	CTR_0	19	84.35	19.958	2.192	-6.211
Q8NB78_PF01593_392_820	CTR_0	25	98.19	-7.738	-6.155	10.204
Q8NBP7_PF00082_177_437	CTR_0	13	98.01	-4.353	5.793	-6.498
Q8NBZ7_PF16363_92_387	CTR_0	22	92.39	-0.99	5.008	2.218
Q8NBZ7_PF16363_92_387	CTR_1	18	80.16	11.018	4.393	-12.437
Q8NBZ7_PF16363_92_387	CTR_2	13	97.62	-2.334	8.207	23.635
Q8NC06_PF00887_13_92	CTR_0	12	85.22	2.657	-0.569	0.433
Q8NC06_PF00887_13_92	CTR_1	15	75.95	-1.64	4.876	4.59
Q8NHV1_PF04548_9_221	CTR_0	18	87.85	13.582	-8.682	-4.961
Q8NI60_PF03109_299_541	CTR_0	18	75.01	0.31	-1.564	-11.223
Q8NI77_PF00225_17_355	CTR_0	11	88.24	5.146	-5.535	-25.123
Q8NI77_PF00225_17_355	CTR_1	21	85.45	-2.445	-0.887	-17.665
Q8TAI7_PF00071_8_169	CTR_0	18	73.85	7.72	5.87	-9.28
Q8TBC4_PF00899_56_366	CTR_0	16	92.72	1.031	2.733	4.137
Q8TBG4_PF00202_26_433	CTR_0	17	92.55	-8.509	7.98	-2.324
Q8TCB7_PF08242_84_183	CTR_0	20	97.57	1.183	-6.056	-0.601
Q8TDQ0_PF07686_21_130	CTR_0	12	85.9	4.623	9.974	-10.25
Q8TDQ0_PF07686_21_130	CTR_1	9	79.43	2.253	-8.846	9.071
Q8TDX5_PF04909_3_330	CTR_0	17	90.55	-2.125	-9.74	1.359
Q8TDX7_PF00069_34_292	CTR_0	12	85.21	5.49	10.492	1.211
Q8TDX7_PF00069_34_292	CTR_1	16	74.12	6.941	4.507	-2.883
Q8WU08_PF00069_23_281	CTR_0	18	81.88	2.701	7.521	-3.695
Q8WUD1_PF00071_8_169	CTR_0	20	71.37	1.793	9.482	-11.194
Q8WUI4_PF00850_541_859	CTR_0	18	87.99	7.225	-1.291	-6.798
Q8WWP7_PF04548_28_238	CTR_0	17	72.54	2.14	-6.534	-12.568
Q8WWQ0_PF00439_1325_1409	CTR_0	13	81.06	57.878	-17.531	8.755
Q8WXF7_PF02263_43_314	CTR_0	18	84.42	14.61	-6.262	-12.221
Q92506_PF13561_18_260	CTR_0	20	80.99	1.229	-0.136	-7.118
Q92599_PF00735_41_314	CTR_0	12	80.73	-6.437	-5.301	-17.648
Q92630_PF00069_222_535	CTR_0	22	87.58	-13.044	-1.311	1.973
Q92730_PF00071_15_188	CTR_0	18	93.52	3.897	7.858	-5.413
Q92731_PF00104_283_482	CTR_0	19	92.29	2.796	4.288	-11.658
Q92769_PF00850_29_320	CTR_0	15	92.6	0.217	-10.152	-9.151
Q92769_PF00850_29_320	CTR_1	11	96.71	-7.522	-4.662	15.609
Q92772_PF00069_4_287	CTR_0	20	71.19	-9.644	-4.344	7.96
Q92793_PF00439_1094_1180	CTR_0	12	90.76	-39.563	-17.141	13.212
Q92830_PF00439_737_820	CTR_0	11	89.39	-27.862	-37.588	2.607
Q92831_PF00439_732_815	CTR_0	14	85.45	4.16	-18.098	22.857
Q92835_PF03372_409_701	CTR_0	12	82.44	-17.794	18.046	-7.731
Q92835_PF03372_409_701	CTR_1	16	84.22	-13.907	15.759	5.573
Q92835_PF03372_409_701	CTR_2	9	97.73	3.664	-11.591	0.675
Q92835_PF03372_409_701	CTR_3	11	94.9	-9.662	-6.277	5.435
Q92835_PF03372_409_701	CTR_4	13	97.24	1.23	-8.769	5.133
Q92876_PF00089_22_237	CTR_0	16	92.37	6.58	4.041	-2.219
Q92963_PF00071_23_184	CTR_0	17	76.35	5.469	6.633	-10.79
Q92997_PF00595_249_334	CTR_0	12	83.75	-7.187	-18.626	19.408
Q93091_PF00074_29_147	CTR_0	12	97.07	4.084	-0.856	1.2
Q95460_PF00129_23_198	CTR_0	16	97.54	0.456	9.15	-14.072
Q95460_PF00129_23_198	CTR_1	9	95.89	14.147	7.885	-15.43
Q969R5_PF02820_540_608	CTR_0	8	83.23	-11.062	-15.119	-5.778
Q96A58_PF00071_8_169	CTR_0	17	75.33	11.722	5.86	-5.836
Q96AT9_PF00834_6_201	CTR_0	15	97.43	12.59	-5.828	8.371
Q96AT9_PF00834_6_201	CTR_1	10	97.73	5.61	3.301	11.219
Q96BM9_PF00025_8_181	CTR_0	18	76.92	11.201	-4.349	1.323
Q96C45_PF00069_4_280	CTR_0	20	82.7	-5.662	-10.024	-7.935
Q96CA5_PF00653_90_155	CTR_0	10	93.79	0.403	3.963	1.096
Q96DA2_PF00071_10_173	CTR_0	17	71.18	12.963	-2.933	-6.121
Q96E17_PF00071_32_193	CTR_0	21	82.17	6.547	-0.966	-9.774
Q96EP1_PF10283_632_661	CTR_0	9	88.13	14.136	-7.713	-21.875
Q96F15_PF04548_28_239	CTR_0	16	87.01	1.618	8.847	-12.347
Q96GD4_PF00069_77_327	CTR_0	20	84.89	8.197	10.9	-4.984
Q96HN2_PF00670_370_531	CTR_0	17	79.09	-5.825	5.606	-14.658
Q96HN2_PF05221_319_610	CTR_0	20	79.09	-5.549	6.001	-16.321
Q96HU8_PF00071_9_171	CTR_0	20	85.92	-3.677	1.283	-15.435
Q96I15_PF00266_32_430	CTR_0	18	96.64	-7.741	6.553	-4.178
Q96JA3_PF08718_330_472	CTR_0	19	75.52	-4.853	1.382	5.47
Q96KC2_PF00025_1_176	CTR_0	17	81.21	5.464	-8.336	-9.045
Q96KS0_PF13640_282_375	CTR_0	21	85.74	-1.042	-4.314	-5.727
Q96L34_PF00069_59_310	CTR_0	19	82.18	-6.763	7.315	3.837
Q96LA8_PF13649_86_182	CTR_0	16	93.26	-10.936	-6.849	5.761
Q96LI5_PF03372_192_529	CTR_0	16	93.4	-2.533	-6.379	-3.685
Q96MU7_PF04146_355_432	CTR_0	14	87.92	3.049	4.866	-12.755
Q96NX5_PF00069_23_277	CTR_0	18	76.71	-2.068	-11.6	5.404
Q96PN6_PF00211_37_218	CTR_0	13	78.68	25.566	12.827	-33.209
Q96PY6_PF00069_4_258	CTR_0	20	79.45	1.224	4.973	-13.444
Q96R05_PF00061_6_134	CTR_0	20	86.75	6.75	-2.54	-4.086
Q96RI1_PF00104_289_471	CTR_0	19	82.8	3.502	-5.507	-10.621
Q96RR4_PF00069_165_446	CTR_0	21	83.76	-5.695	1.199	-14.224
Q96SB4_PF00069_80_231	CTR_0	13	86.95	4.744	-0.275	-11.703
Q96SW2_PF03226_319_437	CTR_0	13	90.33	10.431	5.737	-16.107
Q96T66_PF01467_10_208	CTR_0	19	89.15	-0.763	-3.351	-4.536
Q96T66_PF01467_10_208	CTR_1	19	89.15	-1.39	1.573	-6.187
Q96T66_PF01467_10_208	CTR_2	15	93.21	1.12	-8.943	-4.796
Q96T88_PF12148_132_284	CTR_0	10	90.75	-2.862	36.166	11.19
Q96T88_PF12148_132_284	CTR_1	11	75.4	-12.858	28.712	9.622
Q99259_PF00282_144_518	CTR_0	13	98.24	-2.952	1.702	1.826
Q99418_PF01369_61_243	CTR_0	12	72.05	-0.738	0.48	-1.725
Q99447_PF01467_217_333	CTR_0	15	93.3	12.915	6.481	-5.864
Q99447_PF01467_26_152	CTR_0	14	81.73	-4.568	-2.248	10.91
Q99489_PF01266_5_324	CTR_0	24	95.94	0.556	1.519	7.755
Q99497_PF01965_4_171	CTR_0	15	98.42	-3.905	-9.794	2.143
Q99497_PF01965_4_171	CTR_1	20	98.43	10.821	8.35	-6.927
Q99536_PF13602_232_385	CTR_0	12	84.27	-5.406	-4.777	2.119
Q99558_PF00069_401_649	CTR_0	25	83.48	-5.881	-1.771	-9.901
Q99594_PF17725_223_432	CTR_0	21	85.25	-9.136	-2.334	-2.922
Q99640_PF00069_110_359	CTR_0	17	90.69	-0.3	11.665	-5.453
Q99683_PF00069_682_938	CTR_0	21	84.01	12.877	15.544	-24.424
Q99707_PF00809_375_613	CTR_0	17	75.65	17.554	2.869	-30.836
Q99714_PF00106_11_213	CTR_0	19	81.22	8.581	4.945	-1.415
Q99814_PF08447_254_341	CTR_0	22	95.27	-14.783	-0.969	13.245
Q99873_PF13649_92_189	CTR_0	17	92.55	-7.973	10.181	7.327
Q99986_PF00069_37_324	CTR_0	16	83.82	1.844	11.204	-8.101
Q9BPX1_PF13561_14_250	CTR_0	20	96.48	1.937	-0.639	-2.056
Q9BPX1_PF13561_14_250	CTR_1	15	96.48	6.13	3.799	-11.78
Q9BQ69_PF01661_170_283	CTR_0	18	89.96	-3.252	11.605	-8.666
Q9BTZ2_PF13561_38_275	CTR_0	20	89.17	3.093	3.77	-4.176
Q9BUB5_PF00069_50_172	CTR_0	17	85.09	-9.534	-7.092	-3.16
Q9BUT1_PF13561_13_244	CTR_0	18	94.07	5.733	7.011	-3.286
Q9BVA1_PF00091_3_212	CTR_0	20	77.12	1.913	11.088	-7.566
Q9BVG8_PF00225_451_768	CTR_0	15	78.05	12.753	-6.867	-32.966
Q9BWT3_PF04928_20_363	CTR_0	13	93.64	-2.932	2.63	-6.811
Q9BX68_PF01230_61_158	CTR_0	11	93.84	-3.69	11.412	-2.945
Q9BXF3_PF00439_443_526	CTR_0	11	89.9	-18.983	-14.797	1.433
Q9BY32_PF01725_10_188	CTR_0	17	89.01	0.241	-5.99	1.999
Q9BY41_PF00850_31_322	CTR_0	10	88.27	-0.694	-5.055	-12.852
Q9BY76_PF00147_184_400	CTR_0	20	80.71	-11.197	4.298	-10.595
Q9BZ11_PF01421_210_409	CTR_0	14	73.56	8.999	-10.434	-10.87
Q9BZ95_PF00855_271_380	CTR_0	11	72.55	-46.59	8.636	-15.55
Q9BZ95_PF00855_271_380	CTR_1	12	72.55	-39.119	0.866	-19.893
Q9BZP6_PF00704_23_365	CTR_0	18	89.82	0.136	-4.082	-1.635
Q9BZX2_PF00485_22_217	CTR_0	17	94.27	7.918	4.806	-5.392
Q9BZX2_PF00485_22_217	CTR_1	15	93.83	-4.377	8.894	-7.038
Q9C0B1_PF12933_36_325	CTR_0	20	89.62	-7.199	3.393	7.603
Q9GZT9_PF13640_298_391	CTR_0	14	94.57	-8.847	0.048	-9.572
Q9GZZ9_PF00899_53_309	CTR_0	17	80.17	-0.932	5.824	-15.834
Q9H082_PF00071_35_201	CTR_0	17	87.59	2.501	3.48	-10.027
Q9H0F7_PF00025_4_181	CTR_0	17	95.55	11.958	3.395	0.731
Q9H0U4_PF00071_10_171	CTR_0	19	73.1	4.744	-2.811	-11.921
Q9H227_PF00232_1_465	CTR_0	11	93.72	9.161	-3.921	-8.692
Q9H227_PF00232_1_465	CTR_1	13	90.4	24.92	3.699	-22.174
Q9H2G2_PF00069_34_292	CTR_0	20	72.39	14.577	16.611	-7.429
Q9H2X6_PF00069_199_527	CTR_0	19	87.83	-8.784	3.36	12.958
Q9H3R0_PF02373_177_293	CTR_0	17	94.08	2.997	5.604	-9.865
Q9H422_PF00069_197_525	CTR_0	18	88.32	-8.311	3.604	13.168
Q9H477_PF00294_15_314	CTR_0	21	91.0	-6.609	5.304	-8.295
Q9H492_PF02991_15_120	CTR_0	11	94.52	1.309	7.903	3.735
Q9H492_PF02991_15_120	CTR_1	10	95.48	-0.458	2.515	8.743
Q9H4B4_PF00069_62_314	CTR_0	20	78.13	-8.627	8.046	-10.035
Q9H8M2_PF00439_142_228	CTR_0	14	95.24	-0.239	-9.271	-12.497
Q9HA47_PF00485_25_219	CTR_0	19	93.16	-0.518	14.13	-1.591
Q9HAN9_PF01467_12_229	CTR_0	19	91.28	-6.36	3.948	-6.073
Q9HAN9_PF01467_12_229	CTR_1	16	95.92	-9.863	0.444	-8.277
Q9HAQ2_PF00225_12_340	CTR_0	11	88.5	15.719	5.476	-9.656
Q9HAZ1_PF00069_159_475	CTR_0	22	87.41	-1.299	4.507	-13.609
Q9HBH1_PF01327_64_234	CTR_0	15	96.13	2.855	-1.23	-7.103
Q9HBH9_PF00069_84_368	CTR_0	18	79.94	-3.758	-1.144	9.847
Q9HCP0_PF00069_44_304	CTR_0	18	81.94	5.216	11.396	-5.471
Q9HCP0_PF00069_44_304	CTR_1	16	94.04	12.719	11.74	-18.946
Q9HD40_PF05889_61_459	CTR_0	17	98.19	-5.258	6.307	1.722
Q9HD67_PF00063_65_727	CTR_0	15	84.57	-16.912	22.99	-23.827
Q9NP72_PF00071_10_171	CTR_0	18	90.57	4.729	-0.803	-10.042
Q9NP87_PF14792_290_387	CTR_0	12	94.2	-0.239	-1.019	1.74
Q9NP90_PF00071_9_174	CTR_0	19	86.04	12.405	0.509	-2.73
Q9NPD8_PF00179_6_147	CTR_0	14	96.84	-7.071	-5.178	-11.152
Q9NPI1_PF00439_140_223	CTR_0	14	94.61	25.166	3.675	-25.873
Q9NQ11_PF00702_507_788	CTR_0	15	70.35	14.737	-4.497	-23.983
Q9NQH7_PF00557_253_482	CTR_0	17	96.25	-4.118	-1.785	7.322
Q9NQU5_PF00069_407_658	CTR_0	19	85.22	-0.533	11.767	5.526
Q9NQW7_PF00557_328_544	CTR_0	17	81.81	-6.816	1.523	-0.647
Q9NQX4_PF00063_69_741	CTR_0	18	81.77	-14.115	-6.579	1.595
Q9NR30_PF00270_210_385	CTR_0	14	73.77	2.259	11.914	-2.896
Q9NR31_PF00025_12_197	CTR_0	14	88.82	-2.205	-7.312	-11.516
Q9NRD5_PF00595_22_102	CTR_0	10	91.45	15.882	7.644	-23.965
Q9NRD9_PF08030_1380_1534	CTR_0	14	87.77	32.057	12.738	-31.379
Q9NRF8_PF06418_2_272	CTR_0	13	86.41	-7.967	-5.28	-2.853
Q9NRF8_PF06418_2_272	CTR_1	10	87.74	-8.197	-2.381	-9.195
Q9NRN9_PF05175_35_170	CTR_0	16	93.72	5.881	5.229	-2.488
Q9NRW1_PF00071_15_175	CTR_0	21	87.9	11.518	-2.34	-3.076
Q9NSY1_PF00069_51_314	CTR_0	19	90.77	-11.745	11.733	1.713
Q9NUI1_PF13561_33_271	CTR_0	19	91.13	8.369	-0.379	0.105
Q9NUI1_PF13561_33_271	CTR_1	15	89.12	14.194	-7.675	-5.228
Q9NV35_PF00293_11_144	CTR_0	17	81.99	8.193	-4.38	-0.721
Q9NVA2_PF00735_38_311	CTR_0	13	88.83	-4.006	-4.827	-17.509
Q9NVJ2_PF00025_8_181	CTR_0	20	70.41	10.191	-7.617	-0.042
Q9NWT6_PF13621_48_302	CTR_0	19	96.62	-2.841	-2.854	-1.354
Q9NWW6_PF13238_6_149	CTR_0	15	94.63	-3.224	2.119	-13.936
Q9NWW6_PF13238_6_149	CTR_1	12	96.34	-1.627	-7.197	-5.34
Q9NWX6_PF04446_35_164	CTR_0	14	94.6	-11.236	1.746	2.597
Q9NWZ3_PF07714_187_454	CTR_0	23	83.68	3.385	-1.332	-11.437
Q9NYL2_PF07714_16_260	CTR_0	22	73.47	-16.156	6.949	8.984
Q9NYN1_PF00071_22_185	CTR_0	17	87.97	2.92	2.401	-10.768
Q9NYV4_PF00069_727_1020	CTR_0	16	88.03	-2.424	3.804	-14.895
Q9NYY3_PF00069_82_334	CTR_0	20	78.53	-10.454	-0.073	3.881
Q9NZ08_PF01433_281_524	CTR_0	16	94.26	-2.638	1.973	-7.434
Q9NZ08_PF11838_597_917	CTR_0	14	95.87	-9.383	-3.617	14.239
Q9NZD2_PF08718_18_167	CTR_0	19	82.18	-0.831	5.536	-4.764
Q9NZK5_PF00962_185_499	CTR_0	19	98.3	1.793	7.279	-5.987
Q9NZK7_PF00068_21_128	CTR_0	17	86.74	1.815	2.154	4.579
Q9NZL9_PF04321_29_324	CTR_0	17	88.63	-1.642	10.315	-0.533
Q9NZL9_PF04321_29_324	CTR_1	15	83.48	7.309	6.892	-3.361
Q9P1W9_PF00069_32_286	CTR_0	19	90.32	9.776	5.676	-0.268
Q9P286_PF00069_449_700	CTR_0	20	87.93	4.683	10.126	-3.753
Q9P289_PF00069_24_274	CTR_0	23	70.75	-8.734	-1.914	5.689
Q9P2T1_PF00478_9_341	CTR_0	28	90.09	-7.629	-6.799	-3.997
Q9P2T1_PF00478_9_341	CTR_1	10	85.99	-18.749	-8.408	-0.575
Q9UBC3_PF00145_575_725	CTR_0	15	91.12	11.659	8.445	-11.578
Q9UBC3_PF00855_226_313	CTR_0	10	83.43	-1.578	-21.689	-8.117
Q9UBK8_PF00175_542_662	CTR_0	14	87.63	14.879	-1.28	5.703
Q9UBN7_PF02148_1133_1195	CTR_0	13	89.57	3.872	-14.273	-39.597
Q9UBQ7_PF00389_9_327	CTR_0	17	94.6	3.659	6.628	5.441
Q9UBQ7_PF02826_116_295	CTR_0	16	95.04	3.484	6.514	5.056
Q9UBS5_PF00003_586_856	CTR_0	16	90.78	-37.923	-6.623	36.74
Q9UBT2_PF00899_2_443	CTR_0	16	86.64	-4.205	-5.827	2.783
Q9UBT2_PF00899_2_443	CTR_1	19	91.06	-2.506	-13.302	15.425
Q9UBV7_PF13733_80_177	CTR_0	9	98.19	-4.391	-3.929	-9.907
Q9UDX3_PF00650_83_243	CTR_0	18	95.38	-0.371	1.077	2.776
Q9UDY8_PF00656_342_574	CTR_0	14	87.17	1.239	5.919	13.048
Q9UH03_PF00735_58_335	CTR_0	14	78.5	-13.879	11.772	7.556
Q9UHB4_PF00258_8_145	CTR_0	18	80.05	-9.887	-3.252	-9.018
Q9UHD2_PF00069_9_299	CTR_0	19	85.52	12.198	12.892	-21.675
Q9UHD8_PF00735_295_574	CTR_0	14	80.15	-7.754	-3.818	13.481
Q9UHI8_PF01421_258_467	CTR_0	16	80.29	-4.988	-16.93	18.056
Q9UHL4_PF05577_38_465	CTR_0	20	98.02	-7.192	0.15	-1.725
Q9UI17_PF01266_51_414	CTR_0	23	97.22	10.166	-3.536	-18.574
Q9UIF8_PF00439_2069_2151	CTR_0	14	85.48	38.227	-16.963	-16.409
Q9UIF8_PF00628_1933_1981	CTR_0	13	81.18	42.477	8.535	-31.339
Q9UIF9_PF00439_1802_1885	CTR_0	13	82.3	-42.926	-16.943	-17.906
Q9UIF9_PF00628_1678_1726	CTR_0	12	79.26	-32.573	17.36	39.59
Q9UIJ7_PF00406_12_192	CTR_0	23	90.62	5.019	2.654	-1.305
Q9UIJ7_PF00406_12_192	CTR_1	20	90.7	-0.63	7.974	-1.594
Q9UIK4_PF00069_23_285	CTR_0	18	86.11	1.989	11.954	-5.656
Q9UIQ6_PF01433_392_610	CTR_0	13	90.92	-0.311	1.466	2.681
Q9UJM8_PF01070_15_362	CTR_0	22	93.6	2.554	2.6	-5.91
Q9UK32_PF00069_73_330	CTR_0	16	76.99	7.386	9.405	-13.229
Q9UK39_PF03372_146_414	CTR_0	17	92.68	-4.154	11.654	-17.25
Q9UKE5_PF00069_25_289	CTR_0	21	74.7	-8.214	0.423	23.477
Q9UKF6_PF00753_20_262	CTR_0	11	78.47	1.71	11.117	-13.456
Q9UKL6_PF01852_10_213	CTR_0	16	93.76	-1.935	0.925	-4.563
Q9UL25_PF00071_21_182	CTR_0	18	75.25	0.205	8.112	-13.352
Q9UL51_PF00027_562_645	CTR_0	17	88.87	-35.763	-6.275	35.063
Q9UL52_PF00089_192_417	CTR_0	22	75.99	16.31	-9.123	-10.123
Q9ULI0_PF00439_967_1049	CTR_0	11	76.88	77.779	-3.458	-42.232
Q9ULX7_PF00194_28_278	CTR_0	16	96.03	4.515	-4.878	-1.988
Q9UM73_PF07714_1116_1383	CTR_0	20	71.65	-7.324	6.129	-32.486
Q9UNA0_PF01421_267_476	CTR_0	16	85.12	-10.74	-8.256	19.369
Q9UNN8_PF16497_1_199	CTR_0	17	96.1	-9.438	3.266	-4.796
Q9UNQ2_PF00398_27_274	CTR_0	20	81.59	-4.104	-7.493	14.296
Q9UQB9_PF00069_43_293	CTR_0	17	74.19	-8.605	2.666	7.781
Q9UQB9_PF00069_43_293	CTR_1	20	83.77	-7.835	-3.981	9.349
Q9UQM7_PF00069_13_271	CTR_0	14	82.64	-1.214	10.399	-0.947
Q9Y230_PF06068_21_365	CTR_0	17	73.0	4.913	-0.225	-13.279
Q9Y233_PF00233_514_745	CTR_0	14	93.08	-27.503	-10.329	7.439
Q9Y233_PF01590_266_412	CTR_0	20	72.45	26.674	29.472	-22.695
Q9Y251_PF03662_146_370	CTR_0	16	89.39	-19.064	-1.932	-6.552
Q9Y2J2_PF00373_191_301	CTR_0	14	89.52	8.564	4.343	-10.656
Q9Y2N7_PF08447_251_338	CTR_0	15	93.49	4.522	5.4	-18.833
Q9Y2Q3_PF01323_7_211	CTR_0	18	88.0	-4.443	9.57	-5.341
Q9Y2S2_PF02737_8_190	CTR_0	17	95.58	-0.014	-6.405	9.021
Q9Y2T3_PF01979_73_447	CTR_0	18	77.1	9.68	5.739	-16.019
Q9Y337_PF00089_67_285	CTR_0	14	76.66	2.471	-6.799	3.426
Q9Y3Q4_PF00027_613_696	CTR_0	17	88.15	-36.577	-3.772	36.465
Q9Y468_PF02820_417_485	CTR_0	9	90.67	2.301	-10.001	-16.275
Q9Y4U1_PF16690_20_234	CTR_0	13	96.1	0.798	8.965	-6.822
Q9Y4U1_PF16690_20_234	CTR_1	12	94.71	8.815	1.064	6.402
Q9Y530_PF01661_31_136	CTR_0	16	90.0	2.52	-2.674	-8.741
Q9Y572_PF00069_21_283	CTR_0	19	85.45	1.661	0.238	-10.322
Q9Y5A9_PF04146_410_545	CTR_0	15	74.91	-4.143	-2.801	-11.901
Q9Y5K2_PF00089_31_247	CTR_0	21	91.91	5.817	1.41	-3.996
Q9Y5N5_PF05175_16_141	CTR_0	19	88.42	7.029	-0.108	-0.98
Q9Y5P4_PF01852_400_619	CTR_0	15	94.16	-10.239	-1.996	3.23
Q9Y5S2_PF00069_76_342	CTR_0	19	83.07	10.925	5.798	-27.467
Q9Y5X0_PF00787_40_124	CTR_0	13	77.31	2.83	14.586	-3.78
Q9Y616_PF00069_165_443	CTR_0	19	78.5	-14.335	-4.567	-2.763
Q9Y663_PF00685_152_399	CTR_0	20	89.22	-9.275	6.526	-10.194
Q9Y689_PF00025_5_176	CTR_0	15	81.76	5.827	-7.538	-8.969
Q9Y697_PF00266_59_422	CTR_0	10	88.05	-14.514	9.667	22.943
Q9Y6A2_PF00067_34_484	CTR_0	16	91.76	7.756	4.665	-1.577
Q9Y6E0_PF00069_36_286	CTR_0	23	74.03	-5.575	-0.986	7.283
Q9Y6K1_PF00145_634_776	CTR_0	15	93.84	13.363	2.818	-12.112
Q9Y6K1_PF00855_293_377	CTR_0	11	85.19	-17.561	-15.322	-14.322
Q9Y6M4_PF00069_43_296	CTR_0	17	82.39	-2.725	11.724	-11.588
Q9Y6N5_PF07992_44_192	CTR_0	13	98.41	-2.789	6.266	-4.9
Q9Y6W6_PF00782_329_461	CTR_0	14	75.99	-4.547	6.402	-6.92
Q9Y6X9_PF13589_26_169	CTR_0	22	81.97	2.272	5.477	-8.442
