	domain	reference	res	number of structures	numb pockets	aligned ligands	pocket info
0	A0FGR8_PF17047_191_370	4P42_A	2.44	4	2	4	0(2),1(2)
1	A1Z1Q3_PF01661_88_201	4IQY_A	1.55	2	1	2	0(2)
2	A6NHR9_PF13589_139_295	6MW7_C	2.194	4	1	4	0(4)
3	A8MW92_PF02820_17_69	6L1P_B	1.231	4	1	4	0(4)
4	B2RXH2_PF02373_176_292	2W2I_A	2.1	3	1	3	0(3)
5	O00139_PF00225_229_553	6BBN_E	3.514	2	1	2	0(2)
6	O00141_PF00069_98_355	2R5T_A	1.9	3	1	3	0(3)
7	O00159_PF00063_48_718	4BYF_A	2.74	2	1	2	0(2)
8	O00167_PF00702_268_514	5ZMA_C	3.175	8	1	8	0(8)
9	O00194_PF00071_11_183	2F7S_B	2.7	2	1	2	0(2)
10	O00204_PF00685_60_305	1Q20_A	2.3	8	3	8	0(4),1(3),2(1)
11	O00212_PF00071_19_192	7KDC_A	3.1	3	1	3	0(3)
12	O00214_PF00337_18_151	7P1M_A	1.52	6	1	6	0(6)
13	O00238_PF07714_204_491	3MDY_A	2.05	2	1	2	0(2)
14	O00311_PF00069_58_221	6YA6_A	1.44	9	1	9	0(9)
15	O00338_PF00685_39_289	3BFX_A	1.8	1	1	1	0(1)
16	O00408_PF00233_655_888	5U00_B	1.41	126	1	126	0(126)
17	O00429_PF00350_28_217	3W6P_B	1.7	6	1	6	0(6)
18	O00444_PF00069_12_265	3COK_A	2.25	4	1	4	0(4)
19	O00482_PF00104_330_523	6VC2_A	1.697	24	1	24	0(24)
20	O00506_PF00069_20_270	2XIK_A	1.97	2	1	2	0(2)
21	O00560_PF00595_198_270	6R9H_A	2.0	6	1	6	0(6)
22	O00757_PF00316_12_199	3IFA_A	1.93	21	1	21	0(21)
23	O14522_PF00102_912_1142	2OOQ_A	1.8	1	1	1	0(1)
24	O14607_PF02373_1080_1188	4UF0_B	1.78	6	1	6	0(6)
25	O14717_PF00145_4_391	1G55_A	1.8	1	1	1	0(1)
26	O14727_PF00931_129_374	1Z6T_B	2.21	32	1	32	0(32)
27	O14733_PF00069_120_380	6IB0_A	2.6	19	1	19	0(19)
28	O14744_PF05185_295_464	6V0P_A	1.88	47	2	47	0(33),1(14)
29	O14744_PF17285_37_290	6V0P_A	1.88	5	1	5	0(5)
30	O14744_PF17286_467_635	6UXY_A	2.57	2	1	2	0(2)
31	O14757_PF00069_9_265	2YEX_A	1.3	149	4	149	0(144),1(2),2(2),3(1)
32	O14782_PF00225_16_265	3B6V_A	2.7	2	1	2	0(2)
33	O14786_PF00754_290_421	5JGI_B	1.38	10	1	10	0(10)
34	O14792_PF00685_54_298	1ZRH_A	2.1	1	1	1	0(1)
35	O14920_PF00069_15_297	4KIK_B	2.83	2	1	2	0(2)
36	O14931_PF07686_22_128	3NOI_A	1.842	1	1	1	0(1)
37	O14936_PF00069_12_276	3C0I_A	1.85	21	1	21	0(21)
38	O14965_PF00069_133_383	5L8L_A	1.67	207	3	207	0(182),1(24),2(1)
39	O14966_PF00071_9_175	6HH2_A	1.449	1	1	1	0(1)
40	O14976_PF00069_40_313	5Y80_A	2.5	10	2	10	0(9),1(1)
41	O14994_PF02750_193_395	2P0A_B	1.9	2	1	2	0(2)
42	O15054_PF02373_1377_1485	2XXZ_B	1.8	6	1	6	0(6)
43	O15066_PF00225_15_340	3B6U_B	1.8	2	1	2	0(2)
44	O15075_PF00069_390_647	5JZJ_A	1.71	11	1	11	0(11)
45	O15111_PF00069_15_298	5EBZ_A	4.5	12	1	12	0(12)
46	O15118_PF16414_22_267	6W5S_A	3.0	8	1	8	0(8)
47	O15151_PF02201_25_95	6Q9Y_B	1.2	3	1	3	0(3)
48	O15164_PF00439_908_992	4YBT_A	1.82	15	1	15	0(15)
49	O15178_PF00907_44_219	5QS1_A	1.66	5	3	5	0(2),1(2),2(1)
50	O15247_PF13410_74_218	2PER_A	2.0	1	1	1	0(1)
51	O15264_PF00069_25_308	5EKO_A	2.0	4	1	4	0(4)
52	O15270_PF00155_168_528	7CQI_T	3.2	1	1	1	0(1)
53	O15296_PF00305_175_661	7LAF_B	2.44	3	1	3	0(3)
54	O15382_PF01063_100_350	5CR5_B	1.61	38	1	38	0(38)
55	O15393_PF00089_256_484	7MEQ_A	1.95	1	1	1	0(1)
56	O15496_PF00068_44_150	5OWC_B	1.75	10	1	10	0(10)
57	O15530_PF00069_82_342	5LVO_A	1.09	93	3	93	0(69),1(23),2(1)
58	O15540_PF00061_7_132	7E25_A	1.6	8	1	8	0(8)
59	O15550_PF02373_1133_1241	6FUL_A	1.649	3	1	3	0(3)
60	O43175_PF00389_9_317	6RJ3_A	1.42	25	1	25	0(25)
61	O43175_PF02826_111_285	5NZO_A	1.29	42	1	42	0(42)
62	O43252_PF01583_51_209	2PEZ_A	1.4	26	2	26	0(11),1(15)
63	O43252_PF01747_394_617	1XNJ_A	1.98	6	1	6	0(6)
64	O43293_PF00069_13_275	3BHY_A	1.24	9	1	9	0(9)
65	O43318_PF07714_36_284	2EVA_A	2.0	1	1	1	0(1)
66	O43353_PF07714_18_290	5NG0_B	2.0	56	1	56	0(56)
67	O43488_PF00248_41_348	2BP1_B	2.4	4	1	4	0(4)
68	O43570_PF00194_38_289	5MSA_C	1.2	88	1	88	0(88)
69	O43598_PF05014_23_134	4P5E_A	1.35	2	1	2	0(2)
70	O43683_PF00069_787_1032	5DMZ_A	2.4	4	1	4	0(4)
71	O43704_PF00685_38_289	3CKL_A	2.0	5	2	5	0(3),1(2)
72	O43781_PF00069_209_522	5Y86_A	1.9	1	1	1	0(1)
73	O43809_PF13869_35_222	5R4Q_B	1.49	12	2	12	0(10),1(2)
74	O43865_PF00670_289_450	3MTG_B	2.64	2	1	2	0(2)
75	O43865_PF05221_237_529	3MTG_A	2.64	2	1	2	0(2)
76	O43913_PF13191_7_156	7CTE_E	3.8	4	1	4	0(4)
77	O43929_PF13191_36_190	7CTE_D	3.8	9	1	9	0(9)
78	O60218_PF00248_15_294	1ZUA_X	1.25	19	2	19	0(11),1(8)
79	O60313_PF00350_291_469	6JTG_A	2.4	1	1	1	0(1)
80	O60341_PF01593_288_826	6KGO_A	2.25	111	2	111	0(81),1(30)
81	O60493_PF00787_57_148	7BLO_L	9.5	2	1	2	0(2)
82	O60507_PF13469_70_263	5WRI_A	1.6	6	1	6	0(6)
83	O60547_PF16363_27_358	6GPK_C	1.47	64	2	64	0(32),1(32)
84	O60551_PF01233_139_296	6PAU_A	1.93	2	1	2	0(2)
85	O60658_PF00233_555_806	3ECN_A	2.1	5	1	5	0(5)
86	O60674_PF07714_545_805	5UT3_A	1.501	31	1	31	0(31)
87	O60674_PF07714_849_1123	7LL4_A	1.31	145	1	145	0(145)
88	O60701_PF03721_5_195	5VR8_E	1.999	82	1	82	0(82)
89	O60704_PF13469_69_262	3AP1_B	1.9	8	1	8	0(8)
90	O60741_PF00027_493_576	6UQF_C	3.04	12	1	12	0(12)
91	O60760_PF02798_4_73	4EE0_B	1.75	2	1	2	0(2)
92	O60825_PF01591_26_249	5HTK_A	2.01	2	1	2	0(2)
93	O60882_PF00413_116_271	2JSD_A	-1.0	1	1	1	0(1)
94	O60885_PF00439_357_445	4Z93_A	1.27	38	1	38	0(38)
95	O60885_PF00439_67_152	4QB3_A	0.94	317	1	317	0(317)
96	O60911_PF00112_114_333	1FH0_A	1.6	2	1	2	0(2)
97	O75116_PF00069_92_354	7JNT_B	2.214	34	1	34	0(34)
98	O75164_PF02373_175_291	3PDQ_A	1.989	107	1	107	0(107)
99	O75173_PF01421_218_428	4WK7_A	1.24	7	1	7	0(7)
100	O75191_PF02782_295_481	4BC2_C	1.97	3	1	3	0(3)
101	O75208_PF08511_210_286	6DEW_B	2.0	1	1	1	0(1)
102	O75385_PF00069_16_278	4WNO_A	1.56	9	1	9	0(9)
103	O75460_PF00069_571_832	7BMK_B	1.85	32	2	32	0(29),1(3)
104	O75469_PF00104_238_415	7AXE_A	1.9	49	1	49	0(49)
105	O75582_PF00069_427_687	3KN5_B	2.4	2	1	2	0(2)
106	O75608_PF02230_8_226	5SYM_A	1.55	11	1	11	0(11)
107	O75628_PF00071_82_245	2NZJ_A	2.5	4	1	4	0(4)
108	O75689_PF00169_130_229	3MDB_C	2.952	2	1	2	0(2)
109	O75716_PF00069_20_290	2BUJ_B	2.6	2	1	2	0(2)
110	O75828_PF00106_6_152	2HRB_A	1.9	1	1	1	0(1)
111	O75844_PF01435_228_473	6BH8_B	3.85	2	1	2	0(2)
112	O75844_PF16491_41_225	5SYT_A	2.0	2	2	2	0(1),1(1)
113	O75874_PF00180_9_401	6BKX_A	1.65	136	3	136	0(95),1(31),2(10)
114	O75891_PF00551_1_180	2CFI_A	1.85	1	1	1	0(1)
115	O75897_PF00685_45_295	2GWH_A	1.8	2	1	2	0(2)
116	O75899_PF00003_475_743	6WIV_B	3.3	2	1	2	0(2)
117	O75914_PF00069_283_534	6FD3_A	1.52	1	1	1	0(1)
118	O75936_PF02668_107_366	4C5W_A	1.7	14	2	14	0(8),1(6)
119	O76039_PF00069_13_297	4BGQ_A	2.0	1	1	1	0(1)
120	O76054_PF00650_81_243	4OMJ_A	1.6	10	1	10	0(10)
121	O76074_PF00233_612_846	5JO3_B	1.49	31	2	31	0(29),1(2)
122	O76083_PF00233_311_542	4Y86_B	2.01	46	1	46	0(46)
123	O94768_PF00069_33_293	6Y6H_A	1.95	6	1	6	0(6)
124	O94804_PF00069_36_294	6EIM_B	1.43	19	1	19	0(19)
125	O94925_PF04960_244_530	3VP1_A	2.3	3	1	3	0(3)
126	O94953_PF02373_176_292	4LXL_A	1.87	1	1	1	0(1)
127	O95045_PF01048_60_310	3P0F_A	1.54	7	1	7	0(7)
128	O95057_PF00071_9_169	2GF0_A	1.9	4	1	4	0(4)
129	O95140_PF00350_99_259	6JFK_A	1.997	1	1	1	0(1)
130	O95154_PF00248_12_320	2CLP_E	3.0	11	1	11	0(11)
131	O95340_PF01583_41_199	2AX4_B	2.5	4	1	4	0(4)
132	O95340_PF01747_384_607	7FHA_A	2.0	2	1	2	0(2)
133	O95372_PF02230_11_228	5SYN_B	1.64	6	2	6	0(4),1(2)
134	O95398_PF00027_265_349	6H7E_A	2.3	2	1	2	0(2)
135	O95445_PF11032_1_187	2YG2_A	1.7	3	1	3	0(3)
136	O95486_PF08033_744_828	5VNL_B	2.394	3	1	3	0(3)
137	O95568_PF13489_171_338	4RFQ_A	2.4	1	1	1	0(1)
138	O95619_PF03366_42_122	5R68_A	1.64	4	1	4	0(4)
139	O95696_PF00439_571_654	5POU_B	1.43	55	1	55	0(55)
140	O95696_PF00855_930_1044	4Z02_A	1.87	2	1	2	0(2)
141	O95716_PF00071_24_185	2GF9_A	1.53	1	1	1	0(1)
142	O95718_PF00104_237_416	6LIT_B	2.0	2	1	2	0(2)
143	O95747_PF00069_17_291	2VWI_D	2.15	7	1	7	0(7)
144	O95749_PF00348_9_251	6R4V_B	2.202	12	1	12	0(12)
145	O95819_PF00069_25_289	4U43_A	2.18	16	1	16	0(16)
146	O95822_PF05292_193_457	4F0X_E	3.29	4	1	4	0(4)
147	O96013_PF00069_321_572	5VEF_A	1.752	27	1	27	0(27)
148	O96017_PF00069_220_486	2YCF_A	1.77	34	1	34	0(34)
149	O96028_PF00855_223_334	6XCG_B	1.64	25	1	25	0(25)
150	P00325_PF00107_203_339	1U3U_B	1.6	17	1	17	0(17)
151	P00325_PF08240_34_161	1U3U_A	1.6	4	1	4	0(4)
152	P00326_PF00107_203_339	1U3W_A	1.45	4	1	4	0(4)
153	P00326_PF08240_34_161	1U3W_A	1.45	2	1	2	0(2)
154	P00338_PF00056_21_160	5W8K_B	1.6	143	2	143	0(141),1(2)
155	P00338_PF02866_163_331	4RLS_D	1.91	50	1	50	0(50)
156	P00374_PF00186_4_185	1KMV_A	1.05	181	2	181	0(80),1(101)
157	P00387_PF00970_44_151	1UMK_A	1.75	1	1	1	0(1)
158	P00439_PF00351_119_449	6HYC_D	3.18	17	2	17	0(2),1(15)
159	P00441_PF00080_15_150	4A7U_A	0.98	6	3	6	0(4),1(1),2(1)
160	P00480_PF00185_187_341	1OTH_A	1.85	1	1	1	0(1)
161	P00491_PF01048_26_280	4EAR_A	1.7	53	1	53	0(53)
162	P00492_PF00156_37_196	4RAD_H	2.0	58	1	58	0(58)
163	P00519_PF07714_242_493	5HU9_A	1.529	71	2	71	0(62),1(9)
164	P00533_PF07714_712_968	5UG9_A	1.33	365	1	365	0(365)
165	P00558_PF00162_9_406	2WZB_A	1.47	24	2	24	0(23),1(1)
166	P00568_PF00406_13_169	2C95_A	1.71	5	1	5	0(5)
167	P00734_PF00089_364_613	4YES_B	1.5	347	1	347	0(347)
168	P00740_PF00089_227_454	5JB9_S	1.3	22	2	22	0(21),1(1)
169	P00742_PF00089_235_462	2JKH_A	1.25	138	1	138	0(138)
170	P00746_PF00089_26_248	5NAT_A	1.17	48	1	48	0(48)
171	P00747_PF00051_103_181	4CIK_A	1.78	3	1	3	0(3)
172	P00747_PF00051_185_262	1B2I_A	-1.0	1	1	1	0(1)
173	P00747_PF00089_581_803	5UGG_A	1.2	3	2	3	0(2),1(1)
174	P00748_PF00089_373_609	6X0T_C	1.388	10	1	10	0(10)
175	P00749_PF00089_179_419	4FUH_A	1.6	108	3	108	0(106),1(1),2(1)
176	P00750_PF00089_311_556	1RTF_B	2.3	5	1	5	0(5)
177	P00751_PF00089_481_752	1RTK_A	2.3	1	1	1	0(1)
178	P00813_PF00962_10_350	3IAR_A	1.52	1	1	1	0(1)
179	P00915_PF00194_12_261	6I0J_B	1.35	53	1	53	0(53)
180	P00918_PF00194_11_259	3K34_A	0.9	562	3	562	0(558),1(3),2(1)
181	P01009_PF00079_52_415	7NPL_A	1.82	2	1	2	0(2)
182	P01111_PF00071_5_165	6ZIO_A	1.55	13	2	13	0(10),1(3)
183	P01112_PF00071_5_165	2CE2_X	1.0	211	4	211	0(205),1(4),2(1),3(1)
184	P01116_PF00071_5_165	6P0Z_B	1.011	518	4	518	0(409),1(76),2(32),3(1)
185	P01889_PF00129_25_203	3VRI_A	1.6	6	1	6	0(6)
186	P02689_PF00061_6_132	6S2M_A	0.72	48	1	48	0(48)
187	P02743_PF00354_26_219	4AVS_D	1.399	10	1	10	0(10)
188	P02753_PF00061_39_188	5NU9_A	1.5	27	1	27	0(27)
189	P02766_PF00576_32_139	4ACT_B	1.8	1	1	1	0(1)
190	P02768_PF00273_222_394	6L4K_I	2.09	114	3	114	0(81),1(31),2(2)
191	P02768_PF00273_30_202	6YG9_A	1.89	55	4	55	0(14),1(36),2(4),3(1)
192	P02768_PF00273_414_592	6L4K_A	2.09	101	8	101	0(71),1(18),2(4),3(3),4(2),5(1),6(1),7(1)
193	P02774_PF00273_27_199	1J78_B	2.31	1	1	1	0(1)
194	P03372_PF00104_332_531	6SBO_B	1.48	631	2	631	0(630),1(1)
195	P03951_PF00089_388_618	7MBO_A	0.924	84	1	84	0(84)
196	P03952_PF00089_391_621	6I44_A	1.36	7	2	7	0(4),1(3)
197	P03956_PF00413_108_261	1HFC_A	1.5	7	1	7	0(7)
198	P04040_PF00199_28_411	1DGF_C	1.5	1	1	1	0(1)
199	P04049_PF07714_349_606	3OMV_B	4.0	2	1	2	0(2)
200	P04062_PF02055_117_466	6Q6N_A	1.63	28	1	28	0(28)
201	P04070_PF00089_212_445	3F6U_H	2.8	2	1	2	0(2)
202	P04150_PF00104_549_741	4UDD_A	1.8	48	2	48	0(46),1(2)
203	P04181_PF00202_50_436	5VWO_B	1.773	29	1	29	0(29)
204	P04278_PF00054_75_205	1D2S_A	1.55	13	1	13	0(13)
205	P04626_PF07714_720_976	3PP0_A	2.25	12	1	12	0(12)
206	P04629_PF07714_510_781	4PMP_A	1.8	48	1	48	0(48)
207	P04637_PF00870_99_289	6GGC_B	1.24	87	3	87	0(74),1(8),2(5)
208	P04746_PF00128_46_348	4GQR_A	1.2	19	2	19	0(18),1(1)
209	P04798_PF00067_40_501	4I8V_A	2.6	19	1	19	0(19)
210	P04818_PF00303_31_313	1HVY_A	1.9	140	1	140	0(140)
211	P05089_PF00491_6_305	4HWW_A	1.298	86	1	86	0(86)
212	P05090_PF00061_43_184	2HZQ_A	1.8	1	1	1	0(1)
213	P05093_PF00067_28_493	6WR1_A	1.85	54	1	54	0(54)
214	P05108_PF00067_52_511	3N9Y_B	2.1	8	1	8	0(8)
215	P05121_PF00079_33_402	4IC0_C	2.32	5	1	5	0(5)
216	P05164_PF03098_173_718	7LAN_I	2.28	3	1	3	0(3)
217	P05177_PF00067_42_505	2HI4_A	1.95	1	1	1	0(1)
218	P05181_PF00067_33_489	3E6I_B	2.2	12	1	12	0(12)
219	P05230_PF00167_25_148	1RML_A	-1.0	1	1	1	0(1)
220	P05413_PF00061_6_132	4TKB_A	0.86	28	1	28	0(28)
221	P05543_PF00079_44_412	4X30_A	1.55	5	1	5	0(5)
222	P05771_PF00069_342_600	2I0E_A	2.6	2	1	2	0(2)
223	P05981_PF00089_163_400	5CE1_A	2.5	4	1	4	0(4)
224	P06126_PF16497_1_197	5J1A_A	1.86	14	1	14	0(14)
225	P06132_PF01208_14_360	1R3S_A	1.65	7	1	7	0(7)
226	P06213_PF07714_1023_1290	5HHW_A	1.79	13	1	13	0(13)
227	P06239_PF07714_245_494	1QPC_A	1.6	36	1	36	0(36)
228	P06241_PF07714_271_520	2DQ7_X	2.8	1	1	1	0(1)
229	P06276_PF00135_30_550	6ZWI_A	1.85	58	2	58	0(57),1(1)
230	P06401_PF00104_704_891	1SQN_A	1.451	33	1	33	0(33)
231	P06493_PF00069_4_287	6GU2_A	2.0	9	1	9	0(9)
232	P06730_PF01652_38_197	4TQC_B	1.8	8	2	8	0(7),1(1)
233	P06744_PF00342_54_546	6XUH_B	2.38	2	1	2	0(2)
234	P06746_PF14792_149_262	9ICV_A	2.7	5	1	5	0(5)
235	P06858_PF00151_17_338	6OB0_C	2.81	4	1	4	0(4)
236	P07101_PF00351_195_525	6ZVP_A	4.0	12	1	12	0(12)
237	P07108_PF00887_3_78	2CB8_B	1.4	1	1	1	0(1)
238	P07148_PF14651_1_127	3VG7_A	1.44	31	2	31	0(18),1(13)
239	P07195_PF00056_22_161	7DBJ_B	1.551	18	1	18	0(18)
240	P07306_PF00059_171_279	5JQ1_A	1.83	2	1	2	0(2)
241	P07327_PF00107_203_339	1U3T_A	2.49	4	1	4	0(4)
242	P07327_PF08240_34_161	1U3T_A	2.49	2	1	2	0(2)
243	P07332_PF07714_561_814	3CBL_A	1.75	5	1	5	0(5)
244	P07333_PF07714_582_910	6T2W_A	1.7	8	1	8	0(8)
245	P07360_PF00061_48_186	2OVD_A	1.8	1	1	1	0(1)
246	P07437_PF00091_3_212	6I2I_B	3.6	15	1	15	0(15)
247	P07477_PF00089_24_239	1FXY_A	2.15	1	1	1	0(1)
248	P07686_PF00728_200_517	1NOW_A	2.2	10	1	10	0(10)
249	P07711_PF00112_114_332	2XU3_A	0.9	43	1	43	0(43)
250	P07741_PF00156_28_173	6FCL_A	1.5	16	1	16	0(16)
251	P07814_PF00587_1108_1287	4HVC_B	2.0	20	2	20	0(17),1(3)
252	P07858_PF00112_80_329	6AY2_B	1.6	8	2	8	0(3),1(5)
253	P07900_PF02518_40_194	5J2X_A	1.22	333	1	333	0(333)
254	P07902_PF01087_22_196	6GQD_A	1.523	3	1	3	0(3)
255	P07948_PF07714_247_497	5XY1_A	2.7	2	1	2	0(2)
256	P07949_PF07714_724_1005	7DUA_A	1.64	32	1	32	0(32)
257	P08069_PF07714_999_1266	3LW0_C	1.79	53	2	53	0(49),1(4)
258	P08134_PF00071_7_180	2GCO_B	1.4	6	1	6	0(6)
259	P08185_PF00079_41_404	2VDY_A	2.3	6	1	6	0(6)
260	P08235_PF00104_758_946	4PF3_A	1.1	47	1	47	0(47)
261	P08238_PF02518_35_189	6N8Y_A	1.55391	27	1	27	0(27)
262	P08240_PF00448_418_637	6Y32_F	2.6	6	1	6	0(6)
263	P08246_PF00089_30_242	5ABW_A	1.6	12	1	12	0(12)
264	P08254_PF00413_108_264	1HY7_B	1.5	38	2	38	0(37),1(1)
265	P08263_PF02798_5_77	6ATR_B	1.29	4	1	4	0(4)
266	P08311_PF00089_21_238	1CGH_A	1.8	4	1	4	0(4)
267	P08319_PF00107_208_340	3COS_B	2.1	1	1	1	0(1)
268	P08397_PF01379_21_233	7AAK_A	1.7	22	2	22	0(20),1(2)
269	P08519_PF00051_1282_1359	4BVW_B	2.0	2	1	2	0(2)
270	P08519_PF00051_1624_1701	4BVC_A	1.6	4	1	4	0(4)
271	P08581_PF07714_1078_1337	4R1V_A	1.2	90	1	90	0(90)
272	P08631_PF07714_262_511	5H0B_A	1.651	43	1	43	0(43)
273	P08684_PF00067_38_493	6MA8_A	1.83	80	1	80	0(80)
274	P08686_PF00067_27_480	4Y8W_B	2.64	3	1	3	0(3)
275	P08709_PF00089_213_447	5PAX_C	1.36	98	2	98	0(97),1(1)
276	P08754_PF00503_13_343	2ODE_A	1.9	15	1	15	0(15)
277	P08922_PF07714_1945_2215	4UXL_A	2.4	2	1	2	0(2)
278	P09211_PF02798_4_75	2A2R_B	1.4	32	1	32	0(32)
279	P09237_PF00413_103_259	2Y6D_A	1.6	6	1	6	0(6)
280	P09238_PF00413_107_263	1Q3A_C	2.1	3	1	3	0(3)
281	P09382_PF00337_5_134	3T2T_A	1.9	1	1	1	0(1)
282	P09417_PF00106_11_198	1HDR_A	2.5	1	1	1	0(1)
283	P09455_PF00061_6_134	5HBS_A	0.89	13	1	13	0(13)
284	P09467_PF00316_12_199	7C9Q_C	1.878	219	1	219	0(219)
285	P09601_PF01126_11_216	3CZY_A	1.54	20	2	20	0(10),1(10)
286	P09622_PF07992_42_370	6I4R_A	1.439	94	3	94	0(72),1(16),2(6)
287	P09917_PF00305_216_662	6N2W_B	2.71	1	1	1	0(1)
288	P09958_PF00082_144_427	7LCU_A	1.24	11	1	11	0(11)
289	P09960_PF01433_233_448	3U9W_A	1.25	64	1	64	0(64)
290	P09960_PF17900_18_202	3FUD_A	2.2	1	1	1	0(1)
291	P0C024_PF00293_38_166	5QHH_A	1.52	35	2	35	0(34),1(1)
292	P0C1S8_PF00069_212_486	5VDK_A	2.7	1	1	1	0(1)
293	P0CG30_PF02798_5_75	3LJR_B	3.3	2	1	2	0(2)
294	P0DMM9_PF00685_38_288	2A3R_B	2.6	4	2	4	0(2),1(2)
295	P0DP23_PF13499_10_74	5V02_R	1.78	3	1	3	0(3)
296	P0DPD7_PF08241_63_173	2PXX_A	1.3	1	1	1	0(1)
297	P0DUB6_PF00128_52_348	3DHP_A	1.5	7	1	7	0(7)
298	P10114_PF00071_5_166	1KAO_A	1.7	4	1	4	0(4)
299	P10153_PF00074_33_158	2C01_X	1.24	4	1	4	0(4)
300	P10275_PF00104_690_881	4OHA_A	1.42	88	3	88	0(84),1(3),2(1)
301	P10276_PF00104_224_401	3KMR_A	1.8	11	1	11	0(11)
302	P10301_PF00071_31_192	2FN4_A	1.65	3	1	3	0(3)
303	P10599_PF00085_2_103	5DQY_A	1.4	2	2	2	0(1),1(1)
304	P10619_PF00450_39_477	4CIB_A	1.89	2	1	2	0(2)
305	P10632_PF00067_30_487	2NNJ_A	2.28	10	2	10	0(7),1(3)
306	P10635_PF00067_34_494	3TBG_D	2.1	54	2	54	0(46),1(8)
307	P10644_PF00027_273_360	5KJZ_A	1.347	3	1	3	0(3)
308	P10721_PF07714_589_924	3G0E_A	1.6	3	2	3	0(2),1(1)
309	P10826_PF00104_224_401	4DM6_A	1.9	14	1	14	0(14)
310	P10827_PF00104_204_379	3ILZ_A	1.85	4	1	4	0(4)
311	P10828_PF00104_265_445	6KKB_X	1.7	22	1	22	0(22)
312	P11172_PF00156_42_167	2WNS_A	1.9	1	1	1	0(1)
313	P11172_PF00215_252_466	7ASQ_A	0.95	63	1	63	0(63)
314	P11233_PF00071_16_177	6P0I_B	1.18	21	2	21	0(16),1(5)
315	P11234_PF00071_16_178	6ZRN_B	1.482	6	1	6	0(6)
316	P11309_PF00069_38_290	3A99_A	1.6	166	2	166	0(165),1(1)
317	P11362_PF07714_478_754	5EW8_A	1.63	94	1	94	0(94)
318	P11388_PF02518_76_225	1ZXM_B	1.87	14	1	14	0(14)
319	P11413_PF00479_35_210	2BH9_A	2.5	6	1	6	0(6)
320	P11413_PF02781_212_509	6JYU_A	1.89	19	1	19	0(19)
321	P11473_PF00104_216_406	3B0T_A	1.3	44	1	44	0(44)
322	P11474_PF00104_224_404	3K6P_A	1.996	5	1	5	0(5)
323	P11509_PF00067_34_491	2FDV_B	1.65	45	1	45	0(45)
324	P11511_PF00067_46_488	3S79_A	2.75	11	1	11	0(11)
325	P11586_PF02882_128_295	1A4I_B	1.5	14	1	14	0(14)
326	P11597_PF02886_243_480	2OBD_A	2.1	6	2	6	0(3),1(3)
327	P11712_PF00067_30_487	5A5I_A	2.0	23	2	23	0(19),1(4)
328	P11766_PF00107_202_334	2FZW_A	1.84	13	1	13	0(13)
329	P12104_PF00061_4_132	3AKM_B	1.9	6	1	6	0(6)
330	P12268_PF00478_29_504	6UDO_B	3.21	268	5	268	0(74),1(69),2(50),3(71),4(4)
331	P12268_PF00571_107_166	6UDQ_F	3.27	3	1	3	0(3)
332	P12271_PF00650_141_291	3HX3_A	1.69	4	1	4	0(4)
333	P12277_PF00217_153_367	3B6R_B	2.0	2	1	2	0(2)
334	P12544_PF00089_29_254	1ORF_A	2.4	1	1	1	0(1)
335	P12883_PF00063_87_766	4DB1_B	2.6	2	1	2	0(2)
336	P12931_PF00017_151_233	1O4R_A	1.5	11	1	11	0(11)
337	P12931_PF07714_270_519	7NG7_A	1.5	29	1	29	0(29)
338	P13051_PF03167_140_302	3FCI_A	1.27	7	1	7	0(7)
339	P13497_PF01400_128_321	6BTQ_A	1.75	5	2	5	0(3),1(2)
340	P13569_PF00005_441_576	6ZE1_A	2.705	1	1	1	0(1)
341	P13591_PF00041_508_598	2E3V_C	1.95	1	1	1	0(1)
342	P13631_PF00104_226_403	1FCY_A	1.3	11	1	11	0(11)
343	P13716_PF00490_5_326	1E51_A	2.83	2	1	2	0(2)
344	P13804_PF00766_211_291	1EFV_A	2.1	2	1	2	0(2)
345	P13995_PF02882_158_332	5TC4_A	1.89	11	2	11	0(9),1(2)
346	P14061_PF00106_4_201	1I5R_A	1.6	27	2	27	0(23),1(4)
347	P14174_PF01187_2_115	6B1K_B	1.17	111	1	111	0(111)
348	P14207_PF03024_30_205	4KN0_A	2.1	6	1	6	0(6)
349	P14210_PF00051_128_206	5CP9_B	1.9	8	1	8	0(8)
350	P14324_PF00348_108_374	5CG5_A	1.402	58	3	58	0(36),1(20),2(2)
351	P14555_PF00068_22_130	5G3N_A	1.8	26	1	26	0(26)
352	P14618_PF00224_42_395	3GR4_A	1.6	7	2	7	0(4),1(3)
353	P14625_PF02518_96_255	4NH9_A	2.77	1	1	1	0(1)
354	P14920_PF01266_2_329	3ZNN_B	1.9	106	2	106	0(64),1(42)
355	P15056_PF07714_457_714	7K0V_A	1.93	152	1	152	0(152)
356	P15085_PF00246_128_406	2V77_B	1.603	14	1	14	0(14)
357	P15090_PF00061_6_132	3P6D_A	1.06	35	1	35	0(35)
358	P15104_PF00120_110_361	2OJW_E	2.05	15	1	15	0(15)
359	P15121_PF00248_15_294	1US0_A	0.66	277	2	277	0(118),1(159)
360	P15144_PF01433_316_543	4FYR_A	1.91	1	1	1	0(1)
361	P15153_PF00071_5_178	2W2T_A	1.95	8	1	8	0(8)
362	P15291_PF13733_130_263	4EEA_A	2.0	1	1	1	0(1)
363	P15328_PF03024_36_211	4LRH_E	2.8	15	1	15	0(15)
364	P15428_PF00106_6_199	2GDZ_A	1.65	1	1	1	0(1)
365	P15531_PF00334_5_139	1UCN_C	2.0	15	1	15	0(15)
366	P15538_PF00067_42_498	7E7F_A	1.4	4	2	4	0(3),1(1)
367	P15559_PF02525_4_212	1D4A_A	1.7	90	1	90	0(90)
368	P15735_PF00069_24_291	2Y7J_A	2.5	4	1	4	0(4)
369	P15813_PF16497_1_198	6V7Y_A	2.4	23	2	23	0(21),1(2)
370	P16083_PF02525_4_212	4FGL_C	1.2	133	2	133	0(127),1(6)
371	P16118_PF01591_30_251	1K6M_B	2.4	2	1	2	0(2)
372	P16152_PF00106_6_152	1WMA_A	1.24	9	1	9	0(9)
373	P16233_PF00151_17_352	1LPB_B	2.46	2	2	2	0(1),1(1)
374	P16278_PF01301_40_357	3WF1_D	2.0	20	1	20	0(20)
375	P16435_PF00175_530_641	3QFS_A	1.4	11	1	11	0(11)
376	P16435_PF00258_82_219	3QE2_B	1.75	11	1	11	0(11)
377	P16444_PF01244_25_352	1ITU_A	2.0	2	1	2	0(2)
378	P16871_PF00041_130_218	3UP1_B	2.15	1	1	1	0(1)
379	P17081_PF00071_11_184	2ATX_A	2.65	2	1	2	0(2)
380	P17174_PF00155_31_405	6LIG_A	2.62	1	1	1	0(1)
381	P17213_PF02886_249_486	1EWF_A	1.7	2	1	2	0(2)
382	P17252_PF00069_339_597	4RA4_A	2.63	4	1	4	0(4)
383	P17516_PF00248_18_301	2FVL_A	2.4	3	1	3	0(3)
384	P17540_PF00217_187_401	4Z9M_H	2.1	6	1	6	0(6)
385	P17612_PF00069_44_298	4WB8_A	1.55	37	1	37	0(37)
386	P17643_PF00264_182_417	5M8S_C	2.2	20	1	20	0(20)
387	P17752_PF00351_106_436	5TPG_A	1.5	7	2	7	0(6),1(1)
388	P17812_PF06418_2_272	7MGZ_P	2.8	20	2	20	0(12),1(8)
389	P17858_PF00365_17_324	7LW1_E	2.9	4	1	4	0(4)
390	P17900_PF02221_33_190	2AG4_A	1.8	19	3	19	0(16),1(2),2(1)
391	P17931_PF00337_117_247	6RZK_A	1.046	6	1	6	0(6)
392	P17980_PF00004_223_356	5T0H_F	6.8	1	1	1	0(1)
393	P18031_PF00102_40_276	6XEA_A	1.549	113	9	113	0(82),1(3),2(4),3(5),4(6),5(9),6(2),7(1),8(1)
394	P18085_PF00025_5_177	1Z6X_A	2.7	2	1	2	0(2)
395	P18669_PF00300_6_138	5Y2I_B	1.917	8	1	8	0(8)
396	P19099_PF00067_42_499	4DVQ_G	2.49	52	1	52	0(52)
397	P19113_PF00282_36_414	4E1O_F	1.8	6	1	6	0(6)
398	P19367_PF03727_673_907	1DGK_N	2.8	1	1	1	0(1)
399	P19525_PF00069_267_537	2A19_B	2.5	4	1	4	0(4)
400	P19623_PF01564_76_261	2O07_B	1.89	9	1	9	0(9)
401	P19652_PF00061_40_180	7OUB_B	1.82	6	1	6	0(6)
402	P19784_PF00069_40_325	6TGU_A	0.833	26	2	26	0(25),1(1)
403	P19793_PF00104_257_442	7A77_A	1.5	111	2	111	0(110),1(1)
404	P19801_PF01179_300_708	3HII_B	2.149	2	1	2	0(2)
405	P20151_PF00089_25_253	4NFE_A	1.9	2	1	2	0(2)
406	P20231_PF00089_31_267	4A6L_D	2.05	42	2	42	0(26),1(16)
407	P20337_PF00071_24_185	3DZ8_A	1.9	1	1	1	0(1)
408	P20338_PF00071_15_176	2BME_D	1.57	8	1	8	0(8)
409	P20339_PF00071_22_183	1R2Q_A	1.05	20	1	20	0(20)
410	P20340_PF00071_15_175	1YZQ_A	1.78	13	1	13	0(13)
411	P20591_PF00350_73_249	4P4S_A	3.3	2	1	2	0(2)
412	P20701_PF00092_156_326	2O7N_A	1.75	17	1	17	0(17)
413	P20813_PF00067_31_488	5UFG_A	1.76	45	5	45	0(27),1(13),2(2),3(2),4(1)
414	P20815_PF00067_38_492	5VEU_A	2.91	4	1	4	0(4)
415	P20839_PF00478_29_504	7RFG_B	2.6	165	7	165	0(40),1(22),2(24),3(23),4(16),5(24),6(16)
416	P20839_PF00571_107_166	7RFG_E	2.6	15	1	15	0(15)
417	P21359_PF13716_1602_1736	3PG7_B	2.189	11	1	11	0(11)
418	P21397_PF01593_23_460	2Z5Y_A	2.17	12	2	12	0(6),1(6)
419	P21549_PF00266_24_376	5HHY_A	1.7	16	2	16	0(13),1(3)
420	P21589_PF02872_338_513	7PBB_A	1.47	4	1	4	0(4)
421	P21675_PF00439_1389_1472	6FIC_T	2.18	1	1	1	0(1)
422	P21675_PF00439_1511_1595	5I29_A	1.21	21	1	21	0(21)
423	P21802_PF07714_481_757	2PVF_A	1.8	61	1	61	0(61)
424	P21860_PF07714_709_965	6OP9_A	2.501	11	1	11	0(11)
425	P21964_PF01596_67_228	3BWY_A	1.3	13	2	13	0(11),1(2)
426	P22087_PF01269_88_315	2IPX_A	1.82	1	1	1	0(1)
427	P22102_PF00551_808_988	4ZZ1_A	1.351	56	2	56	0(36),1(20)
428	P22102_PF01071_105_298	2QK4_B	2.45	2	1	2	0(2)
429	P22234_PF00731_267_409	6YB8_B	2.36	2	1	2	0(2)
430	P22303_PF00135_37_563	4M0E_B	2.0	94	1	94	0(94)
431	P22392_PF00334_5_139	3BBF_F	1.7	12	1	12	0(12)
432	P22455_PF07714_467_743	6JPE_A	1.601	28	2	28	0(25),1(3)
433	P22607_PF07714_472_748	6PNX_B	2.199	5	1	5	0(5)
434	P22680_PF00067_32_497	3V8D_B	1.9	4	1	4	0(4)
435	P22736_PF00104_394_579	4REF_A	2.1	6	2	6	0(5),1(1)
436	P22748_PF00194_37_285	5JNA_D	2.0	23	1	23	0(23)
437	P22830_PF00762_68_389	3HCN_A	1.6	79	2	79	0(41),1(38)
438	P22894_PF00413_107_262	1I76_A	1.2	23	2	23	0(18),1(5)
439	P23141_PF00135_22_547	2H7C_F	2.0	84	4	84	0(63),1(16),2(4),3(1)
440	P23258_PF00091_4_215	3CB2_A	2.303	5	1	5	0(5)
441	P23368_PF03949_280_535	1PJ3_D	2.1	46	1	46	0(46)
442	P23443_PF00069_91_352	3WF7_A	1.85	19	1	19	0(19)
443	P23458_PF07714_875_1149	6N7A_A	1.33	77	1	77	0(77)
444	P23467_PF00102_1727_1962	2I4G_A	1.65	7	1	7	0(7)
445	P23470_PF00102_874_1118	3QCG_A	2.05	12	1	12	0(12)
446	P23471_PF00102_1750_1991	5H08_A	2.53	1	1	1	0(1)
447	P23526_PF00670_191_352	1LI4_A	2.01	21	1	21	0(21)
448	P23526_PF05221_140_431	1LI4_A	2.01	32	2	32	0(21),1(11)
449	P23919_PF02223_11_191	1NN5_A	1.5	43	2	43	0(23),1(20)
450	P23921_PF03477_1_89	3HNE_B	3.11	8	1	8	0(8)
451	P23946_PF00089_22_240	1T31_A	1.9	12	1	12	0(12)
452	P24666_PF01451_9_154	7KH8_B	1.3	7	2	7	0(6),1(1)
453	P24723_PF00069_355_614	3TXO_A	2.05	1	1	1	0(1)
454	P24752_PF00108_42_299	2F2S_C	2.0	1	1	1	0(1)
455	P24821_PF00147_1980_2189	5R62_A	1.4	2	1	2	0(2)
456	P24941_PF00069_4_286	6Q4H_A	1.0	483	5	483	0(473),1(6),2(2),3(1),4(1)
457	P25098_PF00069_191_453	3V5W_A	2.07	17	1	17	0(17)
458	P25205_PF00493_280_505	6XTX_3	3.29	1	1	1	0(1)
459	P25311_PF00129_26_201	1T7V_A	1.95	6	1	6	0(6)
460	P25440_PF00439_353_441	6DDJ_A	1.05	59	1	59	0(59)
461	P25440_PF00439_83_168	6JKE_A	1.5	48	1	48	0(48)
462	P25774_PF00112_115_330	3OVX_A	1.49	54	2	54	0(53),1(1)
463	P26196_PF00271_320_429	6S8S_C	2.21	3	1	3	0(3)
464	P26358_PF00145_1139_1594	6X9I_A	2.2	5	1	5	0(5)
465	P26639_PF00587_397_608	4HWT_A	2.3	5	2	5	0(3),1(2)
466	P27037_PF00069_196_481	3SOC_A	1.95	3	1	3	0(3)
467	P27144_PF00406_10_190	2BBW_A	2.05	2	1	2	0(2)
468	P27338_PF01593_14_451	2XFN_A	1.6	197	2	197	0(96),1(101)
469	P27348_PF00244_9_229	6BQT_A	2.8	1	1	1	0(1)
470	P27361_PF00069_42_330	4QTB_B	1.4	6	2	6	0(2),1(4)
471	P27448_PF00069_56_307	7P1L_A	1.95	2	1	2	0(2)
472	P27487_PF00326_559_765	1N1M_A	2.5	2	1	2	0(2)
473	P27694_PF04057_5_104	4O0A_A	1.2	12	1	12	0(12)
474	P27707_PF01712_24_258	2NO7_A	1.7	208	2	208	0(98),1(110)
475	P27815_PF00233_432_672	2QYK_B	2.1	6	1	6	0(6)
476	P28062_PF00227_69_251	7AWE_L	2.288	3	1	3	0(3)
477	P28065_PF00227_17_198	7AWE_H	2.288	4	1	4	0(4)
478	P28072_PF00227_31_213	5LF4_b	1.99	9	1	9	0(9)
479	P28074_PF00227_56_238	5LF7_Y	2.0	8	1	8	0(8)
480	P28161_PF02798_3_82	2C4J_B	1.35	12	1	12	0(12)
481	P28347_PF17725_214_423	7CMM_A	3.5	4	1	4	0(4)
482	P28482_PF00069_25_313	6SLG_A	1.33	103	2	103	0(102),1(1)
483	P28702_PF00104_331_513	7A78_A	1.72	6	1	6	0(6)
484	P28845_PF00106_35_230	1XU9_A	1.55	250	2	250	0(131),1(119)
485	P28907_PF02267_56_296	2O3S_B	1.5	50	1	50	0(50)
486	P29016_PF16497_1_198	5WL1_A	1.38	25	2	25	0(23),1(2)
487	P29017_PF16497_1_199	6C09_A	2.95	5	4	5	0(2),1(1),2(1),3(1)
488	P29317_PF07714_613_871	5NKF_A	1.099	56	1	56	0(56)
489	P29320_PF07714_621_878	2QOC_A	1.25	16	1	16	0(16)
490	P29373_PF00061_5_138	2G7B_A	1.18	60	2	60	0(59),1(1)
491	P29375_PF02373_470_586	6BGY_A	1.22	32	1	32	0(32)
492	P29401_PF00456_14_283	6HA3_A	1.08	2	1	2	0(2)
493	P29474_PF02898_119_481	6NH8_B	1.8	57	1	57	0(57)
494	P29475_PF02898_355_717	6CID_B	1.75	86	2	86	0(85),1(1)
495	P29597_PF07714_589_866	4WOV_B	1.8	28	1	28	0(28)
496	P29597_PF07714_897_1169	3LXP_A	1.65	21	1	21	0(21)
497	P29973_PF00027_497_588	7LG1_B	2.7	27	1	27	0(27)
498	P29992_PF00503_16_348	7RKF_A	4.0	1	1	1	0(1)
499	P30043_PF13460_10_192	1HDO_A	1.15	47	2	47	0(30),1(17)
500	P30044_PF08534_57_211	4MMM_C	1.47	22	1	22	0(22)
501	P30046_PF01187_2_116	3KAN_B	1.13	4	1	4	0(4)
502	P30086_PF01161_25_169	2QYQ_A	1.948	1	1	1	0(1)
503	P30291_PF00069_299_569	1X8B_A	1.81	21	1	21	0(21)
504	P30405_PF00160_49_205	4J5E_X	0.99	36	3	36	0(34),1(1),2(1)
505	P30419_PF01233_137_294	5O6H_B	1.29	45	1	45	0(45)
506	P30519_PF01126_31_236	5UCA_D	2.117	5	1	5	0(5)
507	P30520_PF00709_32_453	2V40_A	1.9	1	1	1	0(1)
508	P30530_PF07714_536_803	5U6B_D	2.84	4	1	4	0(4)
509	P30711_PF13417_5_82	2C3Q_C	1.85	1	1	1	0(1)
510	P30793_PF01227_71_249	7ALQ_O	2.205	15	1	15	0(15)
511	P31327_PF02142_1373_1465	5DOU_A	2.6	4	1	4	0(4)
512	P31327_PF02786_1088_1291	5DOU_C	2.6	3	1	3	0(3)
513	P31327_PF02786_546_750	5DOU_A	2.6	4	1	4	0(4)
514	P31749_PF00069_150_408	4GV1_A	1.49	21	2	21	0(15),1(6)
515	P31751_PF00069_152_409	1O6L_A	1.6	15	1	15	0(15)
516	P31937_PF03446_41_200	2I9P_B	2.55	4	1	4	0(4)
517	P31939_PF02142_16_130	5UZ0_C	1.79	11	1	11	0(11)
518	P31947_PF00244_9_231	7AZ2_A	1.081	90	4	90	0(74),1(9),2(4),3(3)
519	P32298_PF00069_187_449	4YHJ_A	2.6	2	1	2	0(2)
520	P32320_PF00383_12_118	1MQ0_B	2.4	2	1	2	0(2)
521	P32455_PF02263_18_282	2B8W_B	2.22	3	1	3	0(3)
522	P32455_PF02841_284_580	6K1Z_A	2.307	1	1	1	0(1)
523	P32456_PF02263_18_280	6VKJ_A	2.105	1	1	1	0(1)
524	P32929_PF01053_19_395	5TSU_E	2.2	6	1	6	0(6)
525	P33176_PF00225_14_325	1BG2_A	1.8	5	1	5	0(5)
526	P33261_PF00067_30_487	4GQS_C	2.87	4	1	4	0(4)
527	P33981_PF00069_525_791	5AP1_A	2.05	67	2	67	0(65),1(2)
528	P33991_PF00493_445_670	6XTX_4	3.29	1	1	1	0(1)
529	P33993_PF00493_320_541	6XTX_7	3.29	1	1	1	0(1)
530	P34096_PF00074_31_146	2RNF_B	2.4	2	1	2	0(2)
531	P34897_PF00464_49_448	5V7I_A	2.47	2	1	2	0(2)
532	P34913_PF00561_259_531	5AM2_A	1.7	116	1	116	0(116)
533	P34913_PF00702_3_197	5ALU_A	1.87	2	2	2	0(1),1(1)
534	P34947_PF00069_186_448	4TND_A	1.802	2	1	2	0(2)
535	P35030_PF00089_81_296	5TP0_A	1.25	2	1	2	0(2)
536	P35228_PF00258_541_672	3HR4_C	2.5	4	1	4	0(4)
537	P35228_PF02898_135_497	3E7G_A	2.2	4	1	4	0(4)
538	P35270_PF00106_8_214	6I6V_A	1.43	71	3	71	0(44),1(25),2(2)
539	P35354_PF03098_198_560	5F19_A	2.04	26	2	26	0(14),1(12)
540	P35398_PF00104_308_494	1N83_A	1.63	4	1	4	0(4)
541	P35557_PF00349_15_215	3F9M_A	1.5	24	1	24	0(24)
542	P35557_PF03727_221_455	3FGU_A	2.15	2	1	2	0(2)
543	P35558_PF00821_260_618	1KHB_A	1.854	5	2	5	0(2),1(3)
544	P35914_PF00682_32_306	3MP5_B	2.25	2	1	2	0(2)
545	P35968_PF07714_834_1160	2XIR_A	1.5	22	1	22	0(22)
546	P36404_PF00025_3_176	3DOE_A	2.25	1	1	1	0(1)
547	P36507_PF00069_72_369	1S9I_A	3.2	4	2	4	0(2),1(2)
548	P36639_PF00293_45_168	4C9X_A	1.2	47	1	47	0(47)
549	P36776_PF05362_736_949	7KRZ_D	3.2	22	1	22	0(22)
550	P36873_PF00149_57_252	1IT6_B	2.0	2	1	2	0(2)
551	P36897_PF00069_205_492	5E8X_A	1.45	40	1	40	0(40)
552	P36959_PF00478_9_342	2BLE_A	1.9	5	1	5	0(5)
553	P37023_PF07714_202_489	3MY0_D	2.65	24	1	24	0(24)
554	P37173_PF07714_244_538	5QIN_A	1.57	5	1	5	0(5)
555	P37173_PF08917_49_159	4XJJ_A	1.4	2	1	2	0(2)
556	P37231_PF00104_300_486	3U9Q_A	1.522	347	1	347	0(347)
557	P37268_PF00494_47_320	3WEG_A	1.75	81	1	81	0(81)
558	P38117_PF01012_26_214	1EFV_B	2.1	4	1	4	0(4)
559	P38606_PF00006_230_455	6WLZ_C	2.9	4	1	4	0(4)
560	P39900_PF00413_108_263	3F17_A	1.1	80	1	80	0(80)
561	P40306_PF00227_36_217	7B12_i	2.43	2	1	2	0(2)
562	P40337_PF01847_63_144	4B9K_C	2.0	130	1	130	0(130)
563	P40394_PF00107_214_350	1D1T_B	2.4	12	1	12	0(12)
564	P40616_PF00025_5_177	1UPT_A	1.7	8	1	8	0(8)
565	P40692_PF13589_26_137	4P7A_A	2.3	1	1	1	0(1)
566	P40926_PF00056_25_168	2DFD_A	1.9	16	1	16	0(16)
567	P41180_PF00003_606_856	7M3G_A	2.5	8	1	8	0(8)
568	P41222_PF00061_40_184	3O22_A	1.4	12	1	12	0(12)
569	P41229_PF02373_501_617	5FWJ_B	2.1	2	1	2	0(2)
570	P41235_PF00104_172_361	6CHT_H	3.174	8	1	8	0(8)
571	P41240_PF07714_195_440	1BYG_A	2.4	2	1	2	0(2)
572	P41250_PF00587_291_592	4QEI_A	2.875	1	1	1	0(1)
573	P41279_PF00069_139_388	4Y85_A	2.33	8	1	8	0(8)
574	P41743_PF00069_254_522	5LI9_A	1.79	13	1	13	0(13)
575	P42126_PF00378_52_301	1SG4_B	1.3	1	1	1	0(1)
576	P42330_PF00248_18_301	1S1P_A	1.2	125	2	125	0(70),1(55)
577	P42574_PF00656_44_274	1NMS_B	1.7	6	1	6	0(6)
578	P42684_PF07714_288_539	3HMI_A	1.65	6	3	6	0(4),1(1),2(1)
579	P42768_PF00786_237_296	1T84_A	-1.0	1	1	1	0(1)
580	P42898_PF02219_48_337	6FCX_A	2.5	2	1	2	0(2)
581	P43166_PF00194_13_262	7P1A_A	1.58	8	1	8	0(8)
582	P43235_PF00112_115_328	4X6H_A	1.0	52	3	52	0(50),1(1),2(1)
583	P43246_PF00488_665_852	3THX_A	2.7	2	1	2	0(2)
584	P43250_PF00069_186_448	2ACX_B	2.6	6	1	6	0(6)
585	P43354_PF00104_393_579	5Y41_B	2.05	7	1	7	0(7)
586	P43403_PF07714_338_593	1U59_A	2.3	3	1	3	0(3)
587	P43405_PF07714_371_626	4YJR_A	1.32	86	2	86	0(85),1(1)
588	P43652_PF00273_222_394	5OKL_B	2.09	1	1	1	0(1)
589	P43652_PF00273_30_202	6FAK_A	1.9	1	1	1	0(1)
590	P45452_PF00413_112_267	5B5O_A	1.2	99	1	99	0(99)
591	P45974_PF02148_199_272	7MS6_A	1.55	6	1	6	0(6)
592	P45983_PF00069_26_321	4QTD_A	1.5	34	3	34	0(31),1(2),2(1)
593	P45984_PF00069_26_321	3E7O_A	2.14	4	2	4	0(2),1(2)
594	P45985_PF00069_102_367	3ALO_A	2.6	3	1	3	0(3)
595	P46597_PF00891_117_327	4A6D_A	2.4	3	2	3	0(2),1(1)
596	P46934_PF00632_1013_1318	5C91_A	2.44	1	1	1	0(1)
597	P48443_PF00104_255_443	7A79_A	2.05	2	1	2	0(2)
598	P48637_PF03917_12_472	2HGS_A	2.1	1	1	1	0(1)
599	P48728_PF01571_38_291	1WSV_B	2.6	2	1	2	0(2)
600	P48729_PF00069_17_260	6GZD_A	2.28	2	2	2	0(1),1(1)
601	P48730_PF00069_9_271	6RCG_A	1.4	65	1	65	0(65)
602	P48735_PF00180_45_441	5I95_A	1.54	14	2	14	0(13),1(1)
603	P49137_PF00069_64_325	6T8X_C	2.81	80	2	80	0(79),1(1)
604	P49327_PF00698_493_810	2JFK_A	2.4	1	1	1	0(1)
605	P49327_PF00975_2242_2501	3TJM_A	1.48	3	1	3	0(3)
606	P49336_PF00069_22_335	5XS2_A	2.04	29	1	29	0(29)
607	P49366_PF01916_44_354	6XXJ_B	1.41	18	3	18	0(12),1(4),2(2)
608	P49427_PF00179_12_166	3RZ3_A	2.3	12	1	12	0(12)
609	P49591_PF00587_248_444	4L87_A	2.897	5	1	5	0(5)
610	P49638_PF00650_97_247	1R5L_A	1.5	8	2	8	0(7),1(1)
611	P49674_PF00069_9_270	4HNI_A	2.74	2	1	2	0(2)
612	P49736_PF00493_460_683	6XTX_2	3.29	1	1	1	0(1)
613	P49759_PF00069_161_477	6FT8_A	1.45	56	2	56	0(55),1(1)
614	P49760_PF00069_163_479	6FYL_A	1.95	11	1	11	0(11)
615	P49761_PF00069_304_620	6FYR_A	1.42	24	1	24	0(24)
616	P49773_PF01230_24_121	6N3X_A	1.1	36	1	36	0(36)
617	P49789_PF01230_9_105	5FIT_A	2.3	3	2	3	0(2),1(1)
618	P49841_PF00069_56_340	1J1B_A	1.8	120	1	120	0(120)
619	P49862_PF00089_30_245	2QXI_A	1.0	24	1	24	0(24)
620	P49888_PF00685_37_287	1G3M_B	1.7	18	2	18	0(10),1(8)
621	P49916_PF01068_483_677	3L2P_A	3.0	1	1	1	0(1)
622	P49917_PF01068_248_451	3W1B_A	2.4	5	1	5	0(5)
623	P50053_PF00294_3_294	2HW1_A	2.1	35	1	35	0(35)
624	P50120_PF00061_6_134	4QYN_B	1.19	82	1	82	0(82)
625	P50135_PF13489_27_217	2AOT_B	1.9	16	3	16	0(7),1(8),2(1)
626	P50213_PF00180_33_358	5YVT_A	2.4	8	1	8	0(8)
627	P50225_PF00685_38_288	1LS6_A	1.9	26	3	26	0(17),1(8),2(1)
628	P50226_PF00685_38_288	1Z29_A	2.4	1	1	1	0(1)
629	P50579_PF00557_167_466	5D6E_A	1.49	34	1	34	0(34)
630	P50583_PF00293_12_137	1XSC_A	-1.0	1	1	1	0(1)
631	P50613_PF00069_12_295	7B5Q_J	2.5	7	1	7	0(7)
632	P50750_PF00069_19_315	3MY1_A	2.8	25	1	25	0(25)
633	P51148_PF00071_23_184	4KYI_F	3.075	4	1	4	0(4)
634	P51149_PF00071_10_175	1T91_C	1.9	13	1	13	0(13)
635	P51151_PF00071_9_174	1WMS_B	1.25	4	1	4	0(4)
636	P51157_PF00071_14_179	2HXS_A	1.1	2	1	2	0(2)
637	P51159_PF00071_11_183	6HUF_D	2.82	16	1	16	0(16)
638	P51161_PF14651_1_128	5L8I_B	1.88	8	3	8	0(2),1(5),2(1)
639	P51449_PF00104_309_488	7NPC_A	1.47	232	3	232	0(205),1(26),2(1)
640	P51452_PF00782_37_176	3F81_A	1.9	2	1	2	0(2)
641	P51512_PF00413_126_291	1RM8_A	1.8	1	1	1	0(1)
642	P51531_PF00439_1411_1493	6HAZ_A	1.31	5	1	5	0(5)
643	P51532_PF00439_1462_1551	6ZS2_A	1.57	4	1	4	0(4)
644	P51553_PF00180_56_381	6L59_B	2.254	5	1	5	0(5)
645	P51617_PF00069_212_517	6BFN_B	2.26	2	1	2	0(2)
646	P51659_PF00106_10_212	1ZBQ_F	2.19	6	1	6	0(6)
647	P51659_PF02036_628_731	1IKT_A	1.75	3	1	3	0(3)
648	P51812_PF00069_422_679	4D9T_A	2.4	5	1	5	0(5)
649	P51812_PF00069_68_327	4NW6_A	1.74	6	1	6	0(6)
650	P51813_PF07714_417_666	3SXS_A	1.89	5	1	5	0(5)
651	P51857_PF00248_20_304	3BUV_A	1.35	44	2	44	0(28),1(16)
652	P51955_PF00069_8_271	2W5A_A	1.55	28	1	28	0(28)
653	P52333_PF07714_822_1095	5LWM_A	1.55	82	2	82	0(16),1(66)
654	P52564_PF00069_53_314	3VN9_A	2.6	2	1	2	0(2)
655	P52565_PF02115_12_201	1HH4_D	2.7	2	1	2	0(2)
656	P52732_PF00225_24_359	6TLE_A	1.75	202	4	202	0(108),1(89),2(4),3(1)
657	P52788_PF01564_174_366	3C6K_C	1.95	8	1	8	0(8)
658	P52848_PF00685_604_869	1NST_A	2.3	1	1	1	0(1)
659	P52895_PF00248_18_301	4XO6_A	1.2	59	2	59	0(32),1(27)
660	P53041_PF00149_235_431	4ZX2_A	1.23	24	1	24	0(24)
661	P53350_PF00069_53_305	2RKU_A	1.95	12	1	12	0(12)
662	P53355_PF00069_13_275	2W4J_A	1.3	42	1	42	0(42)
663	P53396_PF00285_883_1086	6HXM_A	1.3	11	1	11	0(11)
664	P53396_PF16114_244_421	6O0H_A	3.67	4	1	4	0(4)
665	P53582_PF00557_137_365	2GZ5_A	1.1	25	1	25	0(25)
666	P53597_PF02629_53_146	6WCV_A	1.52	1	1	1	0(1)
667	P53634_PF00112_231_458	3PDF_A	1.85	1	1	1	0(1)
668	P53667_PF07714_339_604	3S95_B	1.65	12	2	12	0(4),1(8)
669	P53671_PF07714_331_601	7QHG_B	1.45	6	1	6	0(6)
670	P53778_PF00069_27_311	1CM8_A	2.4	2	1	2	0(2)
671	P53779_PF00069_64_359	7ORF_A	1.7	62	1	62	0(62)
672	P54278_PF13589_33_161	1EA6_B	2.7	3	1	3	0(3)
673	P54619_PF00571_269_324	6C9F_C	2.924	1	1	1	0(1)
674	P54646_PF00069_16_268	3AQV_A	2.08	12	1	12	0(12)
675	P54687_PF01063_93_343	2COI_A	1.9	8	1	8	0(8)
676	P54753_PF07714_633_892	5L6O_A	1.88	2	1	2	0(2)
677	P54760_PF07714_615_874	2VX1_A	1.65	21	1	21	0(21)
678	P54762_PF07714_619_878	5MJA_A	2.14	6	1	6	0(6)
679	P54829_PF00102_323_553	6H8R_A	1.66	4	3	4	0(2),1(1),2(1)
680	P55040_PF00071_77_241	2CJW_A	2.1	5	1	5	0(5)
681	P55042_PF00071_93_253	3Q72_A	1.655	10	1	10	0(10)
682	P55055_PF00104_256_444	6S5K_A	1.6	58	1	58	0(58)
683	P55072_PF00004_241_371	7R7T_D	4.5	1	1	1	0(1)
684	P55072_PF00004_514_647	7R7T_B	4.5	1	1	1	0(1)
685	P55157_PF19444_592_889	6I7S_G	2.5	2	2	2	0(1),1(1)
686	P55196_PF00595_1008_1090	2EXG_A	-1.0	1	1	1	0(1)
687	P55201_PF00439_637_720	5ETB_A	1.33	53	1	53	0(53)
688	P55201_PF00855_1086_1200	5C6S_A	1.3	1	1	1	0(1)
689	P55210_PF00656_67_300	5V6Z_B	2.6	4	2	4	0(2),1(2)
690	P55263_PF00294_42_360	1BX4_A	1.5	10	3	10	0(7),1(2),2(1)
691	P55899_PF00129_26_197	6NHA_A	2.381	2	1	2	0(2)
692	P56524_PF00850_675_992	5A2S_B	2.65	15	1	15	0(15)
693	P56545_PF00389_36_358	2OME_E	2.8	20	1	20	0(20)
694	P56545_PF02826_139_323	2OME_A	2.8	20	1	20	0(20)
695	P57729_PF00071_11_179	6S5H_A	2.0	5	1	5	0(5)
696	P57735_PF00071_14_175	3TSO_A	1.8	3	1	3	0(3)
697	P57772_PF00009_5_315	5IZL_A	2.72	5	1	5	0(5)
698	P60568_PF00715_7_150	1M48_B	1.95	4	2	4	0(3),1(1)
699	P60763_PF00071_5_178	2QME_A	1.75	15	1	15	0(15)
700	P60953_PF00071_5_178	2NGR_A	1.9	40	2	40	0(39),1(1)
701	P61006_PF00071_10_171	4LHW_B	1.55	41	1	41	0(41)
702	P61011_PF00448_101_296	6Y32_C	2.6	6	1	6	0(6)
703	P61018_PF00071_10_171	2O52_A	2.2	2	1	2	0(2)
704	P61019_PF00071_8_169	1Z0A_A	2.12	4	1	4	0(4)
705	P61020_PF00071_22_183	2HEI_A	1.55	2	1	2	0(2)
706	P61026_PF00071_11_172	5SZJ_A	2.66	3	1	3	0(3)
707	P61088_PF00179_7_144	4ONM_B	1.35	2	1	2	0(2)
708	P61106_PF00071_13_174	1Z0F_A	2.15	3	1	3	0(3)
709	P61204_PF00025_5_177	6II6_D	2.1	2	1	2	0(2)
710	P61224_PF00071_5_167	4HDO_B	1.67	21	1	21	0(21)
711	P61586_PF00071_7_180	6V6U_A	1.16	53	2	53	0(52),1(1)
712	P61587_PF00071_25_199	1M7B_A	2.0	3	1	3	0(3)
713	P61916_PF02221_21_147	5KWY_D	2.405	3	1	3	0(3)
714	P61981_PF00244_10_234	7A6Y_D	2.5	4	1	4	0(4)
715	P62070_PF00071_16_177	2ERY_B	1.7	2	1	2	0(2)
716	P62136_PF00149_57_252	3E7B_A	1.7	7	3	7	0(2),1(2),2(3)
717	P62166_PF13499_98_174	6QI4_C	1.78	1	1	1	0(1)
718	P62330_PF00025_1_173	1E0S_A	2.28	15	1	15	0(15)
719	P62491_PF00071_13_174	1OIX_A	1.7	66	1	66	0(66)
720	P62508_PF00104_255_441	6I65_A	1.5	37	1	37	0(37)
721	P62745_PF00071_7_180	6HXU_A	1.19	4	1	4	0(4)
722	P62820_PF00071_13_174	3SFV_A	1.73	17	1	17	0(17)
723	P62826_PF00071_12_170	3GJ0_A	1.48	133	1	133	0(133)
724	P62834_PF00071_5_167	4KVG_C	1.65	5	1	5	0(5)
725	P62937_PF00160_7_163	6GJL_A	1.16	19	1	19	0(19)
726	P62942_PF00254_13_105	1J4H_A	1.8	15	1	15	0(15)
727	P62993_PF00017_60_135	3IN8_A	1.7	8	1	8	0(8)
728	P63000_PF00071_5_178	1MH1_A	1.38	47	1	47	0(47)
729	P63092_PF00503_20_383	7BPH_A	1.57	6	1	6	0(6)
730	P63096_PF00503_13_343	6CRK_A	2.0	33	1	33	0(33)
731	P63104_PF00244_9_229	2O02_B	1.5	32	6	32	0(25),1(2),2(2),3(1),4(1),5(1)
732	P63279_PF00179_8_152	5F6V_A	1.492	5	1	5	0(5)
733	P63316_PF13499_94_158	1IH0_A	-1.0	1	1	1	0(1)
734	P63316_PF13833_32_84	2L1R_A	-1.0	2	1	2	0(2)
735	P68363_PF00091_3_214	6S8L_A	1.801	70	1	70	0(70)
736	P68400_PF00069_39_324	6YZH_A	1.19	285	8	285	0(80),1(167),2(28),3(3),4(3),5(2),6(1),7(1)
737	P68871_PF00042_26_142	6LCX_B	1.4	53	4	53	0(50),1(1),2(1),3(1)
738	P69905_PF00042_27_137	2DN1_A	1.25	63	3	63	0(52),1(10),2(1)
739	P78325_PF01421_200_400	4DD8_D	2.1	4	1	4	0(4)
740	P78362_PF00069_81_230	2X7G_A	2.5	5	1	5	0(5)
741	P78368_PF00069_46_299	2C47_A	2.4	4	1	4	0(4)
742	P78540_PF00491_24_324	4HZE_B	1.602	20	1	20	0(20)
743	P80188_PF00061_48_193	3DSZ_B	2.0	121	1	121	0(121)
744	P80192_PF00069_144_403	3DTC_A	2.6	1	1	1	0(1)
745	P82980_PF00061_6_134	6E5W_A	2.5	4	1	4	0(4)
746	P84077_PF00025_3_177	1HUR_B	2.0	29	2	29	0(28),1(1)
747	P84085_PF00025_5_177	2B6H_A	1.764	1	1	1	0(1)
748	P84095_PF00071_5_178	6UKA_A	2.4	1	1	1	0(1)
749	P98073_PF00089_785_1014	6ZOV_C	2.19	4	1	4	0(4)
750	P98170_PF00653_268_331	5C3K_A	2.02	24	1	24	0(24)
751	P99999_PF00034_4_103	2N3Y_A	-1.0	1	1	1	0(1)
752	Q00532_PF00069_5_288	4AGU_C	2.4	3	1	3	0(3)
753	Q00534_PF00069_13_300	1XO2_B	2.9	13	1	13	0(13)
754	Q00535_PF00069_4_286	4AU8_B	1.9	8	1	8	0(8)
755	Q00536_PF00069_165_446	5G6V_A	2.2	3	2	3	0(2),1(1)
756	Q00796_PF00107_183_313	1PL8_D	1.9	8	1	8	0(8)
757	Q00987_PF02201_26_101	5C5A_B	1.146	124	1	124	0(124)
758	Q01064_PF00233_222_450	5UOY_A	1.82	9	1	9	0(9)
759	Q01469_PF00061_8_134	5HZ5_A	1.4	10	1	10	0(10)
760	Q01813_PF00365_26_333	4XZ2_D	2.67	21	1	21	0(21)
761	Q01973_PF07714_473_746	6TU9_B	1.94	2	1	2	0(2)
762	Q02083_PF02275_126_312	6DXX_D	2.7	3	1	3	0(3)
763	Q02127_PF01180_77_377	4OQV_A	1.23	87	5	87	0(78),1(3),2(4),3(1),4(1)
764	Q02153_PF07700_2_166	7D9R_B	3.3	5	2	5	0(3),1(2)
765	Q02224_PF00225_12_329	1T5C_A	2.5	4	2	4	0(3),1(1)
766	Q02750_PF00069_68_361	7B9L_A	1.7	128	2	128	0(73),1(55)
767	Q02763_PF07714_824_1092	6MWE_B	2.05	8	1	8	0(8)
768	Q02790_PF00254_43_135	4LAY_A	1.7	1	1	1	0(1)
769	Q03111_PF03366_27_108	6HT0_A	1.8	10	2	10	0(9),1(1)
770	Q03181_PF00104_236_422	5U3Q_B	1.5	80	1	80	0(80)
771	Q04759_PF00069_380_634	5F9E_B	2.0	9	1	9	0(9)
772	Q04771_PF07714_208_495	6SRH_A	1.25	140	1	140	0(140)
773	Q04828_PF00248_18_301	1MRQ_A	1.59	16	2	16	0(8),1(8)
774	Q04912_PF07714_1082_1341	3PLS_A	2.24	1	1	1	0(1)
775	Q05193_PF00350_34_207	2X2F_A	2.0	8	1	8	0(8)
776	Q05397_PF07714_422_676	6YQ1_B	1.784	44	2	44	0(41),1(3)
777	Q05823_PF00069_368_524	4OAV_D	2.1	3	1	3	0(3)
778	Q06124_PF00102_273_520	2SHP_A	2.0	2	1	2	0(2)
779	Q06187_PF00169_4_133	6TSE_A	1.41	17	1	17	0(17)
780	Q06187_PF07714_402_651	5P9J_A	1.08	110	1	110	0(110)
781	Q06520_PF00685_34_278	1J99_A	1.99	16	2	16	0(8),1(8)
782	Q06609_PF08423_84_337	5NWL_G	3.93	14	1	14	0(14)
783	Q07075_PF01433_321_538	4KXB_A	2.4	1	1	1	0(1)
784	Q07343_PF00233_405_645	4KP6_A	1.5	64	1	64	0(64)
785	Q07869_PF00104_263_449	6LXA_A	1.23	92	1	92	0(92)
786	Q07912_PF07714_126_385	3EQR_B	2.0	15	1	15	0(15)
787	Q08345_PF07714_610_905	7BE6_A	1.87082	27	2	27	0(24),1(3)
788	Q08499_PF00233_461_701	1Y2K_A	1.36	260	1	260	0(260)
789	Q08881_PF07714_363_612	4HCU_A	1.43	51	2	51	0(45),1(6)
790	Q09013_PF00069_71_339	2VD5_B	2.8	2	1	2	0(2)
791	Q09472_PF00439_1058_1144	5BT3_A	1.05	11	1	11	0(11)
792	Q09472_PF08214_1306_1612	3BIY_A	1.7	17	2	17	0(16),1(1)
793	Q10471_PF00652_446_563	5AJO_A	1.48	2	1	2	0(2)
794	Q10588_PF02267_40_280	1ISJ_B	2.3	6	1	6	0(6)
795	Q12797_PF05118_591_745	7BMI_A	1.66	6	1	6	0(6)
796	Q12830_PF00439_2936_3019	5R4M_A	1.11	21	1	21	0(21)
797	Q12852_PF07714_126_364	5CEQ_A	1.911	5	1	5	0(5)
798	Q12866_PF07714_587_854	7AAZ_A	1.855	50	2	50	0(48),1(2)
799	Q12888_PF09038_1483_1604	6VIP_B	1.36	2	1	2	0(2)
800	Q12931_PF02518_108_260	7C7B_A	1.5	22	1	22	0(22)
801	Q13043_PF00069_30_281	6YAT_B	2.58	2	1	2	0(2)
802	Q13093_PF03403_48_416	3F97_A	1.7	35	2	35	0(34),1(1)
803	Q13126_PF01048_11_256	5TC6_A	1.48	22	1	22	0(22)
804	Q13131_PF00069_27_279	6C9H_A	2.65	7	2	7	0(6),1(1)
805	Q13133_PF00104_244_431	5HJS_B	1.72	11	1	11	0(11)
806	Q13153_PF00069_270_521	5DEW_A	1.9	37	2	37	0(9),1(28)
807	Q13164_PF00069_55_347	5BYZ_A	1.65	7	1	7	0(7)
808	Q13188_PF00069_27_278	5DH3_B	2.468	6	1	6	0(6)
809	Q13231_PF00704_23_363	5NRA_A	1.267	16	2	16	0(15),1(1)
810	Q13232_PF00334_22_156	1ZS6_D	2.3	3	1	3	0(3)
811	Q13237_PF00027_186_269	5C8W_F	1.8	8	1	8	0(8)
812	Q13237_PF00027_304_393	5JIX_A	1.47	4	1	4	0(4)
813	Q13257_PF02301_16_196	2VFX_F	1.95	2	1	2	0(2)
814	Q13285_PF00104_250_442	1ZDT_B	2.1	6	1	6	0(6)
815	Q13303_PF00248_51_355	1ZSX_A	1.9	9	1	9	0(9)
816	Q13363_PF00389_30_352	1MX3_A	1.95	11	2	11	0(9),1(2)
817	Q13363_PF02826_133_317	1MX3_A	1.95	9	1	9	0(9)
818	Q13370_PF00233_736_1007	1SO2_C	2.4	16	1	16	0(16)
819	Q13418_PF07714_193_446	3REP_A	1.8	2	1	2	0(2)
820	Q13451_PF00254_43_135	7AOT_A	0.85	35	1	35	0(35)
821	Q13464_PF00069_76_338	3V8S_B	2.286	43	1	43	0(43)
822	Q13467_PF01392_33_140	5URY_A	2.098	1	1	1	0(1)
823	Q13490_PF00653_272_337	4HY4_A	1.249	5	1	5	0(5)
824	Q13509_PF00091_3_212	6S8L_B	1.801	62	1	62	0(62)
825	Q13510_PF02275_143_388	6MHM_D	2.743	2	1	2	0(2)
826	Q13523_PF00069_687_1003	4IIR_B	2.0	12	2	12	0(11),1(1)
827	Q13526_PF00639_59_163	3I6C_A	1.3	35	1	35	0(35)
828	Q13546_PF07714_18_285	4ITJ_B	1.8	36	1	36	0(36)
829	Q13554_PF00069_14_272	3BHH_B	2.4	2	1	2	0(2)
830	Q13555_PF00069_14_272	2V7O_A	2.25	1	1	1	0(1)
831	Q13557_PF00069_14_272	2WEL_A	1.9	7	1	7	0(7)
832	Q13572_PF05770_119_318	2Q7D_B	1.6	4	1	4	0(4)
833	Q13614_PF06602_192_529	1ZSQ_A	1.82	2	1	2	0(2)
834	Q13627_PF00069_159_479	6S1H_A	1.05	167	2	167	0(166),1(1)
835	Q13636_PF00071_7_168	2FG5_A	2.801	1	1	1	0(1)
836	Q13637_PF00071_27_194	6FF8_B	2.13	10	1	10	0(10)
837	Q13873_PF00069_203_501	6UNP_B	2.3	4	1	4	0(4)
838	Q13882_PF07714_191_441	6CZ4_A	1.5	7	2	7	0(6),1(1)
839	Q13946_PF00233_211_443	1ZKL_A	1.67	4	1	4	0(4)
840	Q13976_PF00027_121_204	3OCP_A	2.49	9	1	9	0(9)
841	Q13976_PF00027_239_326	5L0N_A	1.285	10	1	10	0(10)
842	Q13976_PF00069_360_619	6BG2_B	1.83	5	1	5	0(5)
843	Q14004_PF00069_705_998	5EFQ_C	2.0	3	2	3	0(2),1(1)
844	Q14012_PF00069_20_276	4FG8_A	2.2	5	1	5	0(5)
845	Q14028_PF00027_980_1069	7RHJ_B	2.88	5	1	5	0(5)
846	Q14141_PF00735_39_312	7M6J_E	3.6	3	1	3	0(3)
847	Q14145_PF00651_67_179	5DAD_A	2.61	1	1	1	0(1)
848	Q14149_PF13589_26_164	6O1E_A	2.41	1	1	1	0(1)
849	Q14204_PF12774_1868_2231	5NUG_A	3.8	2	1	2	0(2)
850	Q14204_PF12780_2907_3186	5NUG_B	3.8	2	1	2	0(2)
851	Q14289_PF07714_425_679	3FZT_A	1.95	10	2	10	0(4),1(6)
852	Q14332_PF01392_39_145	6C0B_B	2.5	1	1	1	0(1)
853	Q14376_PF16363_6_333	1I3M_A	1.5	25	2	25	0(13),1(12)
854	Q14416_PF00003_561_813	7MTS_A	3.2	3	1	3	0(3)
855	Q14432_PF00233_751_1020	7L29_A	2.08	12	1	12	0(12)
856	Q14541_PF00104_124_312	1LV2_A	2.7	1	1	1	0(1)
857	Q14565_PF08423_83_338	7C9C_A	3.33	6	1	6	0(6)
858	Q14680_PF00069_11_263	5K00_A	1.77	47	1	47	0(47)
859	Q14807_PF00225_49_368	6NJE_A	2.2	1	1	1	0(1)
860	Q14914_PF00107_153_293	2Y05_B	2.2	4	1	4	0(4)
861	Q14994_PF00104_157_338	1XVP_D	2.6	1	1	1	0(1)
862	Q14995_PF00104_397_578	4N73_A	1.8662	1	1	1	0(1)
863	Q15019_PF00735_34_313	6UPQ_A	1.86	6	1	6	0(6)
864	Q15029_PF00009_127_440	6ID1_C	2.86	10	1	10	0(10)
865	Q15046_PF00152_222_574	6ILD_B	1.882	27	1	27	0(27)
866	Q15047_PF18358_348_397	5KE2_A	1.56	2	1	2	0(2)
867	Q15059_PF00439_315_403	3S92_A	1.36	7	1	7	0(7)
868	Q15059_PF00439_42_128	6QJU_A	1.202	2	1	2	0(2)
869	Q15109_PF00047_21_112	6XQ1_B	1.51	18	3	18	0(14),1(2),2(2)
870	Q15119_PF02518_240_364	5J71_A	1.65	24	1	24	0(24)
871	Q15120_PF02518_236_362	1Y8O_A	2.48	3	1	3	0(3)
872	Q15208_PF00069_89_382	6BXI_B	2.2	2	1	2	0(2)
873	Q15274_PF01729_114_284	4KWW_E	2.55	27	1	27	0(27)
874	Q15286_PF00071_10_170	6IF3_B	1.5	4	1	4	0(4)
875	Q15303_PF07714_718_974	2R4B_A	2.4	4	1	4	0(4)
876	Q15375_PF07714_633_890	3DKO_A	2.0	1	1	1	0(1)
877	Q15382_PF00071_8_169	6BSX_C	1.65	29	2	29	0(25),1(4)
878	Q15418_PF00069_62_321	2Z7Q_A	2.0	3	1	3	0(3)
879	Q15562_PF17725_226_444	6UYB_A	1.543	19	2	19	0(17),1(2)
880	Q15652_PF02373_2381_2481	2YPD_B	2.1	2	1	2	0(2)
881	Q15661_PF00089_31_267	2ZEC_A	2.059	16	1	16	0(16)
882	Q15759_PF00069_24_308	3GP0_A	1.9	5	2	5	0(4),1(1)
883	Q15771_PF00071_11_172	2EW1_A	2.0	1	1	1	0(1)
884	Q15811_PF14604_747_802	6H5T_A	1.689	1	1	1	0(1)
885	Q15831_PF00069_49_309	2WTK_C	2.65	2	1	2	0(2)
886	Q15907_PF00071_13_174	2F9L_A	1.55	4	1	4	0(4)
887	Q16181_PF00735_47_323	6UQQ_A	2.75	11	1	11	0(11)
888	Q16288_PF07714_538_824	6KZD_A	1.708	6	1	6	0(6)
889	Q16512_PF00069_615_874	4OTG_A	2.6	3	1	3	0(3)
890	Q16513_PF00069_657_916	4CRS_A	2.75	1	1	1	0(1)
891	Q16539_PF00069_24_308	5WJJ_A	1.6	265	2	265	0(220),1(45)
892	Q16555_PF01979_64_453	5LXX_B	1.25	2	1	2	0(2)
893	Q16566_PF00069_46_300	2W4O_A	2.17	1	1	1	0(1)
894	Q16620_PF07714_538_807	4AT5_A	1.71	3	1	3	0(3)
895	Q16644_PF00069_44_304	3FHR_A	1.9	5	1	5	0(5)
896	Q16651_PF00089_45_281	3DFL_A	2.0	5	1	5	0(5)
897	Q16654_PF02518_243_368	2E0A_A	1.86	14	1	14	0(14)
898	Q16658_PF06268_20_134	6I16_A	2.0	1	1	1	0(1)
899	Q16659_PF00069_20_316	6YLC_D	2.43	9	1	9	0(9)
900	Q16678_PF00067_51_520	3PM0_A	2.7	2	1	2	0(2)
901	Q16696_PF00067_34_491	4EJI_A	2.1	30	2	30	0(29),1(1)
902	Q16698_PF13561_65_304	1W6U_C	1.75	12	1	12	0(12)
903	Q16773_PF00155_28_415	4WLJ_A	1.54	5	1	5	0(5)
904	Q16790_PF00194_136_390	5FL4_D	1.82	56	1	56	0(56)
905	Q16820_PF01400_69_257	7AQ1_A	2.413	2	1	2	0(2)
906	Q16831_PF01048_54_304	3EUF_B	1.9	4	1	4	0(4)
907	Q16832_PF07714_563_849	6FER_H	2.87	12	1	12	0(12)
908	Q16836_PF02737_29_214	1F0Y_B	1.8	18	1	18	0(18)
909	Q16850_PF00067_61_496	6UEZ_B	1.98	34	2	34	0(22),1(12)
910	Q16854_PF01712_41_275	2OCP_E	2.8	8	1	8	0(8)
911	Q16875_PF01591_24_246	6HVI_A	1.96	27	3	27	0(25),1(1),2(1)
912	Q16881_PF07992_163_500	3QFA_B	2.2	38	2	38	0(28),1(10)
913	Q2M1P5_PF00225_21_349	6MLR_C	4.2	3	1	3	0(3)
914	Q2M2I8_PF00069_46_312	5TE0_A	1.9	5	1	5	0(5)
915	Q460N3_PF01661_322_424	3V2B_A	2.2	1	1	1	0(1)
916	Q460N5_PF01661_1032_1148	5O2D_A	1.6	4	2	4	0(3),1(1)
917	Q460N5_PF01661_1245_1347	4ABK_A	1.6	1	1	1	0(1)
918	Q460N5_PF01661_820_937	4D86_A	2.0	2	1	2	0(2)
919	Q49A26_PF03446_269_430	2UYY_D	2.5	2	1	2	0(2)
920	Q58F21_PF00439_276_364	7L99_C	1.9	10	1	10	0(10)
921	Q58F21_PF00439_35_121	4KCX_B	2.0	4	1	4	0(4)
922	Q59H18_PF07714_463_719	4YFI_D	2.7	14	1	14	0(14)
923	Q5FWF5_PF13880_763_831	4MXE_A	2.6	3	1	3	0(3)
924	Q5S007_PF00069_1881_2132	7LI4_A	3.1	5	1	5	0(5)
925	Q5S007_PF08477_1336_1455	7LI4_A	3.1	5	1	5	0(5)
926	Q5TA50_PF08718_27_177	4K84_A	1.897	20	1	20	0(20)
927	Q5TCX8_PF07714_124_398	4UYA_A	2.8	1	1	1	0(1)
928	Q5TCY1_PF00069_34_305	4NFN_A	1.42	9	1	9	0(9)
929	Q5VTE6_PF03372_170_533	6RVZ_A	2.1	1	1	1	0(1)
930	Q5VWZ2_PF02230_9_229	5KRE_A	2.0	1	1	1	0(1)
931	Q6B0I6_PF02373_179_295	6H10_A	1.104	27	2	27	0(23),1(4)
932	Q6DD88_PF02263_36_310	5VGR_A	2.096	4	1	4	0(4)
933	Q6IA69_PF02540_337_651	6OFB_B	2.84	2	1	2	0(2)
934	Q6IMI6_PF00685_46_297	2REO_A	2.651	3	1	3	0(3)
935	Q6IQ22_PF00071_44_206	2IL1_A	2.1	1	1	1	0(1)
936	Q6IQ55_PF00069_21_272	6VRF_A	1.5	4	1	4	0(4)
937	Q6L8Q7_PF03372_298_599	4Z2B_A	1.8	1	1	1	0(1)
938	Q6NVY1_PF16113_46_376	3BPT_A	1.5	1	1	1	0(1)
939	Q6NYC1_PF02373_174_288	6MEV_A	2.6	2	1	2	0(2)
940	Q6P179_PF01433_298_541	7PFS_A	2.7	9	2	9	0(8),1(1)
941	Q6P6C2_PF13532_92_293	4NRQ_A	2.5	1	1	1	0(1)
942	Q6PHR2_PF00069_14_270	6FDY_U	1.7	2	1	2	0(2)
943	Q6PHW0_PF00881_97_267	5YAK_E	2.3	12	1	12	0(12)
944	Q6PL18_PF00439_993_1074	5R4V_A	1.29	58	1	58	0(58)
945	Q6UWP2_PF00106_12_214	1XG5_B	1.53	4	1	4	0(4)
946	Q6UWY2_PF00089_34_258	4Q7Z_A	1.4	3	1	3	0(3)
947	Q6V1X1_PF00326_683_891	7OR4_B	2.44	21	2	21	0(18),1(3)
948	Q6VAB6_PF07714_666_928	7JUR_B	2.82	8	1	8	0(8)
949	Q6VVX0_PF00067_40_498	3CZH_B	2.3	6	1	6	0(6)
950	Q6YN16_PF00106_11_209	3KVO_A	2.25	2	1	2	0(2)
951	Q712K3_PF00179_12_169	6NYO_A	1.502	1	1	1	0(1)
952	Q71U36_PF00091_3_214	6WSL_A	3.1	8	1	8	0(8)
953	Q7KZF4_PF00565_220_328	7KNW_A	2.65	8	1	8	0(8)
954	Q7KZI7_PF00069_53_304	5EAK_A	2.8	6	1	6	0(6)
955	Q7L0Q8_PF00071_51_223	2Q3H_A	1.73	1	1	1	0(1)
956	Q7L1T6_PF00175_395_503	6MV2_A	2.05	2	1	2	0(2)
957	Q7L523_PF04670_9_235	6S6D_A	2.5	13	1	13	0(13)
958	Q7L8A9_PF14822_58_302	6J7B_A	1.618	4	1	4	0(4)
959	Q7LBC6_PF02373_1594_1704	5RB5_A	1.51	6	2	6	0(5),1(1)
960	Q7RTN6_PF00069_69_379	3GNI_B	2.35	3	1	3	0(3)
961	Q7Z4W1_PF13561_14_242	3D3W_B	1.87	8	1	8	0(8)
962	Q86TI2_PF00326_658_863	6X6C_A	2.9	4	1	4	0(4)
963	Q86TM3_PF00270_246_417	3IUY_B	2.4	2	1	2	0(2)
964	Q86U86_PF00439_186_275	6ZNV_A	1.14	3	1	3	0(3)
965	Q86U86_PF00439_667_751	5FH7_B	1.47	39	1	39	0(39)
966	Q86UE8_PF00069_462_741	5O0Y_A	2.86	1	1	1	0(1)
967	Q86UW9_PF18102_480_614	6Y3J_A	2.6	1	1	1	0(1)
968	Q86V25_PF14822_47_291	6J4P_A	1.599	5	1	5	0(5)
969	Q86VU5_PF01596_59_262	2AVD_A	1.7	2	1	2	0(2)
970	Q86WA6_PF00561_61_195	2OCI_A	1.9	1	1	1	0(1)
971	Q86WJ1_PF00176_49_328	7EPU_B	3.5	1	1	1	0(1)
972	Q86Y01_PF18102_479_613	6Y5P_B	1.74	2	1	2	0(2)
973	Q86Y07_PF00069_29_311	5UU1_A	2.0	3	1	3	0(3)
974	Q86YS6_PF00071_20_182	2HUP_A	2.05	2	1	2	0(2)
975	Q86YV6_PF00069_106_361	2X4F_B	2.67	2	1	2	0(2)
976	Q8IU60_PF00293_95_221	5QOQ_A	1.49	26	2	26	0(24),1(2)
977	Q8IU85_PF00069_23_279	6T6F_B	1.97	2	1	2	0(2)
978	Q8IUN9_PF00059_198_306	6PY1_A	1.701	3	1	3	0(3)
979	Q8IVH4_PF03308_101_384	2WWW_D	2.64	4	1	4	0(4)
980	Q8IVH8_PF00069_16_273	5J5T_A	2.85	1	1	1	0(1)
981	Q8IVS2_PF00698_64_346	2C2N_A	1.55	1	1	1	0(1)
982	Q8IVT5_PF07714_613_877	7JUW_B	2.88	6	1	6	0(6)
983	Q8IVW4_PF00069_4_286	3ZDU_A	2.2	1	1	1	0(1)
984	Q8IWA4_PF00350_78_238	5GOM_A	2.802	8	1	8	0(8)
985	Q8IXI2_PF00071_6_168	6D71_B	1.71808	1	1	1	0(1)
986	Q8IYK8_PF00071_116_279	3CBQ_A	1.82	1	1	1	0(1)
987	Q8IYM1_PF00735_46_323	6MQ9_A	1.86	10	1	10	0(10)
988	Q8IYT8_PF00069_9_271	6QAV_C	2.05	15	1	15	0(15)
989	Q8IZ41_PF00071_543_710	2P5S_B	2.15	2	1	2	0(2)
990	Q8IZT8_PF00685_90_339	3BD9_A	2.3	1	1	1	0(1)
991	Q8IZX4_PF00439_1530_1614	5IGL_A	2.1	1	1	1	0(1)
992	Q8N1Q1_PF00194_12_261	5OGJ_B	1.06	26	1	26	0(26)
993	Q8N371_PF13621_192_416	6I9L_A	1.53	4	2	4	0(3),1(1)
994	Q8N423_PF13895_28_118	6BCS_A	2.1	1	1	1	0(1)
995	Q8N465_PF01565_100_239	6LPN_A	2.206	5	1	5	0(5)
996	Q8N4Q0_PF00107_184_322	2C0C_A	1.45	8	1	8	0(8)
997	Q8N4T8_PF13561_8_234	4CQM_B	2.339	8	1	8	0(8)
998	Q8N543_PF13661_141_238	4NHY_A	2.603	4	1	4	0(4)
999	Q8N5S9_PF00069_128_409	6CCF_B	2.1	6	1	6	0(6)
1000	Q8N5Z0_PF00155_43_417	5TF5_B	1.807	12	2	12	0(11),1(1)
1001	Q8N6N7_PF00887_4_79	3EPY_A	2.005	2	1	2	0(2)
1002	Q8N6R0_PF01564_472_628	5WCJ_A	1.7	1	1	1	0(1)
1003	Q8N8N7_PF00107_166_305	2ZB4_A	1.63	7	1	7	0(7)
1004	Q8NB16_PF07714_209_466	7MON_A	2.23	5	1	5	0(5)
1005	Q8NB78_PF01593_392_820	4HSU_A	1.988	17	1	17	0(17)
1006	Q8NBP7_PF00082_177_437	6U3X_B	2.64	1	1	1	0(1)
1007	Q8NBZ7_PF16363_92_387	2B69_A	1.21	19	3	19	0(13),1(4),2(2)
1008	Q8NC06_PF00887_13_92	2WH5_E	2.6	7	2	7	0(6),1(1)
1009	Q8NCM8_PF12774_1651_1986	4RH7_A	3.41	1	1	1	0(1)
1010	Q8NCM8_PF12775_2262_2433	4RH7_A	3.41	1	1	1	0(1)
1011	Q8NCM8_PF12780_2625_2882	4RH7_A	3.41	1	1	1	0(1)
1012	Q8NHV1_PF04548_9_221	3ZJC_A	3.15	6	1	6	0(6)
1013	Q8NI60_PF03109_299_541	5I35_A	2.3	1	1	1	0(1)
1014	Q8NI77_PF00225_17_355	3LRE_B	2.2	4	2	4	0(3),1(1)
1015	Q8TAI7_PF00071_8_169	3OES_A	2.301	1	1	1	0(1)
1016	Q8TBC4_PF00899_56_366	1R4N_B	3.6	3	1	3	0(3)
1017	Q8TBG4_PF00202_26_433	6TOR_B	2.05	2	1	2	0(2)
1018	Q8TCB7_PF08242_84_183	7EZG_A	1.9	3	1	3	0(3)
1019	Q8TDQ0_PF07686_21_130	7M3Y_B	1.69	2	2	2	0(1),1(1)
1020	Q8TDX5_PF04909_3_330	4IH3_D	2.493	5	1	5	0(5)
1021	Q8TDX7_PF00069_34_292	2WQN_A	2.3	3	2	3	0(2),1(1)
1022	Q8TE76_PF13589_48_182	7K7T_B	2.94	2	1	2	0(2)
1023	Q8TEK3_PF08123_115_317	6TE6_A	1.98	58	2	58	0(57),1(1)
1024	Q8WU08_PF00069_23_281	4FR4_F	2.29	6	1	6	0(6)
1025	Q8WUD1_PF00071_8_169	2A5J_A	1.501	1	1	1	0(1)
1026	Q8WUI4_PF00850_541_859	3C10_A	2.0	10	1	10	0(10)
1027	Q8WVM0_PF00398_26_303	6AAX_A	2.994	2	1	2	0(2)
1028	Q8WWP7_PF04548_28_238	3V70_A	2.206	2	1	2	0(2)
1029	Q8WWQ0_PF00439_1325_1409	5S9G_A	1.091	86	1	86	0(86)
1030	Q8WXF7_PF02263_43_314	6B9F_B	1.9	35	1	35	0(35)
1031	Q92506_PF13561_18_260	2PD6_B	2.0	20	1	20	0(20)
1032	Q92599_PF00735_41_314	6UPR_B	2.299	1	1	1	0(1)
1033	Q92630_PF00069_222_535	5LXC_A	2.15	24	1	24	0(24)
1034	Q92730_PF00071_15_188	3Q3J_B	1.971	5	1	5	0(5)
1035	Q92731_PF00104_283_482	3OLL_A	1.5	64	1	64	0(64)
1036	Q92769_PF00850_29_320	7KBG_A	1.26	55	2	55	0(54),1(1)
1037	Q92772_PF00069_4_287	4AAA_A	1.53	3	1	3	0(3)
1038	Q92793_PF00439_1094_1180	5I86_A	1.05	112	1	112	0(112)
1039	Q92830_PF00439_737_820	6J3P_A	1.598	4	1	4	0(4)
1040	Q92831_PF00439_732_815	5FE6_A	1.77	25	1	25	0(25)
1041	Q92835_PF03372_409_701	5RW2_A	1.22	23	5	23	0(16),1(3),2(2),3(1),4(1)
1042	Q92876_PF00089_22_237	1LO6_A	1.56	30	1	30	0(30)
1043	Q92918_PF00069_17_274	7R9N_A	1.5	38	1	38	0(38)
1044	Q92963_PF00071_23_184	4KLZ_A	2.3	1	1	1	0(1)
1045	Q92997_PF00595_249_334	6ZC7_B	1.48	13	1	13	0(13)
1046	Q93091_PF00074_29_147	6MV7_A	2.59	1	1	1	0(1)
1047	Q95460_PF00129_23_198	6PUD_A	1.8	98	2	98	0(94),1(4)
1048	Q969G6_PF01687_2_130	1NB9_A	1.7	7	2	7	0(4),1(3)
1049	Q969R5_PF02820_540_608	3F70_A	2.1	2	1	2	0(2)
1050	Q96A58_PF00071_8_169	2ATV_A	1.9	1	1	1	0(1)
1051	Q96AT9_PF00834_6_201	3OVP_B	1.695	11	2	11	0(5),1(6)
1052	Q96BM9_PF00025_8_181	2H18_A	1.902	3	1	3	0(3)
1053	Q96C45_PF00069_4_280	6U5L_A	1.75	2	1	2	0(2)
1054	Q96CA5_PF00653_90_155	2I3I_A	2.3	1	1	1	0(1)
1055	Q96DA2_PF00071_10_173	6S5F_A	1.7	1	1	1	0(1)
1056	Q96E17_PF00071_32_193	6Y7G_B	2.3	2	1	2	0(2)
1057	Q96EP1_PF10283_632_661	2XOZ_B	2.374	1	1	1	0(1)
1058	Q96F15_PF04548_28_239	6Z3E_A	2.80039	1	1	1	0(1)
1059	Q96GD4_PF00069_77_327	4AF3_A	2.75	1	1	1	0(1)
1060	Q96GX5_PF00069_35_202	5LOH_B	3.1	1	1	1	0(1)
1061	Q96HN2_PF00670_370_531	3GVP_A	2.25	4	1	4	0(4)
1062	Q96HN2_PF05221_319_610	3GVP_B	2.25	4	1	4	0(4)
1063	Q96HU8_PF00071_9_171	2ERX_B	1.65	2	1	2	0(2)
1064	Q96I15_PF00266_32_430	3GZD_A	1.8	6	1	6	0(6)
1065	Q96IY4_PF00246_129_411	4P10_A	2.0	6	1	6	0(6)
1066	Q96JA3_PF08718_330_472	5KDI_B	1.45	2	1	2	0(2)
1067	Q96KC2_PF00025_1_176	1YZG_A	2.0	1	1	1	0(1)
1068	Q96KS0_PF13640_282_375	5V1B_A	2.49	1	1	1	0(1)
1069	Q96L34_PF00069_59_310	5ES1_A	2.8	1	1	1	0(1)
1070	Q96LA8_PF13649_86_182	4QQK_A	1.88	27	1	27	0(27)
1071	Q96LI5_PF03372_192_529	5DV4_A	1.8	4	1	4	0(4)
1072	Q96MU7_PF04146_355_432	6T02_A	1.1	87	1	87	0(87)
1073	Q96NX5_PF00069_23_277	2JAM_B	1.7	2	1	2	0(2)
1074	Q96PN6_PF00211_285_464	4OYO_A	1.75	4	1	4	0(4)
1075	Q96PN6_PF00211_37_218	4OZ3_A	1.7	10	1	10	0(10)
1076	Q96PP8_PF02263_18_280	7E5A_A	2.5	4	1	4	0(4)
1077	Q96PY6_PF00069_4_258	4B9D_B	1.9	2	1	2	0(2)
1078	Q96R05_PF00061_6_134	6E6K_A	1.3	1	1	1	0(1)
1079	Q96RG2_PF00069_999_1251	3DLS_F	2.3	6	1	6	0(6)
1080	Q96RI1_PF00104_289_471	6HL1_A	1.599	128	1	128	0(128)
1081	Q96RR4_PF00069_165_446	5UYJ_A	1.6	18	1	18	0(18)
1082	Q96SB4_PF00069_80_231	5MY8_A	1.7	6	1	6	0(6)
1083	Q96SW2_PF03226_319_437	5FQD_E	2.45	15	1	15	0(15)
1084	Q96T66_PF01467_10_208	1NUU_A	1.9	12	3	12	0(4),1(4),2(4)
1085	Q96T88_PF12148_132_284	6VYJ_A	1.39	7	2	7	0(5),1(2)
1086	Q99259_PF00282_144_518	3VP6_B	2.1	3	1	3	0(3)
1087	Q99418_PF01369_61_243	4JXH_A	1.47	4	1	4	0(4)
1088	Q99436_PF00227_40_221	5LF1_H	2.0	11	1	11	0(11)
1089	Q99447_PF01467_217_333	3ELB_A	2.0	2	1	2	0(2)
1090	Q99447_PF01467_26_152	4XSV_A	2.7	1	1	1	0(1)
1091	Q99489_PF01266_5_324	6RKF_E	3.219	6	1	6	0(6)
1092	Q99496_PF16207_246_330	3IXS_C	1.7	1	1	1	0(1)
1093	Q99497_PF01965_4_171	6AFC_A	1.45	12	2	12	0(3),1(9)
1094	Q99536_PF13602_232_385	6LHR_A	2.62	3	1	3	0(3)
1095	Q99558_PF00069_401_649	4IDT_B	2.4	10	1	10	0(10)
1096	Q99594_PF17725_223_432	7CNL_D	2.6	4	1	4	0(4)
1097	Q99640_PF00069_110_359	5VCZ_A	1.5	9	1	9	0(9)
1098	Q99661_PF00225_264_588	5MIO_C	3.19	4	1	4	0(4)
1099	Q99683_PF00069_682_938	6E2N_A	2.098	49	1	49	0(49)
1100	Q99707_PF00809_375_613	4CCZ_A	2.7	1	1	1	0(1)
1101	Q99714_PF00106_11_213	2O23_B	1.2	10	1	10	0(10)
1102	Q99814_PF08447_254_341	3H82_A	1.5	17	1	17	0(17)
1103	Q99873_PF13649_92_189	6NT2_A	2.48	4	1	4	0(4)
1104	Q99986_PF00069_37_324	6BU6_A	1.8	48	1	48	0(48)
1105	Q9BPX1_PF13561_14_250	6H0M_A	1.25	49	2	49	0(29),1(20)
1106	Q9BQ69_PF01661_170_283	6LH4_D	1.999	4	1	4	0(4)
1107	Q9BTZ2_PF13561_38_275	3O4R_B	1.7	4	1	4	0(4)
1108	Q9BUB5_PF00069_50_172	5WVD_B	3.0	2	1	2	0(2)
1109	Q9BUP3_PF13460_25_214	2BKA_A	1.7	1	1	1	0(1)
1110	Q9BUT1_PF13561_13_244	2AG5_D	1.84	4	1	4	0(4)
1111	Q9BV23_PF00561_72_313	7OTS_B	1.792	2	1	2	0(2)
1112	Q9BVA1_PF00091_3_212	6E7C_B	3.65	1	1	1	0(1)
1113	Q9BVG8_PF00225_451_768	5WDE_A	1.85	1	1	1	0(1)
1114	Q9BWT3_PF04928_20_363	4LT6_B	2.79	2	1	2	0(2)
1115	Q9BX68_PF01230_61_158	5KM9_B	1.45	4	1	4	0(4)
1116	Q9BXF3_PF00439_443_526	5V84_C	2.7	4	1	4	0(4)
1117	Q9BY32_PF01725_10_188	2J4E_E	2.8	8	1	8	0(8)
1118	Q9BY41_PF00850_31_322	7JVU_B	1.50048	48	1	48	0(48)
1119	Q9BY76_PF00147_184_400	6U1U_A	1.75	1	1	1	0(1)
1120	Q9BYP7_PF00069_147_405	5O26_B	2.379	4	1	4	0(4)
1121	Q9BZ11_PF01421_210_409	1R55_A	1.58	1	1	1	0(1)
1122	Q9BZ95_PF00855_271_380	6G25_A	1.432	9	2	9	0(8),1(1)
1123	Q9BZP6_PF00704_23_365	3FY1_A	1.7	22	1	22	0(22)
1124	Q9BZX2_PF00485_22_217	1UJ2_A	1.8	24	2	24	0(20),1(4)
1125	Q9C0B1_PF12933_36_325	4IE5_A	1.95	20	1	20	0(20)
1126	Q9GZT9_PF13640_298_391	4BQY_A	1.53	53	1	53	0(53)
1127	Q9GZZ9_PF00899_53_309	6H77_C	2.1	23	1	23	0(23)
1128	Q9H082_PF00071_35_201	6Y09_B	2.4	4	1	4	0(4)
1129	Q9H0F7_PF00025_4_181	2H57_C	2.0	3	1	3	0(3)
1130	Q9H0U4_PF00071_10_171	3NKV_A	1.7	20	1	20	0(20)
1131	Q9H227_PF00232_1_465	2E9L_A	1.6	9	2	9	0(8),1(1)
1132	Q9H2G2_PF00069_34_292	6HVD_A	1.63	6	1	6	0(6)
1133	Q9H2K8_PF00069_24_277	6BDN_A	1.5	1	1	1	0(1)
1134	Q9H2X6_PF00069_199_527	7NCF_A	2.72	2	1	2	0(2)
1135	Q9H3R0_PF02373_177_293	5FJK_A	1.66	5	1	5	0(5)
1136	Q9H422_PF00069_197_525	7O7J_A	2.81	1	1	1	0(1)
1137	Q9H477_PF00294_15_314	5C40_A	1.5	17	1	17	0(17)
1138	Q9H492_PF02991_15_120	6TBE_A	1.67008	3	2	3	0(2),1(1)
1139	Q9H4A3_PF00069_221_479	5WE8_B	2.006	12	2	12	0(6),1(6)
1140	Q9H4B4_PF00069_62_314	4B6L_A	1.9	1	1	1	0(1)
1141	Q9H8M2_PF00439_142_228	6BQA_A	1.031	46	1	46	0(46)
1142	Q9HA47_PF00485_25_219	2UVQ_A	3.0	1	1	1	0(1)
1143	Q9HAN9_PF01467_12_229	1KQN_F	2.2	21	2	21	0(18),1(3)
1144	Q9HAQ2_PF00225_12_340	3NWN_A	2.0	1	1	1	0(1)
1145	Q9HAZ1_PF00069_159_475	6FYV_A	2.46	1	1	1	0(1)
1146	Q9HB90_PF04670_63_289	6WJ2_G	3.2	9	1	9	0(9)
1147	Q9HBH1_PF01327_64_234	3G5K_C	1.7	4	1	4	0(4)
1148	Q9HBH9_PF00069_84_368	2HW7_A	2.71	10	1	10	0(10)
1149	Q9HCP0_PF00069_44_304	2CMW_A	1.75	2	2	2	0(1),1(1)
1150	Q9HD40_PF05889_61_459	4ZDL_B	2.26	14	1	14	0(14)
1151	Q9HD67_PF00063_65_727	5I0H_A	1.8	4	1	4	0(4)
1152	Q9NP72_PF00071_10_171	1X3S_A	1.32	1	1	1	0(1)
1153	Q9NP87_PF14792_290_387	5VZI_A	1.5	1	1	1	0(1)
1154	Q9NP90_PF00071_9_174	2OCB_A	2.2	1	1	1	0(1)
1155	Q9NPD8_PF00179_6_147	5NGZ_A	2.4	1	1	1	0(1)
1156	Q9NPI1_PF00439_140_223	5MQ1_A	1.5	12	1	12	0(12)
1157	Q9NQ11_PF00702_507_788	7VPJ_A	3.5	4	1	4	0(4)
1158	Q9NQH7_PF00557_253_482	5X49_B	1.65	2	1	2	0(2)
1159	Q9NQT8_PF00225_11_353	3GBJ_B	2.102	3	1	3	0(3)
1160	Q9NQU5_PF00069_407_658	4KS7_A	1.4	2	1	2	0(2)
1161	Q9NQW7_PF00557_328_544	3CTZ_A	1.6	1	1	1	0(1)
1162	Q9NQX4_PF00063_69_741	4ZG4_B	2.36	4	1	4	0(4)
1163	Q9NR30_PF00270_210_385	6L5N_B	2.242	1	1	1	0(1)
1164	Q9NR31_PF00025_12_197	2GAO_B	2.0	2	1	2	0(2)
1165	Q9NRD5_PF00595_22_102	6AR4_A	1.69	4	1	4	0(4)
1166	Q9NRD9_PF08030_1380_1534	7D3F_A	2.3	2	1	2	0(2)
1167	Q9NRF8_PF06418_2_272	7MII_A	2.7	18	2	18	0(10),1(8)
1168	Q9NRG1_PF00156_43_203	2JBH_B	1.7	2	1	2	0(2)
1169	Q9NRN9_PF05175_35_170	6H2U_A	1.6	3	1	3	0(3)
1170	Q9NRW1_PF00071_15_175	2FFQ_A	1.78	5	1	5	0(5)
1171	Q9NS87_PF00225_32_363	4BN2_B	2.695	4	1	4	0(4)
1172	Q9NSY1_PF00069_51_314	4W9W_A	1.72	7	1	7	0(7)
1173	Q9NUI1_PF13561_33_271	4FC7_C	1.84	9	2	9	0(8),1(1)
1174	Q9NV35_PF00293_11_144	7B67_A	1.45	19	1	19	0(19)
1175	Q9NVA2_PF00735_38_311	6UPQ_B	1.86	1	1	1	0(1)
1176	Q9NVJ2_PF00025_8_181	2AL7_A	1.85	1	1	1	0(1)
1177	Q9NWT6_PF13621_48_302	7A1Q_A	1.75	18	1	18	0(18)
1178	Q9NWW6_PF13238_6_149	2QT1_A	1.32	22	2	22	0(21),1(1)
1179	Q9NWX6_PF04446_35_164	3OTB_A	2.95	2	1	2	0(2)
1180	Q9NWZ3_PF07714_187_454	6EGE_D	1.401	174	1	174	0(174)
1181	Q9NYL2_PF07714_16_260	5X5O_A	1.868	5	1	5	0(5)
1182	Q9NYN1_PF00071_22_185	3C5C_A	1.85	4	1	4	0(4)
1183	Q9NYV4_PF00069_727_1020	4NST_A	2.2	11	1	11	0(11)
1184	Q9NYY3_PF00069_82_334	4I5P_A	1.738	5	1	5	0(5)
1185	Q9NZ08_PF01433_281_524	6Q4R_A	1.6	5	1	5	0(5)
1186	Q9NZ08_PF11838_597_917	6T6R_A	1.67	1	1	1	0(1)
1187	Q9NZD2_PF08718_18_167	3RZN_A	1.1	17	1	17	0(17)
1188	Q9NZK5_PF00962_185_499	3LGG_B	2.5	2	1	2	0(2)
1189	Q9NZK7_PF00068_21_128	5Y5E_A	1.8	6	1	6	0(6)
1190	Q9NZL9_PF04321_29_324	2YDX_C	2.8	10	2	10	0(5),1(5)
1191	Q9NZN9_PF00254_26_154	5U9J_A	2.1	4	1	4	0(4)
1192	Q9P1W9_PF00069_32_286	4X7Q_A	2.33	2	1	2	0(2)
1193	Q9P286_PF00069_449_700	2F57_B	1.8	1	1	1	0(1)
1194	Q9P289_PF00069_24_274	3GGF_B	2.35	5	1	5	0(5)
1195	Q9P2T1_PF00478_9_341	2C6Q_A	1.7	25	2	25	0(19),1(6)
1196	Q9UBC3_PF00145_575_725	6KDB_D	2.862	22	1	22	0(22)
1197	Q9UBC3_PF00855_226_313	5NRR_B	1.7	16	1	16	0(16)
1198	Q9UBK8_PF00175_542_662	2QTZ_A	1.9	1	1	1	0(1)
1199	Q9UBN7_PF02148_1133_1195	5WPB_A	1.55	11	1	11	0(11)
1200	Q9UBQ7_PF00389_9_327	2GCG_B	2.2	4	1	4	0(4)
1201	Q9UBQ7_PF02826_116_295	2GCG_D	2.2	4	1	4	0(4)
1202	Q9UBS5_PF00003_586_856	6WIV_A	3.3	4	1	4	0(4)
1203	Q9UBT2_PF00899_2_443	1Y8Q_B	2.25	5	2	5	0(4),1(1)
1204	Q9UBV7_PF13733_80_177	4IRQ_A	2.3	4	1	4	0(4)
1205	Q9UDX3_PF00650_83_243	4TLG_B	1.77	2	1	2	0(2)
1206	Q9UDY8_PF00656_342_574	7PAW_B	2.19	10	2	10	0(9),1(1)
1207	Q9UG22_PF04548_23_234	2XTM_A	1.7	5	1	5	0(5)
1208	Q9UGL1_PF02373_486_602	5FYZ_A	1.75	28	1	28	0(28)
1209	Q9UH03_PF00735_58_335	4Z54_A	1.83	7	1	7	0(7)
1210	Q9UHB4_PF00258_8_145	4H2D_B	1.8	2	1	2	0(2)
1211	Q9UHD2_PF00069_9_299	4EUU_A	1.8	22	1	22	0(22)
1212	Q9UHD8_PF00735_295_574	5CYO_A	2.0354	8	1	8	0(8)
1213	Q9UHI8_PF01421_258_467	2JIH_B	2.1	6	1	6	0(6)
1214	Q9UHL4_PF05577_38_465	3N0T_D	2.45	4	1	4	0(4)
1215	Q9UI17_PF01266_51_414	5L46_A	3.09	2	1	2	0(2)
1216	Q9UIF8_PF00439_2069_2151	5PB8_A	1.649	35	1	35	0(35)
1217	Q9UIF8_PF00628_1933_1981	6FI1_A	2.7	1	1	1	0(1)
1218	Q9UIF9_PF00439_1802_1885	7B7B_A	1.4	12	1	12	0(12)
1219	Q9UIF9_PF00628_1678_1726	6FAP_C	2.7	2	1	2	0(2)
1220	Q9UIJ7_PF00406_12_192	6ZJE_A	1.48	8	2	8	0(7),1(1)
1221	Q9UIK4_PF00069_23_285	2CKE_D	2.8	4	1	4	0(4)
1222	Q9UIQ6_PF01433_392_610	5MJ6_A	2.53	4	1	4	0(4)
1223	Q9UJM8_PF01070_15_362	6GMC_A	1.2	34	3	34	0(21),1(12),2(1)
1224	Q9UK32_PF00069_73_330	6G77_A	2.499	9	2	9	0(6),1(3)
1225	Q9UK39_PF03372_146_414	6NF0_A	2.7	1	1	1	0(1)
1226	Q9UKE5_PF00069_25_289	6RA7_A	1.2	13	1	13	0(13)
1227	Q9UKF6_PF00753_20_262	6M8Q_B	2.49	2	1	2	0(2)
1228	Q9UKL6_PF01852_10_213	1LN1_A	2.4	5	1	5	0(5)
1229	Q9UL25_PF00071_21_182	1Z08_D	1.8	9	1	9	0(9)
1230	Q9UL51_PF00027_562_645	3U10_A	2.3	1	1	1	0(1)
1231	Q9UL52_PF00089_192_417	2OQ5_A	1.61	1	1	1	0(1)
1232	Q9ULI0_PF00439_967_1049	6VEO_A	2.4	1	1	1	0(1)
1233	Q9ULW5_PF00071_65_227	2G6B_A	2.0	1	1	1	0(1)
1234	Q9ULX7_PF00194_28_278	5CJF_A	1.83	1	1	1	0(1)
1235	Q9UM73_PF07714_1116_1383	7BTT_A	1.86	54	2	54	0(53),1(1)
1236	Q9UNA0_PF01421_267_476	3HYG_A	1.4	12	1	12	0(12)
1237	Q9UNN8_PF16497_1_199	1LQV_B	1.6	10	1	10	0(10)
1238	Q9UNQ2_PF00398_27_274	1ZQ9_B	1.9	2	1	2	0(2)
1239	Q9UQB9_PF00069_43_293	6GR8_A	1.75	2	2	2	0(1),1(1)
1240	Q9UQM7_PF00069_13_271	2VZ6_A	2.3	7	1	7	0(7)
1241	Q9UQM7_PF08332_346_473	7REC_B	2.2	6	1	6	0(6)
1242	Q9Y230_PF06068_21_365	7OLE_B	3.41	6	1	6	0(6)
1243	Q9Y233_PF00233_514_745	2OUR_A	1.45	156	1	156	0(156)
1244	Q9Y233_PF01590_266_412	2ZMF_B	2.1	2	1	2	0(2)
1245	Q9Y251_PF03662_146_370	5LA7_A	1.94	3	1	3	0(3)
1246	Q9Y265_PF06068_14_369	5OAF_A	4.06	6	1	6	0(6)
1247	Q9Y2J2_PF00373_191_301	5RYS_A	1.75	1	1	1	0(1)
1248	Q9Y2J2_PF09380_305_395	5RZG_A	1.7	6	1	6	0(6)
1249	Q9Y2N7_PF08447_251_338	4WN5_B	1.15	1	1	1	0(1)
1250	Q9Y2Q3_PF01323_7_211	3RPN_B	1.9	7	1	7	0(7)
1251	Q9Y2R4_PF00270_189_363	3DKP_A	2.1	1	1	1	0(1)
1252	Q9Y2S2_PF02737_8_190	3F3S_A	2.0	2	1	2	0(2)
1253	Q9Y2T3_PF01979_73_447	4AQL_A	1.99	1	1	1	0(1)
1254	Q9Y337_PF00089_67_285	6QFE_A	1.67	2	1	2	0(2)
1255	Q9Y3Q4_PF00027_613_696	3OTF_A	2.4	13	1	13	0(13)
1256	Q9Y468_PF02820_417_485	6BYB_A	1.74	4	1	4	0(4)
1257	Q9Y4U1_PF16690_20_234	3SC0_A	1.95	20	2	20	0(18),1(2)
1258	Q9Y530_PF01661_31_136	4J5R_A	1.25	7	1	7	0(7)
1259	Q9Y572_PF00069_21_283	7MX3_A	3.23	5	1	5	0(5)
1260	Q9Y5A9_PF04146_410_545	4RDN_A	2.1	3	1	3	0(3)
1261	Q9Y5K2_PF00089_31_247	2BDG_A	1.95	22	1	22	0(22)
1262	Q9Y5N5_PF05175_16_141	6KHS_A	1.895	8	1	8	0(8)
1263	Q9Y5P4_PF01852_400_619	2E3N_A	1.4	28	1	28	0(28)
1264	Q9Y5S2_PF00069_76_342	5OTE_A	1.68	8	1	8	0(8)
1265	Q9Y5X0_PF00787_40_124	4PZG_B	2.8	1	1	1	0(1)
1266	Q9Y5Y6_PF00089_615_849	3NCL_A	1.19	12	1	12	0(12)
1267	Q9Y616_PF00069_165_443	6ZIW_I	2.18	1	1	1	0(1)
1268	Q9Y663_PF00685_152_399	6XKG_B	1.55	6	1	6	0(6)
1269	Q9Y689_PF00025_5_176	1ZJ6_A	2.0	8	1	8	0(8)
1270	Q9Y697_PF00266_59_422	6WI2_A	1.95	1	1	1	0(1)
1271	Q9Y6A2_PF00067_34_484	4J14_A	2.5	15	1	15	0(15)
1272	Q9Y6E0_PF00069_36_286	4QMT_A	1.5	32	1	32	0(32)
1273	Q9Y6K1_PF00145_634_776	6W8B_D	2.4	27	1	27	0(27)
1274	Q9Y6K1_PF00855_293_377	3LLR_D	2.3	5	1	5	0(5)
1275	Q9Y6M4_PF00069_43_296	2IZR_A	1.3	10	1	10	0(10)
1276	Q9Y6N5_PF07992_44_192	6OIB_B	2.03	18	1	18	0(18)
1277	Q9Y6W6_PF00782_329_461	6MC1_D	2.7	6	1	6	0(6)
1278	Q9Y6X9_PF13589_26_169	5OF9_B	1.807	6	1	6	0(6)
