Domain	PDB Reference	Pocket	Centroid (x)	Centroid (y)	Centroid (z)
A0FGR8_PF17047_191_370	4P42_A	CTR_0	-62.161	-61.867	17.017
A0FGR8_PF17047_191_370	4P42_A	CTR_1	-66.287	-70.575	22.214
A1Z1Q3_PF01661_88_201	4IQY_A	CTR_0	10.222	15.758	-8.469
A6NHR9_PF13589_139_295	6MW7_C	CTR_0	-37.929	66.311	112.381
A8MW92_PF02820_17_69	6L1P_B	CTR_0	3.323	5.958	0.558
B2RXH2_PF02373_176_292	2W2I_A	CTR_0	9.556	37.62	88.101
O00139_PF00225_229_553	6BBN_E	CTR_0	-2.142	-9.653	4.394
O00141_PF00069_98_355	2R5T_A	CTR_0	35.152	32.573	66.656
O00159_PF00063_48_718	4BYF_A	CTR_0	-11.626	-1.925	135.643
O00167_PF00702_268_514	5ZMA_C	CTR_0	65.107	100.261	45.957
O00194_PF00071_11_183	2F7S_B	CTR_0	33.573	33.06	-32.364
O00204_PF00685_60_305	1Q20_A	CTR_0	25.01	14.452	20.843
O00204_PF00685_60_305	1Q20_A	CTR_1	13.766	14.597	29.18
O00204_PF00685_60_305	1Q20_A	CTR_2	16.771	18.597	6.424
O00212_PF00071_19_192	7KDC_A	CTR_0	-20.283	53.625	5.953
O00214_PF00337_18_151	7P1M_A	CTR_0	9.491	-4.766	8.24
O00238_PF07714_204_491	3MDY_A	CTR_0	45.964	11.209	57.358
O00311_PF00069_58_221	6YA6_A	CTR_0	20.582	19.096	58.2
O00338_PF00685_39_289	3BFX_A	CTR_0	15.527	-4.229	20.644
O00408_PF00233_655_888	5U00_B	CTR_0	11.634	3.966	-42.663
O00429_PF00350_28_217	3W6P_B	CTR_0	-12.671	27.886	-25.019
O00444_PF00069_12_265	3COK_A	CTR_0	36.296	60.758	30.151
O00482_PF00104_330_523	6VC2_A	CTR_0	12.593	0.153	11.839
O00506_PF00069_20_270	2XIK_A	CTR_0	-4.172	-9.697	-21.153
O00560_PF00595_198_270	6R9H_A	CTR_0	-7.117	-1.169	-4.267
O00757_PF00316_12_199	3IFA_A	CTR_0	-25.014	-65.852	18.238
O14522_PF00102_912_1142	2OOQ_A	CTR_0	23.62	-13.037	84.599
O14607_PF02373_1080_1188	4UF0_B	CTR_0	-33.552	50.257	-25.428
O14717_PF00145_4_391	1G55_A	CTR_0	60.339	36.084	30.083
O14727_PF00931_129_374	1Z6T_B	CTR_0	-1.979	66.466	27.934
O14733_PF00069_120_380	6IB0_A	CTR_0	-24.102	8.29	-6.781
O14744_PF05185_295_464	6V0P_A	CTR_0	-17.849	-100.528	-4.675
O14744_PF05185_295_464	6V0P_A	CTR_1	-22.087	-91.04	-9.573
O14744_PF17285_37_290	6V0P_A	CTR_0	-50.03	-63.838	-30.411
O14744_PF17286_467_635	6UXY_A	CTR_0	12.667	-46.093	-17.53
O14757_PF00069_9_265	2YEX_A	CTR_0	2.734	38.146	10.773
O14757_PF00069_9_265	2YEX_A	CTR_1	1.082	37.622	27.103
O14757_PF00069_9_265	2YEX_A	CTR_2	2.442	33.811	-4.192
O14757_PF00069_9_265	2YEX_A	CTR_3	8.219	41.958	30.481
O14782_PF00225_16_265	3B6V_A	CTR_0	-11.097	6.188	21.674
O14786_PF00754_290_421	5JGI_B	CTR_0	57.268	-33.127	-14.081
O14792_PF00685_54_298	1ZRH_A	CTR_0	9.216	23.525	13.728
O14920_PF00069_15_297	4KIK_B	CTR_0	-13.913	-32.098	-73.483
O14931_PF07686_22_128	3NOI_A	CTR_0	24.438	0.802	34.22
O14936_PF00069_12_276	3C0I_A	CTR_0	-2.943	19.813	5.59
O14965_PF00069_133_383	5L8L_A	CTR_0	5.542	-3.88	-16.784
O14965_PF00069_133_383	5L8L_A	CTR_1	18.67	-7.49	-1.305
O14965_PF00069_133_383	5L8L_A	CTR_2	23.586	-16.075	-17.931
O14966_PF00071_9_175	6HH2_A	CTR_0	25.573	11.575	38.35
O14976_PF00069_40_313	5Y80_A	CTR_0	-15.878	-14.646	19.324
O14976_PF00069_40_313	5Y80_A	CTR_1	-26.449	-0.767	32.069
O14994_PF02750_193_395	2P0A_B	CTR_0	21.91	8.16	-14.264
O15054_PF02373_1377_1485	2XXZ_B	CTR_0	46.428	43.674	-45.174
O15066_PF00225_15_340	3B6U_B	CTR_0	-8.91	25.063	69.774
O15075_PF00069_390_647	5JZJ_A	CTR_0	36.984	25.553	63.337
O15111_PF00069_15_298	5EBZ_A	CTR_0	88.246	65.906	0.539
O15118_PF16414_22_267	6W5S_A	CTR_0	111.47	152.259	205.341
O15151_PF02201_25_95	6Q9Y_B	CTR_0	-1.429	15.829	-12.196
O15164_PF00439_908_992	4YBT_A	CTR_0	5.085	2.058	25.813
O15178_PF00907_44_219	5QS1_A	CTR_0	21.907	12.543	0.2
O15178_PF00907_44_219	5QS1_A	CTR_1	37.854	-6.62	16.967
O15178_PF00907_44_219	5QS1_A	CTR_2	10.66	-13.611	8.722
O15247_PF13410_74_218	2PER_A	CTR_0	1.927	21.992	23.085
O15264_PF00069_25_308	5EKO_A	CTR_0	-13.463	11.234	-27.465
O15270_PF00155_168_528	7CQI_T	CTR_0	124.728	174.953	114.596
O15296_PF00305_175_661	7LAF_B	CTR_0	-50.561	6.653	544.922
O15382_PF01063_100_350	5CR5_B	CTR_0	24.035	43.095	31.346
O15393_PF00089_256_484	7MEQ_A	CTR_0	-9.212	-6.199	19.84
O15496_PF00068_44_150	5OWC_B	CTR_0	-5.285	21.526	-31.548
O15530_PF00069_82_342	5LVO_A	CTR_0	-16.585	20.575	-8.124
O15530_PF00069_82_342	5LVO_A	CTR_1	-11.156	38.621	-10.491
O15530_PF00069_82_342	5LVO_A	CTR_2	-32.871	11.329	-3.826
O15540_PF00061_7_132	7E25_A	CTR_0	24.844	5.609	15.605
O15550_PF02373_1133_1241	6FUL_A	CTR_0	22.275	5.667	11.771
O43175_PF00389_9_317	6RJ3_A	CTR_0	20.938	-9.208	2.376
O43175_PF02826_111_285	5NZO_A	CTR_0	-27.739	-22.042	-23.685
O43252_PF01583_51_209	2PEZ_A	CTR_0	18.679	-7.88	18.524
O43252_PF01583_51_209	2PEZ_A	CTR_1	7.568	-1.845	26.058
O43252_PF01747_394_617	1XNJ_A	CTR_0	36.97	49.658	15.913
O43293_PF00069_13_275	3BHY_A	CTR_0	15.046	22.298	28.692
O43318_PF07714_36_284	2EVA_A	CTR_0	13.641	55.11	17.635
O43353_PF07714_18_290	5NG0_B	CTR_0	50.577	110.209	0.12
O43488_PF00248_41_348	2BP1_B	CTR_0	0.472	-13.359	-4.19
O43570_PF00194_38_289	5MSA_C	CTR_0	40.443	7.908	-32.179
O43598_PF05014_23_134	4P5E_A	CTR_0	14.903	-6.566	8.319
O43683_PF00069_787_1032	5DMZ_A	CTR_0	-15.308	1.847	-40.828
O43704_PF00685_38_289	3CKL_A	CTR_0	-25.342	9.432	-22.3
O43704_PF00685_38_289	3CKL_A	CTR_1	-34.701	1.727	-28.167
O43781_PF00069_209_522	5Y86_A	CTR_0	16.561	31.854	18.934
O43809_PF13869_35_222	5R4Q_B	CTR_0	38.414	-22.127	-30.633
O43809_PF13869_35_222	5R4Q_B	CTR_1	33.011	-35.601	-29.493
O43865_PF00670_289_450	3MTG_B	CTR_0	38.652	25.604	-50.255
O43865_PF05221_237_529	3MTG_A	CTR_0	35.322	44.979	-26.59
O43913_PF13191_7_156	7CTE_E	CTR_0	99.106	101.194	128.623
O43929_PF13191_36_190	7CTE_D	CTR_0	109.149	103.15	165.147
O60218_PF00248_15_294	1ZUA_X	CTR_0	-30.545	24.114	-1.623
O60218_PF00248_15_294	1ZUA_X	CTR_1	-24.723	23.412	9.576
O60313_PF00350_291_469	6JTG_A	CTR_0	-5.282	-1.634	-33.735
O60341_PF01593_288_826	6KGO_A	CTR_0	26.587	43.618	-19.067
O60341_PF01593_288_826	6KGO_A	CTR_1	33.964	53.433	-11.798
O60493_PF00787_57_148	7BLO_L	CTR_0	129.909	72.69	100.216
O60507_PF13469_70_263	5WRI_A	CTR_0	19.183	-18.071	-1.39
O60547_PF16363_27_358	6GPK_C	CTR_0	17.787	17.505	15.604
O60547_PF16363_27_358	6GPK_C	CTR_1	22.518	28.799	7.373
O60551_PF01233_139_296	6PAU_A	CTR_0	24.629	-3.517	31.311
O60658_PF00233_555_806	3ECN_A	CTR_0	-0.679	-11.231	19.549
O60674_PF07714_545_805	5UT3_A	CTR_0	-30.04	13.802	77.641
O60674_PF07714_849_1123	7LL4_A	CTR_0	10.125	-16.598	5.507
O60701_PF03721_5_195	5VR8_E	CTR_0	-6.475	-30.889	-19.399
O60704_PF13469_69_262	3AP1_B	CTR_0	-21.052	-11.032	41.018
O60741_PF00027_493_576	6UQF_C	CTR_0	134.789	173.91	118.127
O60760_PF02798_4_73	4EE0_B	CTR_0	7.536	-7.47	2.255
O60825_PF01591_26_249	5HTK_A	CTR_0	40.941	99.07	34.04
O60882_PF00413_116_271	2JSD_A	CTR_0	6.614	-5.236	5.003
O60885_PF00439_357_445	4Z93_A	CTR_0	17.873	-5.227	8.352
O60885_PF00439_67_152	4QB3_A	CTR_0	26.34	50.69	-1.484
O60911_PF00112_114_333	1FH0_A	CTR_0	51.478	49.958	25.82
O75116_PF00069_92_354	7JNT_B	CTR_0	57.751	108.874	80.788
O75164_PF02373_175_291	3PDQ_A	CTR_0	-25.93	-19.625	-21.804
O75173_PF01421_218_428	4WK7_A	CTR_0	-4.244	2.342	22.378
O75191_PF02782_295_481	4BC2_C	CTR_0	0.575	41.808	11.735
O75208_PF08511_210_286	6DEW_B	CTR_0	38.96	62.323	12.549
O75385_PF00069_16_278	4WNO_A	CTR_0	-5.002	-39.407	-15.254
O75460_PF00069_571_832	7BMK_B	CTR_0	1.984	-22.081	17.83
O75460_PF00069_571_832	7BMK_B	CTR_1	5.732	-27.706	25.729
O75469_PF00104_238_415	7AXE_A	CTR_0	10.275	75.712	-1.766
O75582_PF00069_427_687	3KN5_B	CTR_0	8.995	60.128	50.271
O75608_PF02230_8_226	5SYM_A	CTR_0	-10.597	-11.291	-4.131
O75628_PF00071_82_245	2NZJ_A	CTR_0	-7.101	11.358	-18.67
O75689_PF00169_130_229	3MDB_C	CTR_0	-23.951	-17.473	-13.807
O75716_PF00069_20_290	2BUJ_B	CTR_0	-21.436	-12.661	-51.58
O75828_PF00106_6_152	2HRB_A	CTR_0	13.373	21.835	11.724
O75844_PF01435_228_473	6BH8_B	CTR_0	28.877	-12.605	-17.753
O75844_PF16491_41_225	5SYT_A	CTR_0	-138.354	-281.647	20.834
O75844_PF16491_41_225	5SYT_A	CTR_1	-140.613	-272.986	33.468
O75874_PF00180_9_401	6BKX_A	CTR_0	13.097	43.473	-72.685
O75874_PF00180_9_401	6BKX_A	CTR_1	28.544	47.402	-66.13
O75874_PF00180_9_401	6BKX_A	CTR_2	11.491	51.823	-73.909
O75891_PF00551_1_180	2CFI_A	CTR_0	33.909	12.295	18.433
O75897_PF00685_45_295	2GWH_A	CTR_0	5.704	24.889	27.089
O75899_PF00003_475_743	6WIV_B	CTR_0	157.085	117.309	161.813
O75914_PF00069_283_534	6FD3_A	CTR_0	10.731	90.553	-3.004
O75936_PF02668_107_366	4C5W_A	CTR_0	22.104	30.076	87.953
O75936_PF02668_107_366	4C5W_A	CTR_1	19.664	32.428	82.605
O76039_PF00069_13_297	4BGQ_A	CTR_0	49.098	31.136	54.623
O76054_PF00650_81_243	4OMJ_A	CTR_0	89.612	6.22	7.44
O76074_PF00233_612_846	5JO3_B	CTR_0	19.754	-5.977	13.555
O76074_PF00233_612_846	5JO3_B	CTR_1	12.253	5.257	12.527
O76083_PF00233_311_542	4Y86_B	CTR_0	96.999	22.32	11.43
O94768_PF00069_33_293	6Y6H_A	CTR_0	62.843	1.645	-3.211
O94804_PF00069_36_294	6EIM_B	CTR_0	20.072	7.784	33.996
O94925_PF04960_244_530	3VP1_A	CTR_0	4.015	-9.726	-0.679
O94953_PF02373_176_292	4LXL_A	CTR_0	-6.121	-1.528	-9.971
O95045_PF01048_60_310	3P0F_A	CTR_0	13.977	-2.053	57.709
O95057_PF00071_9_169	2GF0_A	CTR_0	25.569	29.047	-4.985
O95140_PF00350_99_259	6JFK_A	CTR_0	-34.659	11.902	7.143
O95154_PF00248_12_320	2CLP_E	CTR_0	-50.628	39.077	15.805
O95340_PF01583_41_199	2AX4_B	CTR_0	-38.84	-7.709	49.259
O95340_PF01747_384_607	7FHA_A	CTR_0	-4.026	-0.47	-2.393
O95372_PF02230_11_228	5SYN_B	CTR_0	26.625	1.374	94.681
O95372_PF02230_11_228	5SYN_B	CTR_1	29.564	-2.257	88.063
O95398_PF00027_265_349	6H7E_A	CTR_0	-12.011	-18.787	68.809
O95445_PF11032_1_187	2YG2_A	CTR_0	-34.924	-6.29	29.127
O95486_PF08033_744_828	5VNL_B	CTR_0	-30.388	-62.034	49.54
O95568_PF13489_171_338	4RFQ_A	CTR_0	7.012	7.895	27.146
O95619_PF03366_42_122	5R68_A	CTR_0	34.201	36.756	0.088
O95696_PF00439_571_654	5POU_B	CTR_0	-30.507	3.11	5.024
O95696_PF00855_930_1044	4Z02_A	CTR_0	42.451	36.044	1.227
O95716_PF00071_24_185	2GF9_A	CTR_0	3.216	9.987	6.894
O95718_PF00104_237_416	6LIT_B	CTR_0	4.883	7.316	30.528
O95747_PF00069_17_291	2VWI_D	CTR_0	74.449	93.943	-22.16
O95749_PF00348_9_251	6R4V_B	CTR_0	123.229	32.942	32.139
O95819_PF00069_25_289	4U43_A	CTR_0	26.767	24.209	-7.558
O95822_PF05292_193_457	4F0X_E	CTR_0	-44.641	14.919	4.502
O96013_PF00069_321_572	5VEF_A	CTR_0	13.885	34.417	14.518
O96017_PF00069_220_486	2YCF_A	CTR_0	46.979	15.796	-8.106
O96028_PF00855_223_334	6XCG_B	CTR_0	-21.868	5.477	-0.543
P00325_PF00107_203_339	1U3U_B	CTR_0	-13.022	6.92	14.699
P00325_PF08240_34_161	1U3U_A	CTR_0	0.289	-0.942	-18.842
P00326_PF00107_203_339	1U3W_A	CTR_0	-58.965	-63.15	39.82
P00326_PF08240_34_161	1U3W_A	CTR_0	-47.758	-61.23	43.405
P00338_PF00056_21_160	5W8K_B	CTR_0	46.873	-9.765	47.143
P00338_PF00056_21_160	5W8K_B	CTR_1	46.008	-11.988	56.682
P00338_PF02866_163_331	4RLS_D	CTR_0	-11.385	-13.64	20.287
P00374_PF00186_4_185	1KMV_A	CTR_0	14.992	35.313	35.241
P00374_PF00186_4_185	1KMV_A	CTR_1	11.878	22.877	34.646
P00387_PF00970_44_151	1UMK_A	CTR_0	63.063	47.129	-5.798
P00439_PF00351_119_449	6HYC_D	CTR_0	2.595	-51.23	74.723
P00439_PF00351_119_449	6HYC_D	CTR_1	9.474	-45.757	75.96
P00441_PF00080_15_150	4A7U_A	CTR_0	3.202	-0.985	34.506
P00441_PF00080_15_150	4A7U_A	CTR_1	-2.514	-2.119	34.054
P00441_PF00080_15_150	4A7U_A	CTR_2	14.527	-8.616	25.934
P00480_PF00185_187_341	1OTH_A	CTR_0	0.6	2.132	-22.21
P00491_PF01048_26_280	4EAR_A	CTR_0	-18.075	29.434	-48.441
P00492_PF00156_37_196	4RAD_H	CTR_0	113.357	-53.66	49.663
P00519_PF07714_242_493	5HU9_A	CTR_0	-3.009	-29.977	-17.053
P00519_PF07714_242_493	5HU9_A	CTR_1	7.309	-10.318	-29.942
P00533_PF07714_712_968	5UG9_A	CTR_0	-11.799	17.196	-28.195
P00558_PF00162_9_406	2WZB_A	CTR_0	-9.373	15.067	-24.952
P00558_PF00162_9_406	2WZB_A	CTR_1	-14.046	23.087	-29.142
P00568_PF00406_13_169	2C95_A	CTR_0	23.106	17.968	11.794
P00734_PF00089_364_613	4YES_B	CTR_0	5.182	20.181	49.601
P00740_PF00089_227_454	5JB9_S	CTR_0	6.149	-23.008	-3.074
P00740_PF00089_227_454	5JB9_S	CTR_1	16.953	-16.485	-2.091
P00742_PF00089_235_462	2JKH_A	CTR_0	-4.486	9.772	22.699
P00746_PF00089_26_248	5NAT_A	CTR_0	0.961	-8.528	6.475
P00747_PF00051_103_181	4CIK_A	CTR_0	-6.302	1.1	16.441
P00747_PF00051_185_262	1B2I_A	CTR_0	3.966	-0.563	-9.908
P00747_PF00089_581_803	5UGG_A	CTR_0	26.116	-10.517	47.644
P00747_PF00089_581_803	5UGG_A	CTR_1	32.355	-8.7	43.333
P00748_PF00089_373_609	6X0T_C	CTR_0	15.899	-31.012	10.985
P00749_PF00089_179_419	4FUH_A	CTR_0	-5.194	-16.872	7.449
P00749_PF00089_179_419	4FUH_A	CTR_1	-19.825	-26.559	20.69
P00749_PF00089_179_419	4FUH_A	CTR_2	-18.841	-30.31	8.428
P00750_PF00089_311_556	1RTF_B	CTR_0	-8.941	32.307	37.488
P00751_PF00089_481_752	1RTK_A	CTR_0	71.25	15.641	-6.568
P00813_PF00962_10_350	3IAR_A	CTR_0	6.692	-3.339	0.089
P00915_PF00194_12_261	6I0J_B	CTR_0	1.464	71.336	53.541
P00918_PF00194_11_259	3K34_A	CTR_0	-4.102	4.615	14.191
P00918_PF00194_11_259	3K34_A	CTR_1	-9.548	-10.767	-3.193
P00918_PF00194_11_259	3K34_A	CTR_2	-1.58	10.552	24.734
P01009_PF00079_52_415	7NPL_A	CTR_0	-18.638	1.749	7.856
P01111_PF00071_5_165	6ZIO_A	CTR_0	-16.047	37.457	-2.191
P01111_PF00071_5_165	6ZIO_A	CTR_1	-3.193	20.959	4.777
P01112_PF00071_5_165	2CE2_X	CTR_0	14.97	47.113	20.879
P01112_PF00071_5_165	2CE2_X	CTR_1	12.206	26.251	24.088
P01112_PF00071_5_165	2CE2_X	CTR_2	10.494	39.247	30.118
P01112_PF00071_5_165	2CE2_X	CTR_3	22.533	32.726	13.64
P01116_PF00071_5_165	6P0Z_B	CTR_0	-27.053	-11.026	151.611
P01116_PF00071_5_165	6P0Z_B	CTR_1	-26.301	-20.39	164.192
P01116_PF00071_5_165	6P0Z_B	CTR_2	-41.532	-19.583	164.791
P01116_PF00071_5_165	6P0Z_B	CTR_3	-25.301	-11.87	165.931
P01889_PF00129_25_203	3VRI_A	CTR_0	14.219	-10.564	43.121
P02689_PF00061_6_132	6S2M_A	CTR_0	12.624	-9.683	43.069
P02743_PF00354_26_219	4AVS_D	CTR_0	44.575	10.774	4.66
P02753_PF00061_39_188	5NU9_A	CTR_0	14.113	8.235	0.989
P02766_PF00576_32_139	4ACT_B	CTR_0	-1.179	21.745	-24.794
P02768_PF00273_222_394	6L4K_I	CTR_0	23.108	36.033	28.475
P02768_PF00273_222_394	6L4K_I	CTR_1	13.91	44.233	16.977
P02768_PF00273_222_394	6L4K_I	CTR_2	24.32	22.576	34.933
P02768_PF00273_30_202	6YG9_A	CTR_0	50.635	2.992	18.531
P02768_PF00273_30_202	6YG9_A	CTR_1	35.134	3.199	34.774
P02768_PF00273_30_202	6YG9_A	CTR_2	56.561	-1.842	22.474
P02768_PF00273_30_202	6YG9_A	CTR_3	62.855	1.207	25.443
P02768_PF00273_414_592	6L4K_A	CTR_0	-0.849	-16.756	0.838
P02768_PF00273_414_592	6L4K_A	CTR_1	-2.62	-26.537	-20.518
P02768_PF00273_414_592	6L4K_A	CTR_2	-4.262	-20.082	-25.35
P02768_PF00273_414_592	6L4K_A	CTR_3	0.451	-27.529	-6.497
P02768_PF00273_414_592	6L4K_A	CTR_4	-9.096	-28.216	-21.365
P02768_PF00273_414_592	6L4K_A	CTR_5	-14.414	-10.627	-10.043
P02768_PF00273_414_592	6L4K_A	CTR_6	3.906	-29.039	-10.842
P02768_PF00273_414_592	6L4K_A	CTR_7	2.219	-5.711	-6.637
P02774_PF00273_27_199	1J78_B	CTR_0	-20.853	-56.972	46.796
P03372_PF00104_332_531	6SBO_B	CTR_0	17.307	-11.151	24.292
P03372_PF00104_332_531	6SBO_B	CTR_1	10.194	-20.195	35.473
P03951_PF00089_388_618	7MBO_A	CTR_0	-1.38	10.343	-18.443
P03952_PF00089_391_621	6I44_A	CTR_0	110.085	2.996	9.554
P03952_PF00089_391_621	6I44_A	CTR_1	106.895	1.29	6.06
P03956_PF00413_108_261	1HFC_A	CTR_0	23.879	22.657	25.377
P04040_PF00199_28_411	1DGF_C	CTR_0	14.877	15.794	78.537
P04049_PF07714_349_606	3OMV_B	CTR_0	28.63	39.417	38.883
P04062_PF02055_117_466	6Q6N_A	CTR_0	-44.352	-40.636	5.774
P04070_PF00089_212_445	3F6U_H	CTR_0	7.611	34.33	45.532
P04150_PF00104_549_741	4UDD_A	CTR_0	35.28	20.454	10.998
P04150_PF00104_549_741	4UDD_A	CTR_1	38.239	22.729	21.549
P04181_PF00202_50_436	5VWO_B	CTR_0	54.925	27.473	6.199
P04278_PF00054_75_205	1D2S_A	CTR_0	21.933	10.728	32.433
P04626_PF07714_720_976	3PP0_A	CTR_0	16.54	14.769	27.433
P04629_PF07714_510_781	4PMP_A	CTR_0	32.433	-32.263	-7.999
P04637_PF00870_99_289	6GGC_B	CTR_0	124.018	103.453	-44.399
P04637_PF00870_99_289	6GGC_B	CTR_1	134.857	90.673	-16.092
P04637_PF00870_99_289	6GGC_B	CTR_2	119.464	99.069	-23.731
P04746_PF00128_46_348	4GQR_A	CTR_0	11.534	15.948	40.387
P04746_PF00128_46_348	4GQR_A	CTR_1	-8.238	17.893	54.057
P04798_PF00067_40_501	4I8V_A	CTR_0	-17.088	36.37	-28.715
P04818_PF00303_31_313	1HVY_A	CTR_0	-0.109	7.838	16.369
P05089_PF00491_6_305	4HWW_A	CTR_0	-22.979	16.026	-11.856
P05090_PF00061_43_184	2HZQ_A	CTR_0	5.265	30.493	57.153
P05093_PF00067_28_493	6WR1_A	CTR_0	26.706	6.365	-58.177
P05108_PF00067_52_511	3N9Y_B	CTR_0	62.737	5.496	-24.214
P05121_PF00079_33_402	4IC0_C	CTR_0	-18.834	-61.505	51.602
P05164_PF03098_173_718	7LAN_I	CTR_0	121.447	91.569	36.545
P05177_PF00067_42_505	2HI4_A	CTR_0	2.487	17.834	20.155
P05181_PF00067_33_489	3E6I_B	CTR_0	29.628	30.464	23.763
P05230_PF00167_25_148	1RML_A	CTR_0	14.405	-3.163	-2.012
P05413_PF00061_6_132	4TKB_A	CTR_0	-7.214	20.559	14.446
P05543_PF00079_44_412	4X30_A	CTR_0	-8.734	7.661	-21.35
P05771_PF00069_342_600	2I0E_A	CTR_0	38.667	55.798	34.685
P05981_PF00089_163_400	5CE1_A	CTR_0	16.366	-5.669	28.059
P06126_PF16497_1_197	5J1A_A	CTR_0	-28.591	15.898	-21.13
P06132_PF01208_14_360	1R3S_A	CTR_0	11.445	74.324	61.224
P06213_PF07714_1023_1290	5HHW_A	CTR_0	-7.619	-21.866	19.197
P06239_PF07714_245_494	1QPC_A	CTR_0	24.602	37.908	83.833
P06241_PF07714_271_520	2DQ7_X	CTR_0	-16.636	18.404	-12.742
P06276_PF00135_30_550	6ZWI_A	CTR_0	135.609	112.486	40.509
P06276_PF00135_30_550	6ZWI_A	CTR_1	120.892	116.142	37.597
P06401_PF00104_704_891	1SQN_A	CTR_0	-2.5	2.21	25.173
P06493_PF00069_4_287	6GU2_A	CTR_0	328.707	211.874	191.533
P06730_PF01652_38_197	4TQC_B	CTR_0	8.715	-8.996	43.113
P06730_PF01652_38_197	4TQC_B	CTR_1	0.328	-16.582	24.884
P06744_PF00342_54_546	6XUH_B	CTR_0	39.704	-30.817	-0.173
P06746_PF14792_149_262	9ICV_A	CTR_0	74.154	36.531	51.809
P06858_PF00151_17_338	6OB0_C	CTR_0	65.937	-3.901	96.136
P07101_PF00351_195_525	6ZVP_A	CTR_0	117.674	86.68	123.111
P07108_PF00887_3_78	2CB8_B	CTR_0	3.661	29.552	43.336
P07148_PF14651_1_127	3VG7_A	CTR_0	6.224	-9.48	-14.374
P07148_PF14651_1_127	3VG7_A	CTR_1	1.286	-7.963	-23.051
P07195_PF00056_22_161	7DBJ_B	CTR_0	18.095	-27.864	14.728
P07306_PF00059_171_279	5JQ1_A	CTR_0	1.793	9.963	38.034
P07327_PF00107_203_339	1U3T_A	CTR_0	20.358	-4.706	4.831
P07327_PF08240_34_161	1U3T_A	CTR_0	9.92	-0.689	1.323
P07332_PF07714_561_814	3CBL_A	CTR_0	20.757	24.063	21.343
P07333_PF07714_582_910	6T2W_A	CTR_0	17.131	20.478	-4.612
P07360_PF00061_48_186	2OVD_A	CTR_0	23.861	30.308	23.914
P07437_PF00091_3_212	6I2I_B	CTR_0	42.832	42.001	75.274
P07477_PF00089_24_239	1FXY_A	CTR_0	19.094	9.554	14.012
P07686_PF00728_200_517	1NOW_A	CTR_0	6.431	22.533	35.421
P07711_PF00112_114_332	2XU3_A	CTR_0	20.292	7.025	7.445
P07741_PF00156_28_173	6FCL_A	CTR_0	-15.106	8.72	6.465
P07814_PF00587_1108_1287	4HVC_B	CTR_0	21.976	-0.332	6.646
P07814_PF00587_1108_1287	4HVC_B	CTR_1	27.61	5.213	10.575
P07858_PF00112_80_329	6AY2_B	CTR_0	20.522	-33.623	-3.191
P07858_PF00112_80_329	6AY2_B	CTR_1	12.386	-28.5	-0.967
P07900_PF02518_40_194	5J2X_A	CTR_0	-1.039	9.855	25.421
P07902_PF01087_22_196	6GQD_A	CTR_0	73.594	116.821	-0.758
P07948_PF07714_247_497	5XY1_A	CTR_0	-17.977	13.26	-20.045
P07949_PF07714_724_1005	7DUA_A	CTR_0	7.318	2.371	-3.241
P08069_PF07714_999_1266	3LW0_C	CTR_0	-29.057	-25.857	0.412
P08069_PF07714_999_1266	3LW0_C	CTR_1	-30.706	-14.21	-6.282
P08134_PF00071_7_180	2GCO_B	CTR_0	7.848	29.099	7.475
P08185_PF00079_41_404	2VDY_A	CTR_0	-9.09	3.083	-39.694
P08235_PF00104_758_946	4PF3_A	CTR_0	-0.463	30.617	40.764
P08238_PF02518_35_189	6N8Y_A	CTR_0	-1.383	-9.486	-23.602
P08240_PF00448_418_637	6Y32_F	CTR_0	189.782	17.651	16.865
P08246_PF00089_30_242	5ABW_A	CTR_0	28.276	-23.598	3.215
P08254_PF00413_108_264	1HY7_B	CTR_0	3.126	49.16	54.923
P08254_PF00413_108_264	1HY7_B	CTR_1	-4.37	51.071	48.439
P08263_PF02798_5_77	6ATR_B	CTR_0	72.671	8.282	19.213
P08311_PF00089_21_238	1CGH_A	CTR_0	12.385	41.109	4.135
P08319_PF00107_208_340	3COS_B	CTR_0	18.582	60.981	83.788
P08397_PF01379_21_233	7AAK_A	CTR_0	95.954	31.945	9.577
P08397_PF01379_21_233	7AAK_A	CTR_1	90.515	28.104	11.89
P08519_PF00051_1282_1359	4BVW_B	CTR_0	43.838	-3.149	96.283
P08519_PF00051_1624_1701	4BVC_A	CTR_0	-9.552	-5.092	2.075
P08581_PF07714_1078_1337	4R1V_A	CTR_0	107.446	21.192	140.378
P08631_PF07714_262_511	5H0B_A	CTR_0	2.409	-1.694	-1.269
P08684_PF00067_38_493	6MA8_A	CTR_0	-22.159	-17.835	-10.374
P08686_PF00067_27_480	4Y8W_B	CTR_0	-34.776	58.992	31.186
P08709_PF00089_213_447	5PAX_C	CTR_0	6.661	37.087	25.549
P08709_PF00089_213_447	5PAX_C	CTR_1	-0.202	36.896	11.026
P08754_PF00503_13_343	2ODE_A	CTR_0	19.986	7.875	32.037
P08922_PF07714_1945_2215	4UXL_A	CTR_0	42.367	-19.679	-4.482
P09211_PF02798_4_75	2A2R_B	CTR_0	12.347	16.483	4.452
P09237_PF00413_103_259	2Y6D_A	CTR_0	-15.274	10.326	1.831
P09238_PF00413_107_263	1Q3A_C	CTR_0	23.376	-24.15	8.555
P09382_PF00337_5_134	3T2T_A	CTR_0	23.179	3.187	16.854
P09417_PF00106_11_198	1HDR_A	CTR_0	27.682	45.983	32.085
P09455_PF00061_6_134	5HBS_A	CTR_0	16.005	-2.799	-12.171
P09467_PF00316_12_199	7C9Q_C	CTR_0	-32.237	3.41	-36.059
P09601_PF01126_11_216	3CZY_A	CTR_0	5.027	-21.172	3.853
P09601_PF01126_11_216	3CZY_A	CTR_1	7.149	-19.082	-2.447
P09622_PF07992_42_370	6I4R_A	CTR_0	36.759	12.147	17.26
P09622_PF07992_42_370	6I4R_A	CTR_1	36.491	8.27	1.966
P09622_PF07992_42_370	6I4R_A	CTR_2	32.847	18.664	15.558
P09917_PF00305_216_662	6N2W_B	CTR_0	35.821	65.513	38.411
P09958_PF00082_144_427	7LCU_A	CTR_0	-66.853	-31.419	99.92
P09960_PF01433_233_448	3U9W_A	CTR_0	28.601	2.425	1.626
P09960_PF17900_18_202	3FUD_A	CTR_0	-4.609	18.193	-19.817
P0C024_PF00293_38_166	5QHH_A	CTR_0	37.278	-42.958	74.46
P0C024_PF00293_38_166	5QHH_A	CTR_1	56.037	-40.625	82.72
P0C1S8_PF00069_212_486	5VDK_A	CTR_0	-10.212	-24.068	-14.16
P0CG30_PF02798_5_75	3LJR_B	CTR_0	11.379	68.589	23.291
P0DMM9_PF00685_38_288	2A3R_B	CTR_0	60.663	150.9	-34.49
P0DMM9_PF00685_38_288	2A3R_B	CTR_1	67.621	140.383	-37.823
P0DP23_PF13499_10_74	5V02_R	CTR_0	35.187	52.949	50.372
P0DPD7_PF08241_63_173	2PXX_A	CTR_0	2.841	11.208	22.237
P0DUB6_PF00128_52_348	3DHP_A	CTR_0	5.64	46.022	19.546
P10114_PF00071_5_166	1KAO_A	CTR_0	-9.209	0.152	5.461
P10153_PF00074_33_158	2C01_X	CTR_0	11.758	10.18	11.071
P10275_PF00104_690_881	4OHA_A	CTR_0	-0.108	-2.723	29.842
P10275_PF00104_690_881	4OHA_A	CTR_1	-9.868	-15.959	4.276
P10275_PF00104_690_881	4OHA_A	CTR_2	6.356	-7.935	16.062
P10276_PF00104_224_401	3KMR_A	CTR_0	-8.236	-8.764	-13.185
P10301_PF00071_31_192	2FN4_A	CTR_0	-5.25	25.864	14.887
P10599_PF00085_2_103	5DQY_A	CTR_0	15.638	9.464	-0.046
P10599_PF00085_2_103	5DQY_A	CTR_1	5.881	11.547	1.837
P10619_PF00450_39_477	4CIB_A	CTR_0	-33.899	12.137	16.883
P10632_PF00067_30_487	2NNJ_A	CTR_0	49.5	12.671	-24.446
P10632_PF00067_30_487	2NNJ_A	CTR_1	42.276	2.542	-21.187
P10635_PF00067_34_494	3TBG_D	CTR_0	16.9	-27.57	-6.08
P10635_PF00067_34_494	3TBG_D	CTR_1	9.666	-17.914	-11.202
P10644_PF00027_273_360	5KJZ_A	CTR_0	-1.404	6.473	2.495
P10721_PF07714_589_924	3G0E_A	CTR_0	37.126	-9.684	-77.604
P10721_PF07714_589_924	3G0E_A	CTR_1	34.165	-3.628	-78.308
P10826_PF00104_224_401	4DM6_A	CTR_0	11.958	12.807	20.932
P10827_PF00104_204_379	3ILZ_A	CTR_0	27.628	38.238	31.91
P10828_PF00104_265_445	6KKB_X	CTR_0	33.257	-10.666	14.847
P11172_PF00156_42_167	2WNS_A	CTR_0	29.023	18.302	26.914
P11172_PF00215_252_466	7ASQ_A	CTR_0	13.716	10.98	38.231
P11233_PF00071_16_177	6P0I_B	CTR_0	24.852	17.053	1.573
P11233_PF00071_16_177	6P0I_B	CTR_1	23.738	0.35	8.843
P11234_PF00071_16_178	6ZRN_B	CTR_0	13.071	-0.608	18.148
P11309_PF00069_38_290	3A99_A	CTR_0	-7.4	82.73	-1.021
P11309_PF00069_38_290	3A99_A	CTR_1	-13.6	70.728	-14.292
P11362_PF07714_478_754	5EW8_A	CTR_0	86.784	1.801	10.758
P11388_PF02518_76_225	1ZXM_B	CTR_0	65.391	15.54	29.088
P11413_PF00479_35_210	2BH9_A	CTR_0	16.829	57.919	41.376
P11413_PF02781_212_509	6JYU_A	CTR_0	15.745	25.161	4.001
P11473_PF00104_216_406	3B0T_A	CTR_0	-11.266	-3.634	31.874
P11474_PF00104_224_404	3K6P_A	CTR_0	36.498	-1.623	37.644
P11509_PF00067_34_491	2FDV_B	CTR_0	45.816	37.529	56.042
P11511_PF00067_46_488	3S79_A	CTR_0	85.726	54.032	46.174
P11586_PF02882_128_295	1A4I_B	CTR_0	14.626	23.578	33.292
P11597_PF02886_243_480	2OBD_A	CTR_0	22.083	9.959	19.346
P11597_PF02886_243_480	2OBD_A	CTR_1	19.73	16.068	23.12
P11712_PF00067_30_487	5A5I_A	CTR_0	71.545	2.62	-2.309
P11712_PF00067_30_487	5A5I_A	CTR_1	72.014	4.692	-10.845
P11766_PF00107_202_334	2FZW_A	CTR_0	58.658	11.607	5.008
P12104_PF00061_4_132	3AKM_B	CTR_0	2.133	-24.735	28.141
P12268_PF00478_29_504	6UDO_B	CTR_0	121.216	133.863	169.245
P12268_PF00478_29_504	6UDO_B	CTR_1	140.589	160.203	183.053
P12268_PF00478_29_504	6UDO_B	CTR_2	131.934	168.117	186.916
P12268_PF00478_29_504	6UDO_B	CTR_3	117.671	124.432	165.212
P12268_PF00478_29_504	6UDO_B	CTR_4	124.953	128.229	185.857
P12268_PF00571_107_166	6UDQ_F	CTR_0	120.464	134.24	169.848
P12271_PF00650_141_291	3HX3_A	CTR_0	4.293	5.064	12.851
P12277_PF00217_153_367	3B6R_B	CTR_0	-53.297	10.76	12.758
P12544_PF00089_29_254	1ORF_A	CTR_0	15.126	29.184	2.512
P12883_PF00063_87_766	4DB1_B	CTR_0	37.745	39.189	61.01
P12931_PF00017_151_233	1O4R_A	CTR_0	17.283	27.214	18.128
P12931_PF07714_270_519	7NG7_A	CTR_0	-18.997	-6.665	-7.99
P13051_PF03167_140_302	3FCI_A	CTR_0	-14.15	-0.707	-0.88
P13497_PF01400_128_321	6BTQ_A	CTR_0	14.404	8.783	13.371
P13497_PF01400_128_321	6BTQ_A	CTR_1	23.485	7.46	16.852
P13569_PF00005_441_576	6ZE1_A	CTR_0	63.319	-3.679	26.609
P13591_PF00041_508_598	2E3V_C	CTR_0	9.736	-20.235	46.494
P13631_PF00104_226_403	1FCY_A	CTR_0	40.1	15.171	84.132
P13716_PF00490_5_326	1E51_A	CTR_0	32.159	74.022	57.458
P13804_PF00766_211_291	1EFV_A	CTR_0	10.66	22.543	65.983
P13995_PF02882_158_332	5TC4_A	CTR_0	108.638	15.233	-6.937
P13995_PF02882_158_332	5TC4_A	CTR_1	113.615	15.091	-16.011
P14061_PF00106_4_201	1I5R_A	CTR_0	15.798	-3.8	-3.573
P14061_PF00106_4_201	1I5R_A	CTR_1	10.178	7.506	-11.234
P14174_PF01187_2_115	6B1K_B	CTR_0	-35.806	-6.824	-0.53
P14207_PF03024_30_205	4KN0_A	CTR_0	17.093	-36.466	1.708
P14210_PF00051_128_206	5CP9_B	CTR_0	-3.266	28.024	-11.335
P14324_PF00348_108_374	5CG5_A	CTR_0	16.39	-32.508	-9.863
P14324_PF00348_108_374	5CG5_A	CTR_1	4.862	-35.949	-11.244
P14324_PF00348_108_374	5CG5_A	CTR_2	23.444	-44.766	-13.0
P14555_PF00068_22_130	5G3N_A	CTR_0	7.722	3.016	-0.393
P14618_PF00224_42_395	3GR4_A	CTR_0	5.854	1.448	13.631
P14618_PF00224_42_395	3GR4_A	CTR_1	-15.972	19.036	-2.302
P14625_PF02518_96_255	4NH9_A	CTR_0	-19.628	-33.051	-8.014
P14920_PF01266_2_329	3ZNN_B	CTR_0	12.818	4.439	81.744
P14920_PF01266_2_329	3ZNN_B	CTR_1	16.529	-4.028	72.773
P15056_PF07714_457_714	7K0V_A	CTR_0	38.191	-6.828	-24.193
P15085_PF00246_128_406	2V77_B	CTR_0	90.727	7.763	72.541
P15090_PF00061_6_132	3P6D_A	CTR_0	4.765	7.131	18.968
P15104_PF00120_110_361	2OJW_E	CTR_0	-22.539	-22.881	-24.71
P15121_PF00248_15_294	1US0_A	CTR_0	16.576	-7.064	15.038
P15121_PF00248_15_294	1US0_A	CTR_1	21.215	-6.137	27.411
P15144_PF01433_316_543	4FYR_A	CTR_0	107.274	17.713	21.613
P15153_PF00071_5_178	2W2T_A	CTR_0	-7.719	-32.836	17.827
P15291_PF13733_130_263	4EEA_A	CTR_0	18.312	47.524	112.193
P15328_PF03024_36_211	4LRH_E	CTR_0	31.35	7.088	28.751
P15428_PF00106_6_199	2GDZ_A	CTR_0	29.611	19.061	82.929
P15531_PF00334_5_139	1UCN_C	CTR_0	13.923	97.064	-6.6
P15538_PF00067_42_498	7E7F_A	CTR_0	6.444	-2.392	-5.779
P15538_PF00067_42_498	7E7F_A	CTR_1	2.283	1.094	-18.613
P15559_PF02525_4_212	1D4A_A	CTR_0	16.467	-10.262	-2.947
P15735_PF00069_24_291	2Y7J_A	CTR_0	-14.876	-7.925	40.843
P15813_PF16497_1_198	6V7Y_A	CTR_0	-49.751	37.4	18.784
P15813_PF16497_1_198	6V7Y_A	CTR_1	-43.803	36.478	27.864
P16083_PF02525_4_212	4FGL_C	CTR_0	43.734	-6.707	37.051
P16083_PF02525_4_212	4FGL_C	CTR_1	41.565	-11.599	35.571
P16118_PF01591_30_251	1K6M_B	CTR_0	10.717	23.608	17.072
P16152_PF00106_6_152	1WMA_A	CTR_0	21.814	18.288	13.056
P16233_PF00151_17_352	1LPB_B	CTR_0	10.735	21.141	49.402
P16233_PF00151_17_352	1LPB_B	CTR_1	8.859	23.377	53.603
P16278_PF01301_40_357	3WF1_D	CTR_0	32.122	-40.645	61.784
P16435_PF00175_530_641	3QFS_A	CTR_0	54.243	28.927	21.666
P16435_PF00258_82_219	3QE2_B	CTR_0	-4.823	92.162	39.225
P16444_PF01244_25_352	1ITU_A	CTR_0	-13.996	12.316	2.521
P16871_PF00041_130_218	3UP1_B	CTR_0	58.336	25.181	28.824
P17081_PF00071_11_184	2ATX_A	CTR_0	1.734	6.881	41.181
P17174_PF00155_31_405	6LIG_A	CTR_0	-30.319	3.816	-37.39
P17213_PF02886_249_486	1EWF_A	CTR_0	82.736	33.906	26.632
P17252_PF00069_339_597	4RA4_A	CTR_0	32.322	-6.057	13.171
P17516_PF00248_18_301	2FVL_A	CTR_0	44.603	72.225	83.55
P17540_PF00217_187_401	4Z9M_H	CTR_0	-43.7	27.991	30.852
P17612_PF00069_44_298	4WB8_A	CTR_0	45.509	9.998	2.533
P17643_PF00264_182_417	5M8S_C	CTR_0	116.05	111.825	165.766
P17752_PF00351_106_436	5TPG_A	CTR_0	7.447	-8.967	20.321
P17752_PF00351_106_436	5TPG_A	CTR_1	3.712	-10.389	16.763
P17812_PF06418_2_272	7MGZ_P	CTR_0	132.082	170.726	165.228
P17812_PF06418_2_272	7MGZ_P	CTR_1	125.96	171.943	169.584
P17858_PF00365_17_324	7LW1_E	CTR_0	103.084	162.337	184.024
P17900_PF02221_33_190	2AG4_A	CTR_0	3.07	23.167	78.416
P17900_PF02221_33_190	2AG4_A	CTR_1	11.736	32.404	87.063
P17900_PF02221_33_190	2AG4_A	CTR_2	6.404	25.389	87.458
P17931_PF00337_117_247	6RZK_A	CTR_0	-16.806	9.146	-0.114
P17980_PF00004_223_356	5T0H_F	CTR_0	204.358	169.808	138.541
P18031_PF00102_40_276	6XEA_A	CTR_0	42.45	-12.66	1.944
P18031_PF00102_40_276	6XEA_A	CTR_1	48.661	-31.591	9.522
P18031_PF00102_40_276	6XEA_A	CTR_2	64.899	-18.177	8.69
P18031_PF00102_40_276	6XEA_A	CTR_3	66.374	-8.156	19.843
P18031_PF00102_40_276	6XEA_A	CTR_4	51.762	-30.865	24.933
P18031_PF00102_40_276	6XEA_A	CTR_5	30.023	-6.996	23.978
P18031_PF00102_40_276	6XEA_A	CTR_6	34.078	-28.751	22.628
P18031_PF00102_40_276	6XEA_A	CTR_7	61.736	-28.588	26.556
P18031_PF00102_40_276	6XEA_A	CTR_8	57.794	-17.786	29.582
P18085_PF00025_5_177	1Z6X_A	CTR_0	10.284	-17.364	-17.013
P18669_PF00300_6_138	5Y2I_B	CTR_0	-28.473	-12.174	48.511
P19099_PF00067_42_499	4DVQ_G	CTR_0	-7.895	22.577	32.621
P19113_PF00282_36_414	4E1O_F	CTR_0	7.548	-52.627	85.898
P19367_PF03727_673_907	1DGK_N	CTR_0	90.735	57.157	-13.289
P19525_PF00069_267_537	2A19_B	CTR_0	26.983	8.611	-35.935
P19623_PF01564_76_261	2O07_B	CTR_0	12.497	29.035	33.297
P19652_PF00061_40_180	7OUB_B	CTR_0	-6.46	30.133	-1.456
P19784_PF00069_40_325	6TGU_A	CTR_0	1.381	48.347	36.635
P19784_PF00069_40_325	6TGU_A	CTR_1	8.1	59.638	36.006
P19793_PF00104_257_442	7A77_A	CTR_0	19.366	2.887	25.099
P19793_PF00104_257_442	7A77_A	CTR_1	22.412	-0.145	34.837
P19801_PF01179_300_708	3HII_B	CTR_0	-16.08	-7.399	16.776
P20151_PF00089_25_253	4NFE_A	CTR_0	0.525	-20.248	14.447
P20231_PF00089_31_267	4A6L_D	CTR_0	32.32	51.897	6.657
P20231_PF00089_31_267	4A6L_D	CTR_1	30.32	55.728	-1.403
P20337_PF00071_24_185	3DZ8_A	CTR_0	0.701	6.408	17.205
P20338_PF00071_15_176	2BME_D	CTR_0	33.308	29.256	5.348
P20339_PF00071_22_183	1R2Q_A	CTR_0	8.666	-2.47	42.229
P20340_PF00071_15_175	1YZQ_A	CTR_0	24.923	17.882	14.047
P20591_PF00350_73_249	4P4S_A	CTR_0	25.344	-5.98	1.346
P20701_PF00092_156_326	2O7N_A	CTR_0	4.973	21.292	-5.353
P20813_PF00067_31_488	5UFG_A	CTR_0	34.903	-15.46	-10.149
P20813_PF00067_31_488	5UFG_A	CTR_1	54.085	-27.338	-12.292
P20813_PF00067_31_488	5UFG_A	CTR_2	32.435	-4.587	8.172
P20813_PF00067_31_488	5UFG_A	CTR_3	44.231	-24.746	-11.092
P20813_PF00067_31_488	5UFG_A	CTR_4	32.508	-3.033	2.134
P20815_PF00067_38_492	5VEU_A	CTR_0	-10.089	-48.153	23.642
P20839_PF00478_29_504	7RFG_B	CTR_0	147.347	154.051	149.008
P20839_PF00478_29_504	7RFG_B	CTR_1	114.693	166.144	147.508
P20839_PF00478_29_504	7RFG_B	CTR_2	115.206	158.375	161.132
P20839_PF00478_29_504	7RFG_B	CTR_3	147.11	142.535	145.637
P20839_PF00478_29_504	7RFG_B	CTR_4	117.313	160.24	168.717
P20839_PF00478_29_504	7RFG_B	CTR_5	105.486	162.923	166.345
P20839_PF00478_29_504	7RFG_B	CTR_6	107.616	163.075	173.25
P20839_PF00571_107_166	7RFG_E	CTR_0	158.282	115.133	172.66
P21359_PF13716_1602_1736	3PG7_B	CTR_0	-28.982	-7.852	-36.464
P21397_PF01593_23_460	2Z5Y_A	CTR_0	-26.179	-34.089	-17.848
P21397_PF01593_23_460	2Z5Y_A	CTR_1	-40.6	-27.475	-14.653
P21549_PF00266_24_376	5HHY_A	CTR_0	4.975	-0.14	41.332
P21549_PF00266_24_376	5HHY_A	CTR_1	13.483	6.471	13.472
P21589_PF02872_338_513	7PBB_A	CTR_0	12.262	16.293	34.878
P21675_PF00439_1389_1472	6FIC_T	CTR_0	45.565	72.561	24.408
P21675_PF00439_1511_1595	5I29_A	CTR_0	5.087	-8.236	-3.875
P21802_PF07714_481_757	2PVF_A	CTR_0	23.369	-6.96	-1.03
P21860_PF07714_709_965	6OP9_A	CTR_0	-50.545	-17.346	11.359
P21964_PF01596_67_228	3BWY_A	CTR_0	-7.631	-4.266	-17.678
P21964_PF01596_67_228	3BWY_A	CTR_1	-2.704	-10.019	-19.535
P22087_PF01269_88_315	2IPX_A	CTR_0	18.286	1.65	49.557
P22102_PF00551_808_988	4ZZ1_A	CTR_0	26.558	-11.148	-18.412
P22102_PF00551_808_988	4ZZ1_A	CTR_1	31.601	-19.648	-15.422
P22102_PF01071_105_298	2QK4_B	CTR_0	-43.888	-4.191	53.509
P22234_PF00731_267_409	6YB8_B	CTR_0	-10.182	77.516	21.42
P22303_PF00135_37_563	4M0E_B	CTR_0	10.202	-56.915	-24.088
P22392_PF00334_5_139	3BBF_F	CTR_0	43.539	42.248	86.666
P22455_PF07714_467_743	6JPE_A	CTR_0	44.555	-0.543	82.756
P22455_PF07714_467_743	6JPE_A	CTR_1	48.545	0.012	75.925
P22607_PF07714_472_748	6PNX_B	CTR_0	20.998	-10.693	9.635
P22680_PF00067_32_497	3V8D_B	CTR_0	3.553	-10.754	-5.467
P22736_PF00104_394_579	4REF_A	CTR_0	-12.938	-20.12	-4.635
P22736_PF00104_394_579	4REF_A	CTR_1	-14.827	-16.123	1.976
P22748_PF00194_37_285	5JNA_D	CTR_0	3.105	-20.283	18.114
P22830_PF00762_68_389	3HCN_A	CTR_0	-37.663	15.434	72.395
P22830_PF00762_68_389	3HCN_A	CTR_1	-36.212	18.363	63.996
P22894_PF00413_107_262	1I76_A	CTR_0	27.523	57.765	49.947
P22894_PF00413_107_262	1I76_A	CTR_1	24.705	51.562	45.952
P23141_PF00135_22_547	2H7C_F	CTR_0	-3.497	3.568	28.827
P23141_PF00135_22_547	2H7C_F	CTR_1	7.186	15.297	23.568
P23141_PF00135_22_547	2H7C_F	CTR_2	-10.483	-3.926	55.182
P23141_PF00135_22_547	2H7C_F	CTR_3	-13.136	2.782	14.256
P23258_PF00091_4_215	3CB2_A	CTR_0	17.415	17.036	15.615
P23368_PF03949_280_535	1PJ3_D	CTR_0	24.737	-33.291	-2.58
P23443_PF00069_91_352	3WF7_A	CTR_0	11.832	-11.454	11.681
P23458_PF07714_875_1149	6N7A_A	CTR_0	5.357	-24.571	21.908
P23467_PF00102_1727_1962	2I4G_A	CTR_0	7.041	30.892	25.26
P23470_PF00102_874_1118	3QCG_A	CTR_0	19.513	29.263	61.222
P23471_PF00102_1750_1991	5H08_A	CTR_0	30.314	-3.634	44.493
P23526_PF00670_191_352	1LI4_A	CTR_0	36.808	-11.083	104.145
P23526_PF05221_140_431	1LI4_A	CTR_0	36.584	-11.094	103.939
P23526_PF05221_140_431	1LI4_A	CTR_1	46.947	-19.856	102.567
P23919_PF02223_11_191	1NN5_A	CTR_0	6.78	66.12	34.179
P23919_PF02223_11_191	1NN5_A	CTR_1	13.564	75.62	24.834
P23921_PF03477_1_89	3HNE_B	CTR_0	-34.061	-33.479	-61.136
P23946_PF00089_22_240	1T31_A	CTR_0	-0.684	38.844	22.038
P24666_PF01451_9_154	7KH8_B	CTR_0	25.955	24.33	9.335
P24666_PF01451_9_154	7KH8_B	CTR_1	25.917	28.395	26.348
P24723_PF00069_355_614	3TXO_A	CTR_0	19.941	11.668	16.72
P24752_PF00108_42_299	2F2S_C	CTR_0	0.085	31.772	-13.753
P24821_PF00147_1980_2189	5R62_A	CTR_0	13.073	-18.257	-13.409
P24941_PF00069_4_286	6Q4H_A	CTR_0	0.515	-6.196	-26.911
P24941_PF00069_4_286	6Q4H_A	CTR_1	-17.205	1.454	-24.785
P24941_PF00069_4_286	6Q4H_A	CTR_2	7.917	-8.75	8.653
P24941_PF00069_4_286	6Q4H_A	CTR_3	-12.775	-9.645	-34.588
P24941_PF00069_4_286	6Q4H_A	CTR_4	23.878	-6.124	-12.785
P25098_PF00069_191_453	3V5W_A	CTR_0	14.396	-12.755	51.258
P25205_PF00493_280_505	6XTX_3	CTR_0	224.034	229.729	199.976
P25311_PF00129_26_201	1T7V_A	CTR_0	-6.63	81.837	20.636
P25440_PF00439_353_441	6DDJ_A	CTR_0	18.053	66.854	41.099
P25440_PF00439_83_168	6JKE_A	CTR_0	14.054	11.036	56.897
P25774_PF00112_115_330	3OVX_A	CTR_0	28.994	34.609	22.359
P25774_PF00112_115_330	3OVX_A	CTR_1	31.619	52.975	16.302
P26196_PF00271_320_429	6S8S_C	CTR_0	-23.386	6.042	-20.839
P26358_PF00145_1139_1594	6X9I_A	CTR_0	0.324	-4.688	36.084
P26639_PF00587_397_608	4HWT_A	CTR_0	4.197	-28.105	-8.459
P26639_PF00587_397_608	4HWT_A	CTR_1	4.71	-24.5	-14.897
P27037_PF00069_196_481	3SOC_A	CTR_0	101.149	41.759	-1.473
P27144_PF00406_10_190	2BBW_A	CTR_0	-2.605	6.387	43.51
P27338_PF01593_14_451	2XFN_A	CTR_0	55.55	141.916	17.365
P27338_PF01593_14_451	2XFN_A	CTR_1	52.067	154.906	27.243
P27348_PF00244_9_229	6BQT_A	CTR_0	-19.119	-20.055	9.947
P27361_PF00069_42_330	4QTB_B	CTR_0	52.24	22.596	83.22
P27361_PF00069_42_330	4QTB_B	CTR_1	58.624	22.615	80.276
P27448_PF00069_56_307	7P1L_A	CTR_0	1.771	15.58	-6.32
P27487_PF00326_559_765	1N1M_A	CTR_0	81.605	75.12	97.962
P27694_PF04057_5_104	4O0A_A	CTR_0	0.572	9.419	0.994
P27707_PF01712_24_258	2NO7_A	CTR_0	51.464	50.89	98.079
P27707_PF01712_24_258	2NO7_A	CTR_1	49.906	66.14	99.542
P27815_PF00233_432_672	2QYK_B	CTR_0	87.824	43.078	17.121
P28062_PF00227_69_251	7AWE_L	CTR_0	-3.524	18.795	0.435
P28065_PF00227_17_198	7AWE_H	CTR_0	-36.868	-25.086	-11.688
P28072_PF00227_31_213	5LF4_b	CTR_0	24.906	234.385	61.121
P28074_PF00227_56_238	5LF7_Y	CTR_0	49.59	184.805	66.739
P28161_PF02798_3_82	2C4J_B	CTR_0	-13.156	0.586	99.227
P28347_PF17725_214_423	7CMM_A	CTR_0	47.429	22.834	7.702
P28482_PF00069_25_313	6SLG_A	CTR_0	-4.416	5.6	12.926
P28482_PF00069_25_313	6SLG_A	CTR_1	5.681	5.284	8.198
P28702_PF00104_331_513	7A78_A	CTR_0	17.86	3.773	24.427
P28845_PF00106_35_230	1XU9_A	CTR_0	5.873	-5.124	22.853
P28845_PF00106_35_230	1XU9_A	CTR_1	6.247	0.512	13.267
P28907_PF02267_56_296	2O3S_B	CTR_0	19.374	4.47	-25.963
P29016_PF16497_1_198	5WL1_A	CTR_0	1.206	-19.233	6.387
P29016_PF16497_1_198	5WL1_A	CTR_1	5.54	-22.587	-3.084
P29017_PF16497_1_199	6C09_A	CTR_0	97.947	-27.593	-33.128
P29017_PF16497_1_199	6C09_A	CTR_1	92.591	-25.438	-33.978
P29017_PF16497_1_199	6C09_A	CTR_2	93.386	-29.651	-18.434
P29017_PF16497_1_199	6C09_A	CTR_3	91.931	-23.507	-26.892
P29317_PF07714_613_871	5NKF_A	CTR_0	-100.585	-18.338	47.358
P29320_PF07714_621_878	2QOC_A	CTR_0	-9.33	7.98	53.158
P29373_PF00061_5_138	2G7B_A	CTR_0	-20.539	0.247	14.868
P29373_PF00061_5_138	2G7B_A	CTR_1	-15.106	8.812	11.016
P29375_PF02373_470_586	6BGY_A	CTR_0	-24.536	21.179	4.508
P29401_PF00456_14_283	6HA3_A	CTR_0	-8.3	7.082	14.06
P29474_PF02898_119_481	6NH8_B	CTR_0	75.816	9.045	-160.226
P29475_PF02898_355_717	6CID_B	CTR_0	114.498	242.866	326.2
P29475_PF02898_355_717	6CID_B	CTR_1	118.116	279.538	315.371
P29597_PF07714_589_866	4WOV_B	CTR_0	-20.954	47.107	-18.066
P29597_PF07714_897_1169	3LXP_A	CTR_0	-4.068	24.693	-30.57
P29973_PF00027_497_588	7LG1_B	CTR_0	136.368	142.584	158.715
P29992_PF00503_16_348	7RKF_A	CTR_0	136.373	117.785	78.044
P30043_PF13460_10_192	1HDO_A	CTR_0	24.695	-4.663	9.364
P30043_PF13460_10_192	1HDO_A	CTR_1	15.155	-11.441	6.479
P30044_PF08534_57_211	4MMM_C	CTR_0	15.094	20.694	5.141
P30046_PF01187_2_116	3KAN_B	CTR_0	3.045	-31.212	1.819
P30086_PF01161_25_169	2QYQ_A	CTR_0	28.241	-4.213	18.729
P30291_PF00069_299_569	1X8B_A	CTR_0	4.096	54.662	24.176
P30405_PF00160_49_205	4J5E_X	CTR_0	2.471	18.221	19.746
P30405_PF00160_49_205	4J5E_X	CTR_1	23.297	5.308	7.479
P30405_PF00160_49_205	4J5E_X	CTR_2	8.12	7.915	9.045
P30419_PF01233_137_294	5O6H_B	CTR_0	-22.879	57.387	-24.056
P30519_PF01126_31_236	5UCA_D	CTR_0	-13.912	20.652	9.923
P30520_PF00709_32_453	2V40_A	CTR_0	56.113	19.61	19.382
P30530_PF07714_536_803	5U6B_D	CTR_0	23.601	-21.854	-23.406
P30711_PF13417_5_82	2C3Q_C	CTR_0	20.942	-37.716	-66.812
P30793_PF01227_71_249	7ALQ_O	CTR_0	19.419	-18.097	106.349
P31327_PF02142_1373_1465	5DOU_A	CTR_0	-49.952	-19.08	76.89
P31327_PF02786_1088_1291	5DOU_C	CTR_0	3.565	-103.963	157.556
P31327_PF02786_546_750	5DOU_A	CTR_0	-16.836	-1.39	92.064
P31749_PF00069_150_408	4GV1_A	CTR_0	-19.975	4.135	10.574
P31749_PF00069_150_408	4GV1_A	CTR_1	-26.482	-5.88	16.325
P31751_PF00069_152_409	1O6L_A	CTR_0	43.32	31.961	109.965
P31937_PF03446_41_200	2I9P_B	CTR_0	-20.124	72.1	57.093
P31939_PF02142_16_130	5UZ0_C	CTR_0	-45.802	5.95	-57.205
P31947_PF00244_9_231	7AZ2_A	CTR_0	23.611	20.868	-0.01
P31947_PF00244_9_231	7AZ2_A	CTR_1	23.185	11.197	-10.042
P31947_PF00244_9_231	7AZ2_A	CTR_2	4.237	15.779	-16.121
P31947_PF00244_9_231	7AZ2_A	CTR_3	39.08	23.159	-16.029
P32298_PF00069_187_449	4YHJ_A	CTR_0	32.131	28.153	36.281
P32320_PF00383_12_118	1MQ0_B	CTR_0	37.396	83.752	118.983
P32455_PF02263_18_282	2B8W_B	CTR_0	79.22	34.312	14.202
P32455_PF02841_284_580	6K1Z_A	CTR_0	8.617	-24.082	-20.501
P32456_PF02263_18_280	6VKJ_A	CTR_0	20.639	22.203	-27.9
P32929_PF01053_19_395	5TSU_E	CTR_0	167.858	51.333	230.549
P33176_PF00225_14_325	1BG2_A	CTR_0	13.239	12.091	46.269
P33261_PF00067_30_487	4GQS_C	CTR_0	-57.448	37.322	7.25
P33981_PF00069_525_791	5AP1_A	CTR_0	0.442	-18.897	-47.068
P33981_PF00069_525_791	5AP1_A	CTR_1	7.012	-19.913	-38.489
P33991_PF00493_445_670	6XTX_4	CTR_0	210.778	201.416	143.202
P33993_PF00493_320_541	6XTX_7	CTR_0	212.071	231.254	164.717
P34096_PF00074_31_146	2RNF_B	CTR_0	-3.063	26.684	13.264
P34897_PF00464_49_448	5V7I_A	CTR_0	-39.369	69.033	5.019
P34913_PF00561_259_531	5AM2_A	CTR_0	-15.212	-10.19	16.298
P34913_PF00702_3_197	5ALU_A	CTR_0	-19.727	-62.541	-10.694
P34913_PF00702_3_197	5ALU_A	CTR_1	-17.995	-60.732	-5.415
P34947_PF00069_186_448	4TND_A	CTR_0	27.714	-37.035	26.665
P35030_PF00089_81_296	5TP0_A	CTR_0	3.317	-3.726	-10.042
P35228_PF00258_541_672	3HR4_C	CTR_0	-6.93	-2.442	-75.595
P35228_PF02898_135_497	3E7G_A	CTR_0	55.421	21.349	79.169
P35270_PF00106_8_214	6I6V_A	CTR_0	22.921	-0.404	24.226
P35270_PF00106_8_214	6I6V_A	CTR_1	25.471	-11.095	18.055
P35270_PF00106_8_214	6I6V_A	CTR_2	3.478	9.774	27.346
P35354_PF03098_198_560	5F19_A	CTR_0	28.518	30.593	64.411
P35354_PF03098_198_560	5F19_A	CTR_1	15.329	43.129	62.526
P35398_PF00104_308_494	1N83_A	CTR_0	21.632	25.182	17.82
P35557_PF00349_15_215	3F9M_A	CTR_0	-8.412	3.507	20.009
P35557_PF03727_221_455	3FGU_A	CTR_0	-26.531	-0.762	1.51
P35558_PF00821_260_618	1KHB_A	CTR_0	39.323	37.312	34.194
P35558_PF00821_260_618	1KHB_A	CTR_1	37.014	44.064	33.683
P35914_PF00682_32_306	3MP5_B	CTR_0	20.479	-13.615	-5.057
P35968_PF07714_834_1160	2XIR_A	CTR_0	21.369	24.72	38.134
P36404_PF00025_3_176	3DOE_A	CTR_0	28.115	-22.09	29.789
P36507_PF00069_72_369	1S9I_A	CTR_0	40.763	101.423	44.124
P36507_PF00069_72_369	1S9I_A	CTR_1	36.746	97.937	52.0
P36639_PF00293_45_168	4C9X_A	CTR_0	-14.517	-15.348	11.416
P36776_PF05362_736_949	7KRZ_D	CTR_0	82.279	115.655	74.922
P36873_PF00149_57_252	1IT6_B	CTR_0	83.971	30.164	28.718
P36897_PF00069_205_492	5E8X_A	CTR_0	-12.474	-16.822	10.011
P36959_PF00478_9_342	2BLE_A	CTR_0	62.64	24.695	13.552
P37023_PF07714_202_489	3MY0_D	CTR_0	48.823	-28.997	-71.05
P37173_PF07714_244_538	5QIN_A	CTR_0	15.515	-1.831	7.297
P37173_PF08917_49_159	4XJJ_A	CTR_0	37.236	68.087	3.036
P37231_PF00104_300_486	3U9Q_A	CTR_0	6.932	-2.163	22.853
P37268_PF00494_47_320	3WEG_A	CTR_0	29.978	20.443	5.651
P38117_PF01012_26_214	1EFV_B	CTR_0	16.405	39.835	48.313
P38606_PF00006_230_455	6WLZ_C	CTR_0	188.967	129.547	199.148
P39900_PF00413_108_263	3F17_A	CTR_0	3.2	-6.24	5.553
P40306_PF00227_36_217	7B12_i	CTR_0	-30.806	39.369	-95.118
P40337_PF01847_63_144	4B9K_C	CTR_0	-6.452	34.457	2.359
P40394_PF00107_214_350	1D1T_B	CTR_0	22.609	8.341	58.861
P40616_PF00025_5_177	1UPT_A	CTR_0	-25.144	-12.352	31.469
P40692_PF13589_26_137	4P7A_A	CTR_0	18.138	-23.14	12.682
P40926_PF00056_25_168	2DFD_A	CTR_0	28.669	144.583	44.526
P41180_PF00003_606_856	7M3G_A	CTR_0	211.497	194.467	170.865
P41222_PF00061_40_184	3O22_A	CTR_0	-7.07	10.578	2.123
P41229_PF02373_501_617	5FWJ_B	CTR_0	15.761	30.26	22.754
P41235_PF00104_172_361	6CHT_H	CTR_0	-39.999	67.051	-44.067
P41240_PF07714_195_440	1BYG_A	CTR_0	28.36	44.901	12.635
P41250_PF00587_291_592	4QEI_A	CTR_0	-14.003	-7.402	-8.492
P41279_PF00069_139_388	4Y85_A	CTR_0	13.089	1.844	197.476
P41743_PF00069_254_522	5LI9_A	CTR_0	-5.171	8.04	-8.193
P42126_PF00378_52_301	1SG4_B	CTR_0	24.648	-40.654	10.047
P42330_PF00248_18_301	1S1P_A	CTR_0	28.853	-29.904	51.747
P42330_PF00248_18_301	1S1P_A	CTR_1	24.227	-26.428	62.72
P42574_PF00656_44_274	1NMS_B	CTR_0	20.886	4.175	-6.102
P42684_PF07714_288_539	3HMI_A	CTR_0	-31.464	8.013	-14.646
P42684_PF07714_288_539	3HMI_A	CTR_1	-28.034	9.289	-7.1
P42684_PF07714_288_539	3HMI_A	CTR_2	-14.401	22.047	-28.467
P42768_PF00786_237_296	1T84_A	CTR_0	-4.603	8.413	-1.592
P42898_PF02219_48_337	6FCX_A	CTR_0	3.775	34.895	-35.773
P43166_PF00194_13_262	7P1A_A	CTR_0	18.281	24.463	4.109
P43235_PF00112_115_328	4X6H_A	CTR_0	15.292	8.534	-19.277
P43235_PF00112_115_328	4X6H_A	CTR_1	13.453	-21.404	-18.615
P43235_PF00112_115_328	4X6H_A	CTR_2	21.698	-15.443	-15.283
P43246_PF00488_665_852	3THX_A	CTR_0	-4.582	2.013	-21.88
P43250_PF00069_186_448	2ACX_B	CTR_0	23.309	-2.642	81.525
P43354_PF00104_393_579	5Y41_B	CTR_0	30.367	-63.653	-9.465
P43403_PF07714_338_593	1U59_A	CTR_0	10.892	5.473	52.877
P43405_PF07714_371_626	4YJR_A	CTR_0	35.727	37.677	32.026
P43405_PF07714_371_626	4YJR_A	CTR_1	23.143	16.646	27.438
P43652_PF00273_222_394	5OKL_B	CTR_0	16.904	-7.764	0.827
P43652_PF00273_30_202	6FAK_A	CTR_0	-61.419	18.836	-12.143
P45452_PF00413_112_267	5B5O_A	CTR_0	12.979	13.555	21.442
P45974_PF02148_199_272	7MS6_A	CTR_0	-7.11	26.88	-10.649
P45983_PF00069_26_321	4QTD_A	CTR_0	22.266	9.709	31.71
P45983_PF00069_26_321	4QTD_A	CTR_1	21.314	34.876	14.732
P45983_PF00069_26_321	4QTD_A	CTR_2	24.368	18.441	27.87
P45984_PF00069_26_321	3E7O_A	CTR_0	-21.688	-31.276	24.23
P45984_PF00069_26_321	3E7O_A	CTR_1	-31.005	-32.76	23.922
P45985_PF00069_102_367	3ALO_A	CTR_0	-22.686	-12.538	11.082
P46597_PF00891_117_327	4A6D_A	CTR_0	-2.366	23.58	40.244
P46597_PF00891_117_327	4A6D_A	CTR_1	2.243	33.215	41.35
P46934_PF00632_1013_1318	5C91_A	CTR_0	-35.876	7.267	-5.133
P48443_PF00104_255_443	7A79_A	CTR_0	-1.434	-3.557	10.486
P48637_PF03917_12_472	2HGS_A	CTR_0	55.688	8.052	26.514
P48728_PF01571_38_291	1WSV_B	CTR_0	8.564	16.828	11.59
P48729_PF00069_17_260	6GZD_A	CTR_0	-5.06	-18.435	-8.77
P48729_PF00069_17_260	6GZD_A	CTR_1	-7.592	-39.09	-7.862
P48730_PF00069_9_271	6RCG_A	CTR_0	-10.435	58.78	21.06
P48735_PF00180_45_441	5I95_A	CTR_0	-15.677	22.47	-22.271
P48735_PF00180_45_441	5I95_A	CTR_1	-35.849	23.24	-23.818
P49137_PF00069_64_325	6T8X_C	CTR_0	5.77	312.035	453.332
P49137_PF00069_64_325	6T8X_C	CTR_1	27.055	319.657	450.655
P49327_PF00698_493_810	2JFK_A	CTR_0	-27.146	-43.123	-72.377
P49327_PF00975_2242_2501	3TJM_A	CTR_0	1.797	64.825	52.068
P49336_PF00069_22_335	5XS2_A	CTR_0	6.292	24.506	-11.674
P49366_PF01916_44_354	6XXJ_B	CTR_0	-8.93	-37.623	-10.072
P49366_PF01916_44_354	6XXJ_B	CTR_1	-21.695	-49.204	-16.07
P49366_PF01916_44_354	6XXJ_B	CTR_2	-10.045	-50.473	-15.396
P49427_PF00179_12_166	3RZ3_A	CTR_0	-1.45	-37.054	-26.367
P49591_PF00587_248_444	4L87_A	CTR_0	38.34	-44.364	12.252
P49638_PF00650_97_247	1R5L_A	CTR_0	-0.061	61.51	13.891
P49638_PF00650_97_247	1R5L_A	CTR_1	3.92	50.521	10.545
P49674_PF00069_9_270	4HNI_A	CTR_0	-26.155	-14.816	-29.368
P49736_PF00493_460_683	6XTX_2	CTR_0	221.983	164.93	195.361
P49759_PF00069_161_477	6FT8_A	CTR_0	-20.059	20.171	12.324
P49759_PF00069_161_477	6FT8_A	CTR_1	-39.021	23.994	18.859
P49760_PF00069_163_479	6FYL_A	CTR_0	10.821	91.011	36.083
P49761_PF00069_304_620	6FYR_A	CTR_0	-7.465	10.328	35.373
P49773_PF01230_24_121	6N3X_A	CTR_0	-29.972	5.454	-28.571
P49789_PF01230_9_105	5FIT_A	CTR_0	8.34	21.688	24.898
P49789_PF01230_9_105	5FIT_A	CTR_1	9.637	15.572	24.893
P49841_PF00069_56_340	1J1B_A	CTR_0	21.951	17.661	-9.333
P49862_PF00089_30_245	2QXI_A	CTR_0	-2.533	4.636	14.867
P49888_PF00685_37_287	1G3M_B	CTR_0	24.235	12.197	10.859
P49888_PF00685_37_287	1G3M_B	CTR_1	30.271	1.803	4.102
P49916_PF01068_483_677	3L2P_A	CTR_0	6.656	31.496	53.486
P49917_PF01068_248_451	3W1B_A	CTR_0	-22.146	30.722	23.192
P50053_PF00294_3_294	2HW1_A	CTR_0	22.562	18.351	-40.166
P50120_PF00061_6_134	4QYN_B	CTR_0	21.391	-3.571	29.451
P50135_PF13489_27_217	2AOT_B	CTR_0	42.242	-33.763	-2.943
P50135_PF13489_27_217	2AOT_B	CTR_1	39.54	-26.548	3.614
P50135_PF13489_27_217	2AOT_B	CTR_2	35.742	-43.43	-3.298
P50213_PF00180_33_358	5YVT_A	CTR_0	47.107	-19.277	34.557
P50225_PF00685_38_288	1LS6_A	CTR_0	20.176	114.907	64.406
P50225_PF00685_38_288	1LS6_A	CTR_1	17.766	105.014	56.953
P50225_PF00685_38_288	1LS6_A	CTR_2	24.624	103.442	51.75
P50226_PF00685_38_288	1Z29_A	CTR_0	9.281	2.003	22.319
P50579_PF00557_167_466	5D6E_A	CTR_0	27.591	18.959	17.929
P50583_PF00293_12_137	1XSC_A	CTR_0	-2.059	-11.257	-24.115
P50613_PF00069_12_295	7B5Q_J	CTR_0	84.751	67.075	59.372
P50750_PF00069_19_315	3MY1_A	CTR_0	54.101	-16.75	-13.055
P51148_PF00071_23_184	4KYI_F	CTR_0	-64.818	60.469	9.77
P51149_PF00071_10_175	1T91_C	CTR_0	13.678	7.58	39.731
P51151_PF00071_9_174	1WMS_B	CTR_0	3.679	6.973	-11.987
P51157_PF00071_14_179	2HXS_A	CTR_0	19.961	21.232	10.74
P51159_PF00071_11_183	6HUF_D	CTR_0	3.845	74.812	85.06
P51161_PF14651_1_128	5L8I_B	CTR_0	67.104	-6.618	81.424
P51161_PF14651_1_128	5L8I_B	CTR_1	64.279	1.975	76.006
P51161_PF14651_1_128	5L8I_B	CTR_2	71.485	0.158	73.429
P51449_PF00104_309_488	7NPC_A	CTR_0	-3.92	-34.707	-6.315
P51449_PF00104_309_488	7NPC_A	CTR_1	-1.685	-43.847	-14.782
P51449_PF00104_309_488	7NPC_A	CTR_2	-0.242	-44.811	9.885
P51452_PF00782_37_176	3F81_A	CTR_0	-0.768	0.207	-6.903
P51512_PF00413_126_291	1RM8_A	CTR_0	0.524	2.935	48.016
P51531_PF00439_1411_1493	6HAZ_A	CTR_0	4.372	-6.35	1.017
P51532_PF00439_1462_1551	6ZS2_A	CTR_0	-6.473	7.168	21.168
P51553_PF00180_56_381	6L59_B	CTR_0	-41.446	24.746	-1.455
P51617_PF00069_212_517	6BFN_B	CTR_0	-40.151	10.135	28.159
P51659_PF00106_10_212	1ZBQ_F	CTR_0	22.262	-5.425	43.376
P51659_PF02036_628_731	1IKT_A	CTR_0	31.485	34.369	15.763
P51812_PF00069_422_679	4D9T_A	CTR_0	-30.173	12.466	-21.795
P51812_PF00069_68_327	4NW6_A	CTR_0	-16.363	1.308	-23.761
P51813_PF07714_417_666	3SXS_A	CTR_0	20.785	21.511	18.498
P51857_PF00248_20_304	3BUV_A	CTR_0	5.617	-15.911	2.75
P51857_PF00248_20_304	3BUV_A	CTR_1	15.224	-16.497	-4.194
P51955_PF00069_8_271	2W5A_A	CTR_0	-25.862	9.733	18.932
P52333_PF07714_822_1095	5LWM_A	CTR_0	19.757	26.987	35.6
P52333_PF07714_822_1095	5LWM_A	CTR_1	37.833	25.251	53.157
P52564_PF00069_53_314	3VN9_A	CTR_0	-6.125	-34.486	2.367
P52565_PF02115_12_201	1HH4_D	CTR_0	73.866	30.841	55.127
P52732_PF00225_24_359	6TLE_A	CTR_0	-19.07	-10.373	-9.933
P52732_PF00225_24_359	6TLE_A	CTR_1	-21.416	1.145	-15.957
P52732_PF00225_24_359	6TLE_A	CTR_2	-3.371	-17.407	-17.671
P52732_PF00225_24_359	6TLE_A	CTR_3	-20.251	-0.319	-21.715
P52788_PF01564_174_366	3C6K_C	CTR_0	-7.723	36.44	-54.4
P52848_PF00685_604_869	1NST_A	CTR_0	-32.97	-7.921	53.958
P52895_PF00248_18_301	4XO6_A	CTR_0	2.755	-0.008	5.003
P52895_PF00248_18_301	4XO6_A	CTR_1	10.722	-3.635	15.022
P53041_PF00149_235_431	4ZX2_A	CTR_0	4.023	-1.042	-10.15
P53350_PF00069_53_305	2RKU_A	CTR_0	-45.913	13.387	16.209
P53355_PF00069_13_275	2W4J_A	CTR_0	24.282	29.06	11.182
P53396_PF00285_883_1086	6HXM_A	CTR_0	72.187	16.91	18.669
P53396_PF16114_244_421	6O0H_A	CTR_0	128.456	155.953	183.132
P53582_PF00557_137_365	2GZ5_A	CTR_0	25.686	20.585	10.751
P53597_PF02629_53_146	6WCV_A	CTR_0	19.336	4.334	27.693
P53634_PF00112_231_458	3PDF_A	CTR_0	29.507	25.723	19.667
P53667_PF07714_339_604	3S95_B	CTR_0	47.586	27.633	71.774
P53667_PF07714_339_604	3S95_B	CTR_1	45.717	21.447	67.879
P53671_PF07714_331_601	7QHG_B	CTR_0	45.616	-12.059	108.503
P53778_PF00069_27_311	1CM8_A	CTR_0	41.822	75.997	4.002
P53779_PF00069_64_359	7ORF_A	CTR_0	63.063	11.12	30.846
P54278_PF13589_33_161	1EA6_B	CTR_0	41.0	46.722	0.96
P54619_PF00571_269_324	6C9F_C	CTR_0	-38.395	60.346	25.648
P54646_PF00069_16_268	3AQV_A	CTR_0	-4.557	46.781	10.065
P54687_PF01063_93_343	2COI_A	CTR_0	-38.658	-2.79	-15.216
P54753_PF07714_633_892	5L6O_A	CTR_0	14.852	3.162	-6.018
P54760_PF07714_615_874	2VX1_A	CTR_0	10.577	6.045	11.105
P54762_PF07714_619_878	5MJA_A	CTR_0	-0.72	46.575	-11.673
P54829_PF00102_323_553	6H8R_A	CTR_0	-5.049	-14.526	25.858
P54829_PF00102_323_553	6H8R_A	CTR_1	-10.712	-17.459	15.46
P54829_PF00102_323_553	6H8R_A	CTR_2	-21.0	5.277	19.521
P55040_PF00071_77_241	2CJW_A	CTR_0	-9.435	69.615	-0.289
P55042_PF00071_93_253	3Q72_A	CTR_0	-5.576	1.969	-6.174
P55055_PF00104_256_444	6S5K_A	CTR_0	-9.32	-12.948	-15.096
P55072_PF00004_241_371	7R7T_D	CTR_0	162.138	164.877	116.549
P55072_PF00004_514_647	7R7T_B	CTR_0	124.242	165.799	178.678
P55157_PF19444_592_889	6I7S_G	CTR_0	7.522	15.797	83.837
P55157_PF19444_592_889	6I7S_G	CTR_1	4.861	8.584	79.884
P55196_PF00595_1008_1090	2EXG_A	CTR_0	3.496	5.298	4.836
P55201_PF00439_637_720	5ETB_A	CTR_0	7.818	-10.782	5.621
P55201_PF00855_1086_1200	5C6S_A	CTR_0	-19.618	-3.287	26.217
P55210_PF00656_67_300	5V6Z_B	CTR_0	35.385	-9.985	8.009
P55210_PF00656_67_300	5V6Z_B	CTR_1	42.589	-11.79	10.143
P55263_PF00294_42_360	1BX4_A	CTR_0	40.302	14.81	37.298
P55263_PF00294_42_360	1BX4_A	CTR_1	44.266	25.527	50.439
P55263_PF00294_42_360	1BX4_A	CTR_2	38.955	9.021	38.253
P55899_PF00129_26_197	6NHA_A	CTR_0	17.428	-10.783	-62.189
P56524_PF00850_675_992	5A2S_B	CTR_0	-28.689	-32.257	-73.689
P56545_PF00389_36_358	2OME_E	CTR_0	7.795	-23.498	52.772
P56545_PF02826_139_323	2OME_A	CTR_0	9.193	-2.878	8.063
P57729_PF00071_11_179	6S5H_A	CTR_0	6.344	9.796	0.28
P57735_PF00071_14_175	3TSO_A	CTR_0	-0.515	17.544	14.926
P57772_PF00009_5_315	5IZL_A	CTR_0	-22.573	-51.55	24.069
P60568_PF00715_7_150	1M48_B	CTR_0	2.454	-13.276	34.782
P60568_PF00715_7_150	1M48_B	CTR_1	5.438	1.386	28.783
P60763_PF00071_5_178	2QME_A	CTR_0	-10.864	7.651	22.853
P60953_PF00071_5_178	2NGR_A	CTR_0	28.565	-0.49	10.47
P60953_PF00071_5_178	2NGR_A	CTR_1	28.944	-10.402	8.743
P61006_PF00071_10_171	4LHW_B	CTR_0	16.161	11.845	10.846
P61011_PF00448_101_296	6Y32_C	CTR_0	166.96	40.713	96.747
P61018_PF00071_10_171	2O52_A	CTR_0	21.253	-9.477	-2.938
P61019_PF00071_8_169	1Z0A_A	CTR_0	61.806	17.949	1.469
P61020_PF00071_22_183	2HEI_A	CTR_0	13.044	25.91	11.215
P61026_PF00071_11_172	5SZJ_A	CTR_0	34.662	26.2	-46.161
P61088_PF00179_7_144	4ONM_B	CTR_0	37.968	21.449	23.561
P61106_PF00071_13_174	1Z0F_A	CTR_0	4.633	10.73	6.349
P61204_PF00025_5_177	6II6_D	CTR_0	-0.495	21.585	-17.117
P61224_PF00071_5_167	4HDO_B	CTR_0	29.943	-3.411	24.906
P61586_PF00071_7_180	6V6U_A	CTR_0	-4.552	-1.776	6.931
P61586_PF00071_7_180	6V6U_A	CTR_1	1.217	10.753	-8.772
P61587_PF00071_25_199	1M7B_A	CTR_0	29.041	25.3	12.365
P61916_PF02221_21_147	5KWY_D	CTR_0	6.732	-35.46	26.343
P61981_PF00244_10_234	7A6Y_D	CTR_0	24.241	-1.503	40.453
P62070_PF00071_16_177	2ERY_B	CTR_0	-12.562	-14.071	-15.191
P62136_PF00149_57_252	3E7B_A	CTR_0	6.428	36.306	-14.702
P62136_PF00149_57_252	3E7B_A	CTR_1	15.423	22.837	-11.576
P62136_PF00149_57_252	3E7B_A	CTR_2	11.793	33.332	-13.455
P62166_PF13499_98_174	6QI4_C	CTR_0	-7.888	-13.198	31.057
P62330_PF00025_1_173	1E0S_A	CTR_0	5.45	14.548	47.438
P62491_PF00071_13_174	1OIX_A	CTR_0	15.417	13.662	8.122
P62508_PF00104_255_441	6I65_A	CTR_0	-16.773	-3.021	-26.556
P62745_PF00071_7_180	6HXU_A	CTR_0	26.218	-17.051	-11.506
P62820_PF00071_13_174	3SFV_A	CTR_0	120.454	48.3	13.553
P62826_PF00071_12_170	3GJ0_A	CTR_0	17.475	8.791	-9.353
P62834_PF00071_5_167	4KVG_C	CTR_0	-0.3	32.205	5.073
P62937_PF00160_7_163	6GJL_A	CTR_0	-1.575	17.07	-5.692
P62942_PF00254_13_105	1J4H_A	CTR_0	-34.975	37.839	32.643
P62993_PF00017_60_135	3IN8_A	CTR_0	-11.825	12.457	0.134
P63000_PF00071_5_178	1MH1_A	CTR_0	0.004	41.632	19.271
P63092_PF00503_20_383	7BPH_A	CTR_0	-21.093	-7.074	10.043
P63096_PF00503_13_343	6CRK_A	CTR_0	-70.557	-41.747	-14.115
P63104_PF00244_9_229	2O02_B	CTR_0	-41.238	-29.703	-7.635
P63104_PF00244_9_229	2O02_B	CTR_1	-34.589	-21.049	-22.495
P63104_PF00244_9_229	2O02_B	CTR_2	-38.921	-16.61	-20.906
P63104_PF00244_9_229	2O02_B	CTR_3	-27.996	-6.011	-19.89
P63104_PF00244_9_229	2O02_B	CTR_4	-50.997	-7.43	-33.049
P63104_PF00244_9_229	2O02_B	CTR_5	-37.41	-11.339	-15.445
P63279_PF00179_8_152	5F6V_A	CTR_0	12.186	9.432	110.811
P63316_PF13499_94_158	1IH0_A	CTR_0	56.637	6.454	0.547
P63316_PF13833_32_84	2L1R_A	CTR_0	57.233	4.969	-1.805
P68363_PF00091_3_214	6S8L_A	CTR_0	29.108	-0.133	16.332
P68400_PF00069_39_324	6YZH_A	CTR_0	-8.865	-24.857	-28.079
P68400_PF00069_39_324	6YZH_A	CTR_1	-6.931	-24.882	-16.765
P68400_PF00069_39_324	6YZH_A	CTR_2	-5.037	-27.115	-0.76
P68400_PF00069_39_324	6YZH_A	CTR_3	4.193	-26.083	-4.893
P68400_PF00069_39_324	6YZH_A	CTR_4	18.722	-5.574	-33.285
P68400_PF00069_39_324	6YZH_A	CTR_5	5.516	-12.712	-16.218
P68400_PF00069_39_324	6YZH_A	CTR_6	17.243	-4.138	-42.256
P68400_PF00069_39_324	6YZH_A	CTR_7	0.709	-24.065	-16.638
P68871_PF00042_26_142	6LCX_B	CTR_0	-1.244	27.057	5.481
P68871_PF00042_26_142	6LCX_B	CTR_1	1.94	25.647	-2.962
P68871_PF00042_26_142	6LCX_B	CTR_2	1.693	22.161	4.528
P68871_PF00042_26_142	6LCX_B	CTR_3	4.326	14.397	-5.687
P69905_PF00042_27_137	2DN1_A	CTR_0	40.804	28.832	15.929
P69905_PF00042_27_137	2DN1_A	CTR_1	32.54	39.347	19.281
P69905_PF00042_27_137	2DN1_A	CTR_2	42.096	24.594	22.963
P78325_PF01421_200_400	4DD8_D	CTR_0	39.464	-9.251	11.92
P78362_PF00069_81_230	2X7G_A	CTR_0	-24.125	39.91	-13.547
P78368_PF00069_46_299	2C47_A	CTR_0	4.243	36.735	19.521
P78540_PF00491_24_324	4HZE_B	CTR_0	54.522	61.248	42.912
P80188_PF00061_48_193	3DSZ_B	CTR_0	31.973	80.638	41.842
P80192_PF00069_144_403	3DTC_A	CTR_0	22.448	38.922	31.514
P82980_PF00061_6_134	6E5W_A	CTR_0	40.637	2.715	28.941
P84077_PF00025_3_177	1HUR_B	CTR_0	45.512	15.651	25.07
P84077_PF00025_3_177	1HUR_B	CTR_1	47.878	11.274	6.449
P84085_PF00025_5_177	2B6H_A	CTR_0	9.271	38.376	31.452
P84095_PF00071_5_178	6UKA_A	CTR_0	24.708	-3.77	19.265
P98073_PF00089_785_1014	6ZOV_C	CTR_0	51.989	104.329	110.179
P98170_PF00653_268_331	5C3K_A	CTR_0	-14.77	-19.089	-5.076
P99999_PF00034_4_103	2N3Y_A	CTR_0	26.906	26.184	31.257
Q00532_PF00069_5_288	4AGU_C	CTR_0	16.541	91.904	0.409
Q00534_PF00069_13_300	1XO2_B	CTR_0	-1.326	36.944	138.991
Q00535_PF00069_4_286	4AU8_B	CTR_0	-6.554	28.158	47.876
Q00536_PF00069_165_446	5G6V_A	CTR_0	58.425	23.61	41.51
Q00536_PF00069_165_446	5G6V_A	CTR_1	52.914	25.851	44.822
Q00796_PF00107_183_313	1PL8_D	CTR_0	89.483	15.905	-8.297
Q00987_PF02201_26_101	5C5A_B	CTR_0	9.836	17.61	-2.789
Q01064_PF00233_222_450	5UOY_A	CTR_0	-18.861	-21.084	-22.959
Q01469_PF00061_8_134	5HZ5_A	CTR_0	-13.08	7.248	-10.153
Q01813_PF00365_26_333	4XZ2_D	CTR_0	-14.608	216.073	192.402
Q01973_PF07714_473_746	6TU9_B	CTR_0	-3.386	46.547	-27.232
Q02083_PF02275_126_312	6DXX_D	CTR_0	47.834	-0.783	-12.439
Q02127_PF01180_77_377	4OQV_A	CTR_0	-3.526	-40.567	5.633
Q02127_PF01180_77_377	4OQV_A	CTR_1	8.91	-48.834	4.534
Q02127_PF01180_77_377	4OQV_A	CTR_2	5.061	-35.605	-1.875
Q02127_PF01180_77_377	4OQV_A	CTR_3	0.266	-33.547	26.49
Q02127_PF01180_77_377	4OQV_A	CTR_4	-3.943	-35.456	29.876
Q02153_PF07700_2_166	7D9R_B	CTR_0	101.899	115.843	114.723
Q02153_PF07700_2_166	7D9R_B	CTR_1	110.035	116.604	122.775
Q02224_PF00225_12_329	1T5C_A	CTR_0	-6.971	-0.746	55.011
Q02224_PF00225_12_329	1T5C_A	CTR_1	17.65	10.094	49.86
Q02750_PF00069_68_361	7B9L_A	CTR_0	-31.502	-3.757	16.776
Q02750_PF00069_68_361	7B9L_A	CTR_1	-28.36	-11.86	13.054
Q02763_PF07714_824_1092	6MWE_B	CTR_0	2.324	23.843	147.755
Q02790_PF00254_43_135	4LAY_A	CTR_0	18.823	-13.613	15.422
Q03111_PF03366_27_108	6HT0_A	CTR_0	-14.48	2.075	50.215
Q03111_PF03366_27_108	6HT0_A	CTR_1	-14.467	-3.62	54.357
Q03181_PF00104_236_422	5U3Q_B	CTR_0	45.212	-38.957	105.819
Q04759_PF00069_380_634	5F9E_B	CTR_0	23.6	75.419	-6.992
Q04771_PF07714_208_495	6SRH_A	CTR_0	-31.743	21.219	15.091
Q04828_PF00248_18_301	1MRQ_A	CTR_0	8.499	34.23	28.488
Q04828_PF00248_18_301	1MRQ_A	CTR_1	4.911	34.427	17.03
Q04912_PF07714_1082_1341	3PLS_A	CTR_0	30.322	24.101	7.137
Q05193_PF00350_34_207	2X2F_A	CTR_0	-8.368	-16.612	40.094
Q05397_PF07714_422_676	6YQ1_B	CTR_0	31.498	12.904	58.324
Q05397_PF07714_422_676	6YQ1_B	CTR_1	43.375	13.245	52.727
Q05823_PF00069_368_524	4OAV_D	CTR_0	6.496	17.333	75.114
Q06124_PF00102_273_520	2SHP_A	CTR_0	20.658	-21.983	30.42
Q06187_PF00169_4_133	6TSE_A	CTR_0	4.914	-16.196	17.688
Q06187_PF07714_402_651	5P9J_A	CTR_0	21.415	7.556	2.499
Q06520_PF00685_34_278	1J99_A	CTR_0	1.437	-46.226	36.157
Q06520_PF00685_34_278	1J99_A	CTR_1	10.796	-42.725	26.111
Q06609_PF08423_84_337	5NWL_G	CTR_0	116.774	-19.815	242.07
Q07075_PF01433_321_538	4KXB_A	CTR_0	-12.294	39.087	41.702
Q07343_PF00233_405_645	4KP6_A	CTR_0	-41.566	91.261	114.13
Q07869_PF00104_263_449	6LXA_A	CTR_0	12.206	4.307	-6.548
Q07912_PF07714_126_385	3EQR_B	CTR_0	-11.339	7.54	11.228
Q08345_PF07714_610_905	7BE6_A	CTR_0	-14.809	16.935	-19.612
Q08345_PF07714_610_905	7BE6_A	CTR_1	-22.334	12.6	-20.215
Q08499_PF00233_461_701	1Y2K_A	CTR_0	15.441	45.12	12.943
Q08881_PF07714_363_612	4HCU_A	CTR_0	4.779	4.629	23.7
Q08881_PF07714_363_612	4HCU_A	CTR_1	-6.293	8.834	13.6
Q09013_PF00069_71_339	2VD5_B	CTR_0	30.253	-77.766	14.704
Q09472_PF00439_1058_1144	5BT3_A	CTR_0	22.107	4.225	5.358
Q09472_PF08214_1306_1612	3BIY_A	CTR_0	-17.485	15.68	0.211
Q09472_PF08214_1306_1612	3BIY_A	CTR_1	-12.383	31.318	14.557
Q10471_PF00652_446_563	5AJO_A	CTR_0	39.746	37.905	-20.085
Q10588_PF02267_40_280	1ISJ_B	CTR_0	5.28	97.523	153.177
Q12797_PF05118_591_745	7BMI_A	CTR_0	58.343	17.387	14.843
Q12830_PF00439_2936_3019	5R4M_A	CTR_0	-9.518	6.653	-12.119
Q12852_PF07714_126_364	5CEQ_A	CTR_0	6.703	13.07	30.93
Q12866_PF07714_587_854	7AAZ_A	CTR_0	2.111	27.37	-4.706
Q12866_PF07714_587_854	7AAZ_A	CTR_1	-5.723	26.111	5.805
Q12888_PF09038_1483_1604	6VIP_B	CTR_0	4.531	-23.212	31.944
Q12931_PF02518_108_260	7C7B_A	CTR_0	-22.725	11.279	-11.51
Q13043_PF00069_30_281	6YAT_B	CTR_0	5.73	33.917	31.418
Q13093_PF03403_48_416	3F97_A	CTR_0	12.285	-8.118	27.88
Q13093_PF03403_48_416	3F97_A	CTR_1	8.015	-17.18	24.589
Q13126_PF01048_11_256	5TC6_A	CTR_0	60.659	15.952	29.07
Q13131_PF00069_27_279	6C9H_A	CTR_0	-19.466	22.923	-24.691
Q13131_PF00069_27_279	6C9H_A	CTR_1	-15.686	19.038	-23.303
Q13133_PF00104_244_431	5HJS_B	CTR_0	47.272	-42.632	27.351
Q13153_PF00069_270_521	5DEW_A	CTR_0	29.695	-13.866	12.842
Q13153_PF00069_270_521	5DEW_A	CTR_1	16.569	-14.455	14.201
Q13164_PF00069_55_347	5BYZ_A	CTR_0	1.304	-43.05	-10.616
Q13188_PF00069_27_278	5DH3_B	CTR_0	22.484	12.156	3.577
Q13231_PF00704_23_363	5NRA_A	CTR_0	94.646	30.878	22.858
Q13231_PF00704_23_363	5NRA_A	CTR_1	102.487	29.808	29.006
Q13232_PF00334_22_156	1ZS6_D	CTR_0	7.277	38.373	4.872
Q13237_PF00027_186_269	5C8W_F	CTR_0	-2.276	-7.727	-47.585
Q13237_PF00027_304_393	5JIX_A	CTR_0	-20.265	-2.437	-6.472
Q13257_PF02301_16_196	2VFX_F	CTR_0	41.031	9.66	4.406
Q13285_PF00104_250_442	1ZDT_B	CTR_0	16.916	-28.495	81.221
Q13303_PF00248_51_355	1ZSX_A	CTR_0	7.188	-38.17	23.731
Q13363_PF00389_30_352	1MX3_A	CTR_0	-1.858	26.653	52.127
Q13363_PF00389_30_352	1MX3_A	CTR_1	4.194	32.156	62.34
Q13363_PF02826_133_317	1MX3_A	CTR_0	-1.875	26.627	52.056
Q13370_PF00233_736_1007	1SO2_C	CTR_0	26.051	52.387	14.353
Q13418_PF07714_193_446	3REP_A	CTR_0	-7.266	2.462	11.652
Q13451_PF00254_43_135	7AOT_A	CTR_0	6.131	-2.685	-15.988
Q13464_PF00069_76_338	3V8S_B	CTR_0	-41.025	-58.517	27.076
Q13467_PF01392_33_140	5URY_A	CTR_0	-45.276	61.202	-9.668
Q13490_PF00653_272_337	4HY4_A	CTR_0	22.596	-10.409	-14.081
Q13509_PF00091_3_212	6S8L_B	CTR_0	1.283	-12.356	46.692
Q13510_PF02275_143_388	6MHM_D	CTR_0	35.196	-10.721	29.588
Q13523_PF00069_687_1003	4IIR_B	CTR_0	-26.905	-28.9	21.473
Q13523_PF00069_687_1003	4IIR_B	CTR_1	-30.446	-23.118	25.51
Q13526_PF00639_59_163	3I6C_A	CTR_0	9.193	-5.906	26.946
Q13546_PF07714_18_285	4ITJ_B	CTR_0	6.372	14.242	27.882
Q13554_PF00069_14_272	3BHH_B	CTR_0	34.533	28.522	-15.677
Q13555_PF00069_14_272	2V7O_A	CTR_0	-16.921	-26.953	-10.729
Q13557_PF00069_14_272	2WEL_A	CTR_0	22.731	-12.071	-2.506
Q13572_PF05770_119_318	2Q7D_B	CTR_0	-21.64	53.195	-5.309
Q13614_PF06602_192_529	1ZSQ_A	CTR_0	34.221	57.696	-54.696
Q13627_PF00069_159_479	6S1H_A	CTR_0	17.189	-55.199	36.304
Q13627_PF00069_159_479	6S1H_A	CTR_1	31.459	-51.349	26.847
Q13636_PF00071_7_168	2FG5_A	CTR_0	19.441	5.707	1.671
Q13637_PF00071_27_194	6FF8_B	CTR_0	3.612	-10.21	14.232
Q13873_PF00069_203_501	6UNP_B	CTR_0	-1.844	120.742	-1.119
Q13882_PF07714_191_441	6CZ4_A	CTR_0	-10.345	20.005	-28.127
Q13882_PF07714_191_441	6CZ4_A	CTR_1	-7.833	14.438	-29.184
Q13946_PF00233_211_443	1ZKL_A	CTR_0	-0.777	52.515	23.013
Q13976_PF00027_121_204	3OCP_A	CTR_0	-0.276	36.883	26.705
Q13976_PF00027_239_326	5L0N_A	CTR_0	6.776	58.655	19.689
Q13976_PF00069_360_619	6BG2_B	CTR_0	15.219	-39.993	19.289
Q14004_PF00069_705_998	5EFQ_C	CTR_0	12.392	-42.63	34.235
Q14004_PF00069_705_998	5EFQ_C	CTR_1	12.81	-46.768	39.365
Q14012_PF00069_20_276	4FG8_A	CTR_0	22.069	26.482	25.23
Q14028_PF00027_980_1069	7RHJ_B	CTR_0	147.039	98.322	160.091
Q14141_PF00735_39_312	7M6J_E	CTR_0	205.944	219.474	280.998
Q14145_PF00651_67_179	5DAD_A	CTR_0	-25.12	-4.4	10.587
Q14149_PF13589_26_164	6O1E_A	CTR_0	6.696	169.415	5.329
Q14204_PF12774_1868_2231	5NUG_A	CTR_0	44.307	36.201	-12.438
Q14204_PF12780_2907_3186	5NUG_B	CTR_0	5.299	-26.017	34.984
Q14289_PF07714_425_679	3FZT_A	CTR_0	-4.466	-2.754	12.313
Q14289_PF07714_425_679	3FZT_A	CTR_1	1.616	-9.202	11.2
Q14332_PF01392_39_145	6C0B_B	CTR_0	50.488	117.544	108.728
Q14376_PF16363_6_333	1I3M_A	CTR_0	18.056	10.282	36.093
Q14376_PF16363_6_333	1I3M_A	CTR_1	23.576	18.182	48.241
Q14416_PF00003_561_813	7MTS_A	CTR_0	196.501	186.889	172.412
Q14432_PF00233_751_1020	7L29_A	CTR_0	-19.773	-21.175	40.952
Q14541_PF00104_124_312	1LV2_A	CTR_0	56.342	73.246	41.398
Q14565_PF08423_83_338	7C9C_A	CTR_0	186.692	149.791	157.677
Q14680_PF00069_11_263	5K00_A	CTR_0	-4.204	-9.685	2.222
Q14807_PF00225_49_368	6NJE_A	CTR_0	22.309	34.451	69.604
Q14914_PF00107_153_293	2Y05_B	CTR_0	4.737	28.48	11.645
Q14994_PF00104_157_338	1XVP_D	CTR_0	25.531	54.16	29.509
Q14995_PF00104_397_578	4N73_A	CTR_0	12.185	-16.512	-24.707
Q15019_PF00735_34_313	6UPQ_A	CTR_0	15.346	13.846	14.044
Q15029_PF00009_127_440	6ID1_C	CTR_0	274.696	324.217	226.08
Q15046_PF00152_222_574	6ILD_B	CTR_0	-10.673	5.948	46.149
Q15047_PF18358_348_397	5KE2_A	CTR_0	17.545	44.62	11.799
Q15059_PF00439_315_403	3S92_A	CTR_0	30.383	24.206	17.435
Q15059_PF00439_42_128	6QJU_A	CTR_0	-1.732	1.92	-0.743
Q15109_PF00047_21_112	6XQ1_B	CTR_0	-25.201	-39.214	12.714
Q15109_PF00047_21_112	6XQ1_B	CTR_1	-30.129	-40.063	9.041
Q15109_PF00047_21_112	6XQ1_B	CTR_2	-35.274	-39.718	7.115
Q15119_PF02518_240_364	5J71_A	CTR_0	14.828	2.351	-36.279
Q15120_PF02518_236_362	1Y8O_A	CTR_0	-48.13	19.133	69.065
Q15208_PF00069_89_382	6BXI_B	CTR_0	159.641	-13.766	-26.194
Q15274_PF01729_114_284	4KWW_E	CTR_0	-44.805	17.916	-19.704
Q15286_PF00071_10_170	6IF3_B	CTR_0	-26.7	18.126	-23.891
Q15303_PF07714_718_974	2R4B_A	CTR_0	-15.258	16.969	-2.017
Q15375_PF07714_633_890	3DKO_A	CTR_0	-19.308	9.669	-10.698
Q15382_PF00071_8_169	6BSX_C	CTR_0	-20.032	5.707	-0.092
Q15382_PF00071_8_169	6BSX_C	CTR_1	-30.509	6.971	-14.954
Q15418_PF00069_62_321	2Z7Q_A	CTR_0	-0.701	-4.858	24.867
Q15562_PF17725_226_444	6UYB_A	CTR_0	-33.315	9.155	19.548
Q15562_PF17725_226_444	6UYB_A	CTR_1	-40.43	17.817	7.418
Q15652_PF02373_2381_2481	2YPD_B	CTR_0	25.041	-7.398	53.307
Q15661_PF00089_31_267	2ZEC_A	CTR_0	24.66	77.058	84.558
Q15759_PF00069_24_308	3GP0_A	CTR_0	19.868	66.538	24.276
Q15759_PF00069_24_308	3GP0_A	CTR_1	19.438	60.811	23.394
Q15771_PF00071_11_172	2EW1_A	CTR_0	-2.06	-3.357	-2.259
Q15811_PF14604_747_802	6H5T_A	CTR_0	42.01	34.268	55.716
Q15831_PF00069_49_309	2WTK_C	CTR_0	-72.708	44.974	40.288
Q15907_PF00071_13_174	2F9L_A	CTR_0	5.681	2.336	6.694
Q16181_PF00735_47_323	6UQQ_A	CTR_0	-6.057	-26.202	-9.941
Q16288_PF07714_538_824	6KZD_A	CTR_0	-9.083	-15.724	14.611
Q16512_PF00069_615_874	4OTG_A	CTR_0	-14.659	9.217	-13.695
Q16513_PF00069_657_916	4CRS_A	CTR_0	-11.414	33.31	194.78
Q16539_PF00069_24_308	5WJJ_A	CTR_0	18.378	-2.875	2.744
Q16539_PF00069_24_308	5WJJ_A	CTR_1	23.557	22.94	-15.158
Q16555_PF01979_64_453	5LXX_B	CTR_0	-21.965	46.367	18.558
Q16566_PF00069_46_300	2W4O_A	CTR_0	7.257	10.61	15.177
Q16620_PF07714_538_807	4AT5_A	CTR_0	-12.093	28.038	-17.714
Q16644_PF00069_44_304	3FHR_A	CTR_0	19.632	4.724	14.641
Q16651_PF00089_45_281	3DFL_A	CTR_0	-13.531	9.486	2.362
Q16654_PF02518_243_368	2E0A_A	CTR_0	44.991	9.598	11.899
Q16658_PF06268_20_134	6I16_A	CTR_0	0.604	-1.813	-12.025
Q16659_PF00069_20_316	6YLC_D	CTR_0	17.773	-5.05	-14.827
Q16678_PF00067_51_520	3PM0_A	CTR_0	-18.466	21.477	-19.882
Q16696_PF00067_34_491	4EJI_A	CTR_0	57.117	-25.492	21.791
Q16696_PF00067_34_491	4EJI_A	CTR_1	61.61	-31.016	18.765
Q16698_PF13561_65_304	1W6U_C	CTR_0	3.13	-17.461	21.599
Q16773_PF00155_28_415	4WLJ_A	CTR_0	26.239	4.059	6.817
Q16790_PF00194_136_390	5FL4_D	CTR_0	23.745	-18.654	28.461
Q16820_PF01400_69_257	7AQ1_A	CTR_0	9.651	46.375	13.667
Q16831_PF01048_54_304	3EUF_B	CTR_0	40.247	70.813	-28.167
Q16832_PF07714_563_849	6FER_H	CTR_0	53.584	24.881	59.024
Q16836_PF02737_29_214	1F0Y_B	CTR_0	9.598	0.939	-54.696
Q16850_PF00067_61_496	6UEZ_B	CTR_0	-15.696	-69.31	-17.525
Q16850_PF00067_61_496	6UEZ_B	CTR_1	-10.215	-74.726	-25.531
Q16854_PF01712_41_275	2OCP_E	CTR_0	61.894	67.193	63.579
Q16875_PF01591_24_246	6HVI_A	CTR_0	92.118	48.825	266.804
Q16875_PF01591_24_246	6HVI_A	CTR_1	97.226	49.274	252.983
Q16875_PF01591_24_246	6HVI_A	CTR_2	103.386	50.504	250.952
Q16881_PF07992_163_500	3QFA_B	CTR_0	51.829	21.653	-103.933
Q16881_PF07992_163_500	3QFA_B	CTR_1	46.521	20.854	-89.355
Q2M1P5_PF00225_21_349	6MLR_C	CTR_0	54.214	122.233	106.269
Q2M2I8_PF00069_46_312	5TE0_A	CTR_0	-4.233	-30.873	-9.487
Q460N3_PF01661_322_424	3V2B_A	CTR_0	10.409	22.366	-3.964
Q460N5_PF01661_1032_1148	5O2D_A	CTR_0	29.993	-22.442	-20.809
Q460N5_PF01661_1032_1148	5O2D_A	CTR_1	22.146	-21.079	-22.961
Q460N5_PF01661_1245_1347	4ABK_A	CTR_0	6.428	18.299	-21.638
Q460N5_PF01661_820_937	4D86_A	CTR_0	34.738	5.597	20.08
Q49A26_PF03446_269_430	2UYY_D	CTR_0	14.435	46.648	48.369
Q58F21_PF00439_276_364	7L99_C	CTR_0	-29.566	16.591	15.856
Q58F21_PF00439_35_121	4KCX_B	CTR_0	28.608	-35.976	31.062
Q59H18_PF07714_463_719	4YFI_D	CTR_0	-14.592	-21.659	-28.819
Q5FWF5_PF13880_763_831	4MXE_A	CTR_0	28.377	39.532	34.51
Q5S007_PF00069_1881_2132	7LI4_A	CTR_0	168.114	208.055	195.727
Q5S007_PF08477_1336_1455	7LI4_A	CTR_0	188.392	212.992	134.702
Q5TA50_PF08718_27_177	4K84_A	CTR_0	-3.015	31.385	64.248
Q5TCX8_PF07714_124_398	4UYA_A	CTR_0	25.418	-5.453	14.336
Q5TCY1_PF00069_34_305	4NFN_A	CTR_0	9.537	21.195	24.242
Q5VTE6_PF03372_170_533	6RVZ_A	CTR_0	-40.945	37.957	6.016
Q5VWZ2_PF02230_9_229	5KRE_A	CTR_0	21.409	43.491	27.343
Q6B0I6_PF02373_179_295	6H10_A	CTR_0	-4.202	-10.529	-17.01
Q6B0I6_PF02373_179_295	6H10_A	CTR_1	-19.433	-5.188	-23.887
Q6DD88_PF02263_36_310	5VGR_A	CTR_0	129.17	-1.293	29.359
Q6IA69_PF02540_337_651	6OFB_B	CTR_0	-3.76	62.508	49.667
Q6IMI6_PF00685_46_297	2REO_A	CTR_0	15.426	-25.091	5.082
Q6IQ22_PF00071_44_206	2IL1_A	CTR_0	-7.515	16.331	13.998
Q6IQ55_PF00069_21_272	6VRF_A	CTR_0	-18.989	12.346	-0.002
Q6L8Q7_PF03372_298_599	4Z2B_A	CTR_0	-11.332	-11.547	29.722
Q6NVY1_PF16113_46_376	3BPT_A	CTR_0	44.01	0.527	11.641
Q6NYC1_PF02373_174_288	6MEV_A	CTR_0	205.719	28.187	53.791
Q6P179_PF01433_298_541	7PFS_A	CTR_0	19.972	0.712	3.23
Q6P179_PF01433_298_541	7PFS_A	CTR_1	24.958	-1.085	5.583
Q6P6C2_PF13532_92_293	4NRQ_A	CTR_0	14.992	5.554	15.233
Q6PHR2_PF00069_14_270	6FDY_U	CTR_0	22.458	186.619	-60.014
Q6PHW0_PF00881_97_267	5YAK_E	CTR_0	-45.37	-62.187	64.023
Q6PL18_PF00439_993_1074	5R4V_A	CTR_0	27.469	45.501	-11.183
Q6UWP2_PF00106_12_214	1XG5_B	CTR_0	13.825	92.215	13.876
Q6UWY2_PF00089_34_258	4Q7Z_A	CTR_0	-16.678	-5.836	-0.603
Q6V1X1_PF00326_683_891	7OR4_B	CTR_0	-42.401	34.084	25.298
Q6V1X1_PF00326_683_891	7OR4_B	CTR_1	-36.552	27.18	16.895
Q6VAB6_PF07714_666_928	7JUR_B	CTR_0	-67.173	55.711	-5.327
Q6VVX0_PF00067_40_498	3CZH_B	CTR_0	-25.032	19.661	-12.856
Q6YN16_PF00106_11_209	3KVO_A	CTR_0	16.767	11.741	92.785
Q712K3_PF00179_12_169	6NYO_A	CTR_0	98.19	216.906	250.375
Q71U36_PF00091_3_214	6WSL_A	CTR_0	125.888	129.798	106.876
Q7KZF4_PF00565_220_328	7KNW_A	CTR_0	-54.804	53.912	-47.581
Q7KZI7_PF00069_53_304	5EAK_A	CTR_0	41.932	34.055	0.503
Q7L0Q8_PF00071_51_223	2Q3H_A	CTR_0	11.782	-12.986	17.636
Q7L1T6_PF00175_395_503	6MV2_A	CTR_0	48.826	3.264	-4.016
Q7L523_PF04670_9_235	6S6D_A	CTR_0	8.233	8.818	13.711
Q7L8A9_PF14822_58_302	6J7B_A	CTR_0	55.021	78.377	29.289
Q7LBC6_PF02373_1594_1704	5RB5_A	CTR_0	-11.329	81.304	145.062
Q7LBC6_PF02373_1594_1704	5RB5_A	CTR_1	-3.682	96.438	126.001
Q7RTN6_PF00069_69_379	3GNI_B	CTR_0	1.93	-21.784	-29.966
Q7Z4W1_PF13561_14_242	3D3W_B	CTR_0	14.144	10.111	-18.187
Q86TI2_PF00326_658_863	6X6C_A	CTR_0	163.976	175.901	177.8
Q86TM3_PF00270_246_417	3IUY_B	CTR_0	25.055	-36.29	0.38
Q86U86_PF00439_186_275	6ZNV_A	CTR_0	18.775	-2.715	14.378
Q86U86_PF00439_667_751	5FH7_B	CTR_0	9.64	18.713	30.449
Q86UE8_PF00069_462_741	5O0Y_A	CTR_0	-14.544	-33.083	22.481
Q86UW9_PF18102_480_614	6Y3J_A	CTR_0	47.238	42.577	35.96
Q86V25_PF14822_47_291	6J4P_A	CTR_0	-25.977	2.648	-21.1
Q86VU5_PF01596_59_262	2AVD_A	CTR_0	3.842	4.562	19.988
Q86WA6_PF00561_61_195	2OCI_A	CTR_0	-26.109	172.19	-27.065
Q86WJ1_PF00176_49_328	7EPU_B	CTR_0	-21.898	-27.259	41.195
Q86Y01_PF18102_479_613	6Y5P_B	CTR_0	73.665	57.432	-0.142
Q86Y07_PF00069_29_311	5UU1_A	CTR_0	-0.357	-18.614	-12.128
Q86YS6_PF00071_20_182	2HUP_A	CTR_0	-10.071	9.066	-19.222
Q86YV6_PF00069_106_361	2X4F_B	CTR_0	42.84	44.617	-1.202
Q8IU60_PF00293_95_221	5QOQ_A	CTR_0	-38.502	20.881	79.25
Q8IU60_PF00293_95_221	5QOQ_A	CTR_1	-53.361	19.944	85.66
Q8IU85_PF00069_23_279	6T6F_B	CTR_0	-40.024	22.978	-22.652
Q8IUN9_PF00059_198_306	6PY1_A	CTR_0	0.321	17.378	-5.435
Q8IVH4_PF03308_101_384	2WWW_D	CTR_0	26.2	26.069	76.949
Q8IVH8_PF00069_16_273	5J5T_A	CTR_0	18.859	-8.267	12.498
Q8IVS2_PF00698_64_346	2C2N_A	CTR_0	47.002	6.236	35.104
Q8IVT5_PF07714_613_877	7JUW_B	CTR_0	-5.922	63.81	-6.551
Q8IVW4_PF00069_4_286	3ZDU_A	CTR_0	25.551	18.958	60.874
Q8IWA4_PF00350_78_238	5GOM_A	CTR_0	-19.124	13.639	30.707
Q8IXI2_PF00071_6_168	6D71_B	CTR_0	5.249	-10.46	5.403
Q8IYK8_PF00071_116_279	3CBQ_A	CTR_0	6.6	27.855	-2.402
Q8IYM1_PF00735_46_323	6MQ9_A	CTR_0	-54.061	-25.156	3.507
Q8IYT8_PF00069_9_271	6QAV_C	CTR_0	-109.025	-15.901	9.731
Q8IZ41_PF00071_543_710	2P5S_B	CTR_0	-56.547	-1.951	-34.568
Q8IZT8_PF00685_90_339	3BD9_A	CTR_0	-3.206	13.576	58.119
Q8IZX4_PF00439_1530_1614	5IGL_A	CTR_0	3.123	25.204	27.933
Q8N1Q1_PF00194_12_261	5OGJ_B	CTR_0	-38.643	-35.909	21.572
Q8N371_PF13621_192_416	6I9L_A	CTR_0	6.081	-8.948	-25.826
Q8N371_PF13621_192_416	6I9L_A	CTR_1	8.263	-12.41	-22.489
Q8N423_PF13895_28_118	6BCS_A	CTR_0	-35.258	1.405	-8.162
Q8N465_PF01565_100_239	6LPN_A	CTR_0	2.924	-19.113	25.205
Q8N4Q0_PF00107_184_322	2C0C_A	CTR_0	42.337	11.928	-0.903
Q8N4T8_PF13561_8_234	4CQM_B	CTR_0	23.56	-52.34	39.713
Q8N543_PF13661_141_238	4NHY_A	CTR_0	-10.241	44.107	-62.846
Q8N5S9_PF00069_128_409	6CCF_B	CTR_0	37.008	34.747	61.277
Q8N5Z0_PF00155_43_417	5TF5_B	CTR_0	63.119	0.848	28.081
Q8N5Z0_PF00155_43_417	5TF5_B	CTR_1	59.315	7.353	6.778
Q8N6N7_PF00887_4_79	3EPY_A	CTR_0	72.307	12.908	-12.469
Q8N6R0_PF01564_472_628	5WCJ_A	CTR_0	-6.173	4.13	-29.901
Q8N8N7_PF00107_166_305	2ZB4_A	CTR_0	10.155	34.639	62.648
Q8NB16_PF07714_209_466	7MON_A	CTR_0	-18.913	-15.785	-4.604
Q8NB78_PF01593_392_820	4HSU_A	CTR_0	29.217	-24.965	18.465
Q8NBP7_PF00082_177_437	6U3X_B	CTR_0	-6.302	24.587	-25.401
Q8NBZ7_PF16363_92_387	2B69_A	CTR_0	41.62	35.331	25.277
Q8NBZ7_PF16363_92_387	2B69_A	CTR_1	51.207	19.106	23.228
Q8NBZ7_PF16363_92_387	2B69_A	CTR_2	31.384	47.925	39.676
Q8NC06_PF00887_13_92	2WH5_E	CTR_0	2.792	62.614	79.651
Q8NC06_PF00887_13_92	2WH5_E	CTR_1	-4.317	58.987	80.959
Q8NCM8_PF12774_1651_1986	4RH7_A	CTR_0	-38.188	381.975	25.789
Q8NCM8_PF12775_2262_2433	4RH7_A	CTR_0	21.248	368.98	37.149
Q8NCM8_PF12780_2625_2882	4RH7_A	CTR_0	10.446	331.824	45.277
Q8NHV1_PF04548_9_221	3ZJC_A	CTR_0	7.593	-12.384	0.507
Q8NI60_PF03109_299_541	5I35_A	CTR_0	58.882	27.252	20.14
Q8NI77_PF00225_17_355	3LRE_B	CTR_0	68.819	82.932	7.052
Q8NI77_PF00225_17_355	3LRE_B	CTR_1	72.814	72.149	8.667
Q8TAI7_PF00071_8_169	3OES_A	CTR_0	-19.804	29.111	2.666
Q8TBC4_PF00899_56_366	1R4N_B	CTR_0	54.663	96.53	15.542
Q8TBG4_PF00202_26_433	6TOR_B	CTR_0	-32.021	12.479	1.139
Q8TCB7_PF08242_84_183	7EZG_A	CTR_0	24.256	34.403	54.292
Q8TDQ0_PF07686_21_130	7M3Y_B	CTR_0	15.622	5.295	-23.391
Q8TDQ0_PF07686_21_130	7M3Y_B	CTR_1	15.839	19.517	-0.352
Q8TDX5_PF04909_3_330	4IH3_D	CTR_0	44.052	8.676	15.895
Q8TDX7_PF00069_34_292	2WQN_A	CTR_0	-16.809	-30.684	-41.966
Q8TDX7_PF00069_34_292	2WQN_A	CTR_1	-11.348	-32.512	-46.605
Q8TE76_PF13589_48_182	7K7T_B	CTR_0	-8.997	26.589	-31.354
Q8TEK3_PF08123_115_317	6TE6_A	CTR_0	34.937	-5.166	14.467
Q8TEK3_PF08123_115_317	6TE6_A	CTR_1	40.003	-14.765	20.748
Q8WU08_PF00069_23_281	4FR4_F	CTR_0	-52.318	192.887	-42.896
Q8WUD1_PF00071_8_169	2A5J_A	CTR_0	32.119	-10.725	15.909
Q8WUI4_PF00850_541_859	3C10_A	CTR_0	-4.241	-5.703	10.291
Q8WVM0_PF00398_26_303	6AAX_A	CTR_0	-6.299	43.863	-29.289
Q8WWP7_PF04548_28_238	3V70_A	CTR_0	28.101	23.346	113.938
Q8WWQ0_PF00439_1325_1409	5S9G_A	CTR_0	-20.142	13.937	26.522
Q8WXF7_PF02263_43_314	6B9F_B	CTR_0	-34.033	4.202	57.447
Q92506_PF13561_18_260	2PD6_B	CTR_0	-2.467	-13.276	22.141
Q92599_PF00735_41_314	6UPR_B	CTR_0	25.898	1.877	23.661
Q92630_PF00069_222_535	5LXC_A	CTR_0	44.526	12.501	16.063
Q92730_PF00071_15_188	3Q3J_B	CTR_0	9.959	31.492	15.377
Q92731_PF00104_283_482	3OLL_A	CTR_0	-11.426	36.439	11.635
Q92769_PF00850_29_320	7KBG_A	CTR_0	72.075	32.901	1.204
Q92769_PF00850_29_320	7KBG_A	CTR_1	64.541	7.567	-0.923
Q92772_PF00069_4_287	4AAA_A	CTR_0	31.122	10.768	76.552
Q92793_PF00439_1094_1180	5I86_A	CTR_0	-53.543	0.736	-10.365
Q92830_PF00439_737_820	6J3P_A	CTR_0	-16.069	-5.676	13.502
Q92831_PF00439_732_815	5FE6_A	CTR_0	0.202	9.426	34.068
Q92835_PF03372_409_701	5RW2_A	CTR_0	-35.564	22.353	-1.024
Q92835_PF03372_409_701	5RW2_A	CTR_1	-38.684	9.293	3.102
Q92835_PF03372_409_701	5RW2_A	CTR_2	-25.825	-6.886	-22.465
Q92835_PF03372_409_701	5RW2_A	CTR_3	-38.711	-1.839	-16.384
Q92835_PF03372_409_701	5RW2_A	CTR_4	-29.509	-7.949	-18.099
Q92876_PF00089_22_237	1LO6_A	CTR_0	41.021	86.458	71.845
Q92918_PF00069_17_274	7R9N_A	CTR_0	-41.124	-73.748	264.595
Q92963_PF00071_23_184	4KLZ_A	CTR_0	19.699	3.336	0.007
Q92997_PF00595_249_334	6ZC7_B	CTR_0	64.788	-10.11	-25.642
Q93091_PF00074_29_147	6MV7_A	CTR_0	-2.813	-6.621	22.843
Q95460_PF00129_23_198	6PUD_A	CTR_0	45.728	72.59	226.121
Q95460_PF00129_23_198	6PUD_A	CTR_1	34.004	79.745	224.62
Q969G6_PF01687_2_130	1NB9_A	CTR_0	-0.75	22.883	24.229
Q969G6_PF01687_2_130	1NB9_A	CTR_1	0.08	31.888	32.845
Q969R5_PF02820_540_608	3F70_A	CTR_0	28.958	18.641	-55.565
Q96A58_PF00071_8_169	2ATV_A	CTR_0	7.22	19.365	7.881
Q96AT9_PF00834_6_201	3OVP_B	CTR_0	15.688	11.622	-7.513
Q96AT9_PF00834_6_201	3OVP_B	CTR_1	20.565	3.512	-14.627
Q96BM9_PF00025_8_181	2H18_A	CTR_0	-10.283	1.864	45.898
Q96C45_PF00069_4_280	6U5L_A	CTR_0	23.935	51.184	96.146
Q96CA5_PF00653_90_155	2I3I_A	CTR_0	78.863	62.475	14.501
Q96DA2_PF00071_10_173	6S5F_A	CTR_0	22.155	0.919	7.959
Q96E17_PF00071_32_193	6Y7G_B	CTR_0	-6.478	3.554	32.671
Q96EP1_PF10283_632_661	2XOZ_B	CTR_0	63.185	-22.254	4.863
Q96F15_PF04548_28_239	6Z3E_A	CTR_0	10.904	-0.805	28.115
Q96GD4_PF00069_77_327	4AF3_A	CTR_0	20.833	-22.129	-10.387
Q96GX5_PF00069_35_202	5LOH_B	CTR_0	-6.799	17.279	-47.334
Q96HN2_PF00670_370_531	3GVP_A	CTR_0	11.769	55.225	103.318
Q96HN2_PF05221_319_610	3GVP_B	CTR_0	-18.913	26.121	102.377
Q96HU8_PF00071_9_171	2ERX_B	CTR_0	-25.411	20.031	33.731
Q96I15_PF00266_32_430	3GZD_A	CTR_0	40.005	16.715	34.331
Q96IY4_PF00246_129_411	4P10_A	CTR_0	24.553	0.613	22.008
Q96JA3_PF08718_330_472	5KDI_B	CTR_0	43.391	20.932	24.034
Q96KC2_PF00025_1_176	1YZG_A	CTR_0	11.879	-6.14	-1.125
Q96KS0_PF13640_282_375	5V1B_A	CTR_0	14.1	24.989	-2.428
Q96L34_PF00069_59_310	5ES1_A	CTR_0	-44.654	-22.88	-3.98
Q96LA8_PF13649_86_182	4QQK_A	CTR_0	-10.13	28.861	6.322
Q96LI5_PF03372_192_529	5DV4_A	CTR_0	-32.488	15.399	15.887
Q96MU7_PF04146_355_432	6T02_A	CTR_0	23.393	-25.912	26.256
Q96NX5_PF00069_23_277	2JAM_B	CTR_0	2.582	11.741	33.517
Q96PN6_PF00211_285_464	4OYO_A	CTR_0	18.049	31.261	-6.913
Q96PN6_PF00211_37_218	4OZ3_A	CTR_0	17.628	24.052	-7.309
Q96PP8_PF02263_18_280	7E5A_A	CTR_0	33.48	-7.235	-3.141
Q96PY6_PF00069_4_258	4B9D_B	CTR_0	34.451	9.691	-69.2
Q96R05_PF00061_6_134	6E6K_A	CTR_0	-10.568	3.289	18.033
Q96RG2_PF00069_999_1251	3DLS_F	CTR_0	73.91	9.437	43.984
Q96RI1_PF00104_289_471	6HL1_A	CTR_0	11.945	-14.222	11.528
Q96RR4_PF00069_165_446	5UYJ_A	CTR_0	-23.446	-16.041	-11.647
Q96SB4_PF00069_80_231	5MY8_A	CTR_0	10.317	51.875	28.388
Q96SW2_PF03226_319_437	5FQD_E	CTR_0	11.985	39.755	-58.146
Q96T66_PF01467_10_208	1NUU_A	CTR_0	7.791	8.973	17.709
Q96T66_PF01467_10_208	1NUU_A	CTR_1	8.936	8.167	12.668
Q96T66_PF01467_10_208	1NUU_A	CTR_2	7.835	7.86	23.509
Q96T88_PF12148_132_284	6VYJ_A	CTR_0	-5.115	2.456	25.874
Q96T88_PF12148_132_284	6VYJ_A	CTR_1	-1.155	13.571	21.546
Q99259_PF00282_144_518	3VP6_B	CTR_0	17.508	-4.33	24.373
Q99418_PF01369_61_243	4JXH_A	CTR_0	28.116	9.963	54.453
Q99436_PF00227_40_221	5LF1_H	CTR_0	62.995	207.236	44.264
Q99447_PF01467_217_333	3ELB_A	CTR_0	22.944	3.01	54.165
Q99447_PF01467_26_152	4XSV_A	CTR_0	-35.149	-3.171	7.346
Q99489_PF01266_5_324	6RKF_E	CTR_0	40.467	-68.59	-43.867
Q99496_PF16207_246_330	3IXS_C	CTR_0	6.666	23.224	99.708
Q99497_PF01965_4_171	6AFC_A	CTR_0	24.616	-34.554	-2.489
Q99497_PF01965_4_171	6AFC_A	CTR_1	31.464	-26.129	-25.082
Q99536_PF13602_232_385	6LHR_A	CTR_0	-65.111	-20.309	22.233
Q99558_PF00069_401_649	4IDT_B	CTR_0	76.658	46.95	137.15
Q99594_PF17725_223_432	7CNL_D	CTR_0	-24.659	9.831	-5.318
Q99640_PF00069_110_359	5VCZ_A	CTR_0	8.478	-3.359	-2.264
Q99661_PF00225_264_588	5MIO_C	CTR_0	-43.503	-40.915	56.214
Q99683_PF00069_682_938	6E2N_A	CTR_0	-4.52	-25.603	52.304
Q99707_PF00809_375_613	4CCZ_A	CTR_0	-26.858	44.651	0.713
Q99714_PF00106_11_213	2O23_B	CTR_0	42.807	43.13	5.298
Q99814_PF08447_254_341	3H82_A	CTR_0	9.244	-9.456	5.854
Q99873_PF13649_92_189	6NT2_A	CTR_0	12.537	28.169	41.914
Q99986_PF00069_37_324	6BU6_A	CTR_0	28.64	4.041	14.002
Q9BPX1_PF13561_14_250	6H0M_A	CTR_0	-14.373	36.026	-18.409
Q9BPX1_PF13561_14_250	6H0M_A	CTR_1	-6.396	29.959	-12.806
Q9BQ69_PF01661_170_283	6LH4_D	CTR_0	-23.393	-6.376	31.028
Q9BTZ2_PF13561_38_275	3O4R_B	CTR_0	8.58	16.999	21.957
Q9BUB5_PF00069_50_172	5WVD_B	CTR_0	-19.105	-50.977	43.194
Q9BUP3_PF13460_25_214	2BKA_A	CTR_0	13.072	48.2	52.555
Q9BUT1_PF13561_13_244	2AG5_D	CTR_0	62.583	-14.547	13.553
Q9BV23_PF00561_72_313	7OTS_B	CTR_0	68.617	-2.832	65.977
Q9BVA1_PF00091_3_212	6E7C_B	CTR_0	-91.313	-68.218	-70.779
Q9BVG8_PF00225_451_768	5WDE_A	CTR_0	-7.653	32.589	45.283
Q9BWT3_PF04928_20_363	4LT6_B	CTR_0	-31.079	-10.074	-10.257
Q9BX68_PF01230_61_158	5KM9_B	CTR_0	-9.623	-3.601	3.151
Q9BXF3_PF00439_443_526	5V84_C	CTR_0	48.381	20.598	4.179
Q9BY32_PF01725_10_188	2J4E_E	CTR_0	2.148	50.973	19.219
Q9BY41_PF00850_31_322	7JVU_B	CTR_0	17.686	36.339	26.781
Q9BY76_PF00147_184_400	6U1U_A	CTR_0	-8.548	-48.536	-2.247
Q9BYP7_PF00069_147_405	5O26_B	CTR_0	18.501	23.177	32.399
Q9BZ11_PF01421_210_409	1R55_A	CTR_0	9.381	13.944	25.293
Q9BZ95_PF00855_271_380	6G25_A	CTR_0	-3.59	8.486	-20.826
Q9BZ95_PF00855_271_380	6G25_A	CTR_1	-2.897	19.483	-17.132
Q9BZP6_PF00704_23_365	3FY1_A	CTR_0	0.649	48.995	67.439
Q9BZX2_PF00485_22_217	1UJ2_A	CTR_0	-1.695	12.934	49.747
Q9BZX2_PF00485_22_217	1UJ2_A	CTR_1	7.066	10.645	59.159
Q9C0B1_PF12933_36_325	4IE5_A	CTR_0	30.972	-7.127	-28.225
Q9GZT9_PF13640_298_391	4BQY_A	CTR_0	-41.719	-20.084	3.308
Q9GZZ9_PF00899_53_309	6H77_C	CTR_0	38.401	-4.448	54.254
Q9H082_PF00071_35_201	6Y09_B	CTR_0	5.385	143.039	31.316
Q9H0F7_PF00025_4_181	2H57_C	CTR_0	12.09	51.117	33.326
Q9H0U4_PF00071_10_171	3NKV_A	CTR_0	-15.189	19.044	-7.186
Q9H227_PF00232_1_465	2E9L_A	CTR_0	3.963	33.368	1.742
Q9H227_PF00232_1_465	2E9L_A	CTR_1	5.416	19.854	19.162
Q9H2G2_PF00069_34_292	6HVD_A	CTR_0	12.684	92.538	5.865
Q9H2K8_PF00069_24_277	6BDN_A	CTR_0	64.304	10.276	122.882
Q9H2X6_PF00069_199_527	7NCF_A	CTR_0	-34.113	-40.976	5.507
Q9H3R0_PF02373_177_293	5FJK_A	CTR_0	-13.551	-19.919	-3.258
Q9H422_PF00069_197_525	7O7J_A	CTR_0	-54.535	7.981	-46.314
Q9H477_PF00294_15_314	5C40_A	CTR_0	-19.741	16.418	-31.654
Q9H492_PF02991_15_120	6TBE_A	CTR_0	12.37	21.09	4.47
Q9H492_PF02991_15_120	6TBE_A	CTR_1	12.253	18.564	-2.661
Q9H4A3_PF00069_221_479	5WE8_B	CTR_0	57.975	4.708	20.082
Q9H4A3_PF00069_221_479	5WE8_B	CTR_1	45.943	9.583	22.062
Q9H4B4_PF00069_62_314	4B6L_A	CTR_0	54.89	-5.016	-8.046
Q9H8M2_PF00439_142_228	6BQA_A	CTR_0	-46.101	-28.289	3.383
Q9HA47_PF00485_25_219	2UVQ_A	CTR_0	-7.317	-14.688	-25.542
Q9HAN9_PF01467_12_229	1KQN_F	CTR_0	56.606	14.741	19.857
Q9HAN9_PF01467_12_229	1KQN_F	CTR_1	57.817	9.885	21.946
Q9HAQ2_PF00225_12_340	3NWN_A	CTR_0	34.365	42.506	23.948
Q9HAZ1_PF00069_159_475	6FYV_A	CTR_0	-29.478	22.698	-18.49
Q9HB90_PF04670_63_289	6WJ2_G	CTR_0	167.046	180.712	194.196
Q9HBH1_PF01327_64_234	3G5K_C	CTR_0	10.604	-29.23	-24.879
Q9HBH9_PF00069_84_368	2HW7_A	CTR_0	-1.653	69.232	-2.005
Q9HCP0_PF00069_44_304	2CMW_A	CTR_0	29.356	46.535	5.588
Q9HCP0_PF00069_44_304	2CMW_A	CTR_1	17.088	37.558	2.963
Q9HD40_PF05889_61_459	4ZDL_B	CTR_0	8.495	30.036	76.56
Q9HD67_PF00063_65_727	5I0H_A	CTR_0	9.215	-12.752	6.944
Q9NP72_PF00071_10_171	1X3S_A	CTR_0	29.183	32.23	18.11
Q9NP87_PF14792_290_387	5VZI_A	CTR_0	4.776	-2.756	-6.709
Q9NP90_PF00071_9_174	2OCB_A	CTR_0	-33.428	10.538	19.977
Q9NPD8_PF00179_6_147	5NGZ_A	CTR_0	0.096	12.376	0.575
Q9NPI1_PF00439_140_223	5MQ1_A	CTR_0	14.951	154.534	44.945
Q9NQ11_PF00702_507_788	7VPJ_A	CTR_0	87.18	87.101	51.227
Q9NQH7_PF00557_253_482	5X49_B	CTR_0	-1.831	-17.985	27.629
Q9NQT8_PF00225_11_353	3GBJ_B	CTR_0	-25.363	-40.078	35.22
Q9NQU5_PF00069_407_658	4KS7_A	CTR_0	30.262	37.355	26.545
Q9NQW7_PF00557_328_544	3CTZ_A	CTR_0	7.028	62.845	60.046
Q9NQX4_PF00063_69_741	4ZG4_B	CTR_0	13.051	9.381	10.291
Q9NR30_PF00270_210_385	6L5N_B	CTR_0	59.526	15.418	16.606
Q9NR31_PF00025_12_197	2GAO_B	CTR_0	29.483	7.736	42.157
Q9NRD5_PF00595_22_102	6AR4_A	CTR_0	-15.306	6.332	5.543
Q9NRD9_PF08030_1380_1534	7D3F_A	CTR_0	107.406	69.53	130.039
Q9NRF8_PF06418_2_272	7MII_A	CTR_0	132.565	142.638	148.94
Q9NRF8_PF06418_2_272	7MII_A	CTR_1	126.568	143.014	145.395
Q9NRG1_PF00156_43_203	2JBH_B	CTR_0	52.972	62.508	16.767
Q9NRN9_PF05175_35_170	6H2U_A	CTR_0	7.546	10.459	0.09
Q9NRW1_PF00071_15_175	2FFQ_A	CTR_0	15.315	28.082	31.312
Q9NS87_PF00225_32_363	4BN2_B	CTR_0	-24.871	13.531	-53.579
Q9NSY1_PF00069_51_314	4W9W_A	CTR_0	4.925	-19.422	-49.579
Q9NUI1_PF13561_33_271	4FC7_C	CTR_0	22.396	-22.692	7.86
Q9NUI1_PF13561_33_271	4FC7_C	CTR_1	13.773	-21.051	1.652
Q9NV35_PF00293_11_144	7B67_A	CTR_0	-7.134	14.973	-10.72
Q9NVA2_PF00735_38_311	6UPQ_B	CTR_0	29.104	0.538	18.894
Q9NVJ2_PF00025_8_181	2AL7_A	CTR_0	0.373	-1.966	0.926
Q9NWT6_PF13621_48_302	7A1Q_A	CTR_0	20.564	-25.169	6.778
Q9NWW6_PF13238_6_149	2QT1_A	CTR_0	7.769	-14.924	0.983
Q9NWW6_PF13238_6_149	2QT1_A	CTR_1	10.93	-20.83	-9.896
Q9NWX6_PF04446_35_164	3OTB_A	CTR_0	-30.167	-5.7	24.308
Q9NWZ3_PF07714_187_454	6EGE_D	CTR_0	-11.951	-12.933	-8.188
Q9NYL2_PF07714_16_260	5X5O_A	CTR_0	11.23	2.802	9.371
Q9NYN1_PF00071_22_185	3C5C_A	CTR_0	13.43	0.265	18.125
Q9NYV4_PF00069_727_1020	4NST_A	CTR_0	-18.167	-2.671	25.565
Q9NYY3_PF00069_82_334	4I5P_A	CTR_0	9.736	7.264	10.551
Q9NZ08_PF01433_281_524	6Q4R_A	CTR_0	-618.484	378.618	455.355
Q9NZ08_PF11838_597_917	6T6R_A	CTR_0	26.087	50.096	15.5
Q9NZD2_PF08718_18_167	3RZN_A	CTR_0	14.252	-2.938	20.304
Q9NZK5_PF00962_185_499	3LGG_B	CTR_0	-14.645	-4.309	-16.505
Q9NZK7_PF00068_21_128	5Y5E_A	CTR_0	14.681	-19.23	-12.144
Q9NZL9_PF04321_29_324	2YDX_C	CTR_0	1.506	-58.236	12.704
Q9NZL9_PF04321_29_324	2YDX_C	CTR_1	7.202	-53.311	6.135
Q9NZN9_PF00254_26_154	5U9J_A	CTR_0	22.001	-1.175	9.931
Q9P1W9_PF00069_32_286	4X7Q_A	CTR_0	26.954	6.166	2.294
Q9P286_PF00069_449_700	2F57_B	CTR_0	16.979	29.44	7.018
Q9P289_PF00069_24_274	3GGF_B	CTR_0	66.84	11.885	92.726
Q9P2T1_PF00478_9_341	2C6Q_A	CTR_0	13.985	-0.57	22.75
Q9P2T1_PF00478_9_341	2C6Q_A	CTR_1	11.724	4.163	33.259
Q9UBC3_PF00145_575_725	6KDB_D	CTR_0	-52.924	49.016	-3.817
Q9UBC3_PF00855_226_313	5NRR_B	CTR_0	-41.388	86.24	40.727
Q9UBK8_PF00175_542_662	2QTZ_A	CTR_0	37.439	24.781	35.48
Q9UBN7_PF02148_1133_1195	5WPB_A	CTR_0	0.013	3.273	7.721
Q9UBQ7_PF00389_9_327	2GCG_B	CTR_0	23.157	49.571	-18.194
Q9UBQ7_PF02826_116_295	2GCG_D	CTR_0	-10.534	-21.889	-57.316
Q9UBS5_PF00003_586_856	6WIV_A	CTR_0	151.043	149.142	163.048
Q9UBT2_PF00899_2_443	1Y8Q_B	CTR_0	-51.705	1.171	-42.206
Q9UBT2_PF00899_2_443	1Y8Q_B	CTR_1	-38.755	-2.575	-36.135
Q9UBV7_PF13733_80_177	4IRQ_A	CTR_0	5.45	5.122	-32.877
Q9UDX3_PF00650_83_243	4TLG_B	CTR_0	38.5	-21.932	114.574
Q9UDY8_PF00656_342_574	7PAW_B	CTR_0	12.548	2.654	-7.847
Q9UDY8_PF00656_342_574	7PAW_B	CTR_1	-3.788	-6.647	11.329
Q9UG22_PF04548_23_234	2XTM_A	CTR_0	-10.534	-4.924	-47.685
Q9UGL1_PF02373_486_602	5FYZ_A	CTR_0	85.555	63.1	12.803
Q9UH03_PF00735_58_335	4Z54_A	CTR_0	18.249	5.23	-32.488
Q9UHB4_PF00258_8_145	4H2D_B	CTR_0	22.077	-12.253	18.834
Q9UHD2_PF00069_9_299	4EUU_A	CTR_0	-1.413	-8.894	9.439
Q9UHD8_PF00735_295_574	5CYO_A	CTR_0	19.107	-8.496	11.133
Q9UHI8_PF01421_258_467	2JIH_B	CTR_0	38.707	17.388	45.219
Q9UHL4_PF05577_38_465	3N0T_D	CTR_0	26.798	-11.749	85.686
Q9UI17_PF01266_51_414	5L46_A	CTR_0	19.305	-14.994	99.062
Q9UIF8_PF00439_2069_2151	5PB8_A	CTR_0	13.176	40.088	29.734
Q9UIF8_PF00628_1933_1981	6FI1_A	CTR_0	18.823	4.272	5.788
Q9UIF9_PF00439_1802_1885	7B7B_A	CTR_0	9.305	6.672	-8.784
Q9UIF9_PF00628_1678_1726	6FAP_C	CTR_0	16.741	35.91	41.176
Q9UIJ7_PF00406_12_192	6ZJE_A	CTR_0	20.881	-1.515	5.136
Q9UIJ7_PF00406_12_192	6ZJE_A	CTR_1	27.933	0.018	2.268
Q9UIK4_PF00069_23_285	2CKE_D	CTR_0	-61.057	-36.841	68.978
Q9UIQ6_PF01433_392_610	5MJ6_A	CTR_0	13.033	-35.76	-25.298
Q9UJM8_PF01070_15_362	6GMC_A	CTR_0	9.574	27.113	-53.015
Q9UJM8_PF01070_15_362	6GMC_A	CTR_1	4.967	33.786	-48.782
Q9UJM8_PF01070_15_362	6GMC_A	CTR_2	3.382	44.982	-52.139
Q9UK32_PF00069_73_330	6G77_A	CTR_0	-12.952	10.555	-15.771
Q9UK32_PF00069_73_330	6G77_A	CTR_1	-33.341	7.406	-17.864
Q9UK39_PF03372_146_414	6NF0_A	CTR_0	-2.259	-25.277	5.233
Q9UKE5_PF00069_25_289	6RA7_A	CTR_0	10.504	10.226	6.781
Q9UKF6_PF00753_20_262	6M8Q_B	CTR_0	-30.997	-22.911	-74.677
Q9UKL6_PF01852_10_213	1LN1_A	CTR_0	51.0	48.38	18.018
Q9UL25_PF00071_21_182	1Z08_D	CTR_0	43.195	62.354	66.486
Q9UL51_PF00027_562_645	3U10_A	CTR_0	-6.895	-18.624	-7.596
Q9UL52_PF00089_192_417	2OQ5_A	CTR_0	-6.881	23.115	22.963
Q9ULI0_PF00439_967_1049	6VEO_A	CTR_0	-14.114	37.493	-16.85
Q9ULW5_PF00071_65_227	2G6B_A	CTR_0	13.31	12.059	18.745
Q9ULX7_PF00194_28_278	5CJF_A	CTR_0	67.757	37.504	-2.106
Q9UM73_PF07714_1116_1383	7BTT_A	CTR_0	4.761	18.223	8.313
Q9UM73_PF07714_1116_1383	7BTT_A	CTR_1	18.663	4.015	14.82
Q9UNA0_PF01421_267_476	3HYG_A	CTR_0	14.465	3.47	-5.589
Q9UNN8_PF16497_1_199	1LQV_B	CTR_0	14.75	36.078	58.256
Q9UNQ2_PF00398_27_274	1ZQ9_B	CTR_0	-21.561	-33.893	23.893
Q9UQB9_PF00069_43_293	6GR8_A	CTR_0	25.755	7.865	-2.659
Q9UQB9_PF00069_43_293	6GR8_A	CTR_1	25.271	10.076	-9.149
Q9UQM7_PF00069_13_271	2VZ6_A	CTR_0	51.818	63.116	17.709
Q9UQM7_PF08332_346_473	7REC_B	CTR_0	34.153	47.747	24.365
Q9Y230_PF06068_21_365	7OLE_B	CTR_0	151.651	110.606	202.424
Q9Y233_PF00233_514_745	2OUR_A	CTR_0	3.97	13.231	40.809
Q9Y233_PF01590_266_412	2ZMF_B	CTR_0	-19.997	14.212	85.441
Q9Y251_PF03662_146_370	5LA7_A	CTR_0	33.578	4.776	24.434
Q9Y265_PF06068_14_369	5OAF_A	CTR_0	145.655	189.976	166.8
Q9Y2J2_PF00373_191_301	5RYS_A	CTR_0	8.353	-3.473	-35.746
Q9Y2J2_PF09380_305_395	5RZG_A	CTR_0	-9.334	4.887	-5.354
Q9Y2N7_PF08447_251_338	4WN5_B	CTR_0	0.512	-47.689	-11.976
Q9Y2Q3_PF01323_7_211	3RPN_B	CTR_0	-7.607	-38.142	23.19
Q9Y2R4_PF00270_189_363	3DKP_A	CTR_0	26.596	3.117	33.17
Q9Y2S2_PF02737_8_190	3F3S_A	CTR_0	-24.022	3.966	-11.514
Q9Y2T3_PF01979_73_447	4AQL_A	CTR_0	4.801	-25.638	2.48
Q9Y337_PF00089_67_285	6QFE_A	CTR_0	-3.491	-15.16	67.773
Q9Y3Q4_PF00027_613_696	3OTF_A	CTR_0	-22.497	-21.156	13.991
Q9Y468_PF02820_417_485	6BYB_A	CTR_0	16.025	47.318	-1.033
Q9Y4U1_PF16690_20_234	3SC0_A	CTR_0	45.287	-8.884	10.269
Q9Y4U1_PF16690_20_234	3SC0_A	CTR_1	41.66	-8.681	27.251
Q9Y530_PF01661_31_136	4J5R_A	CTR_0	4.505	67.994	9.782
Q9Y572_PF00069_21_283	7MX3_A	CTR_0	10.656	21.729	22.764
Q9Y5A9_PF04146_410_545	4RDN_A	CTR_0	-11.626	-29.29	10.734
Q9Y5K2_PF00089_31_247	2BDG_A	CTR_0	32.816	42.918	-1.757
Q9Y5N5_PF05175_16_141	6KHS_A	CTR_0	11.033	34.342	73.29
Q9Y5P4_PF01852_400_619	2E3N_A	CTR_0	7.219	27.81	-7.098
Q9Y5S2_PF00069_76_342	5OTE_A	CTR_0	16.149	0.757	28.824
Q9Y5X0_PF00787_40_124	4PZG_B	CTR_0	11.25	102.901	4.044
Q9Y5Y6_PF00089_615_849	3NCL_A	CTR_0	20.232	29.517	24.85
Q9Y616_PF00069_165_443	6ZIW_I	CTR_0	27.627	-27.917	-8.218
Q9Y663_PF00685_152_399	6XKG_B	CTR_0	26.855	-54.944	45.265
Q9Y689_PF00025_5_176	1ZJ6_A	CTR_0	5.169	23.986	33.164
Q9Y697_PF00266_59_422	6WI2_A	CTR_0	45.404	66.01	101.183
Q9Y6A2_PF00067_34_484	4J14_A	CTR_0	-1.249	-29.797	-15.085
Q9Y6E0_PF00069_36_286	4QMT_A	CTR_0	24.523	9.82	72.642
Q9Y6K1_PF00145_634_776	6W8B_D	CTR_0	35.735	54.516	9.958
Q9Y6K1_PF00855_293_377	3LLR_D	CTR_0	15.722	62.449	28.921
Q9Y6M4_PF00069_43_296	2IZR_A	CTR_0	8.234	32.473	26.454
Q9Y6N5_PF07992_44_192	6OIB_B	CTR_0	13.953	60.764	-9.628
Q9Y6W6_PF00782_329_461	6MC1_D	CTR_0	67.942	-41.813	-36.345
Q9Y6X9_PF13589_26_169	5OF9_B	CTR_0	-8.422	-55.248	-19.971
